"NK_ApplicationComment","NK_Codetable","NK_Indication"
"4A714BA1-C0B0-47A2-B1D6-34A60EA62B0F","","06FB0FEF-F906-4371-BC29-6BF851DAE6EB"
"5751CA8C-E5E9-44EF-977A-CB3C932F8FC6","","079FADE0-8156-4312-9351-04912DDB451B"
"16639104-DA19-4065-9B1B-4AAC2F08263A","","14D2BAC5-06A0-4D38-8D19-5C807CDB398B"
"19A51736-0E93-4B18-ABC9-EAE20FC5A047","","1AD1A2CC-64C8-4575-A7CE-99205B15128C"
"41B06697-F5DB-4E46-A6E7-6F17878222F2","","3E2D5C86-A671-4619-BA7C-366127A0F6D6"
"5751CA8C-E5E9-44EF-977A-CB3C932F8FC6","","47364404-5691-48E2-89CD-F51EA0E73C33"
"4A714BA1-C0B0-47A2-B1D6-34A60EA62B0F","","4C086438-7DA2-4011-90FA-79310E9E1515"
"5751CA8C-E5E9-44EF-977A-CB3C932F8FC6","","50E62913-CA28-401C-8D48-6FDC9A625E4D"
"5751CA8C-E5E9-44EF-977A-CB3C932F8FC6","","5682A005-5154-48FF-A5B1-6E174C905771"
"5751CA8C-E5E9-44EF-977A-CB3C932F8FC6","","6A3DF974-992F-4BE9-ACDD-3490CE64BB26"
"5751CA8C-E5E9-44EF-977A-CB3C932F8FC6","","7C67681C-AF4C-408B-ACA3-245B14C19686"
"4A714BA1-C0B0-47A2-B1D6-34A60EA62B0F","","81FC292B-CE1A-4C49-B340-DD724617B358"
"19A51736-0E93-4B18-ABC9-EAE20FC5A047","","B6B4F674-BBC3-4C97-B5A5-3E0F6A03C6EC"
"EDE67C3E-051B-4602-9534-BFCFC2A6CAB1","","D32EC6E7-0A4E-44E1-A2D2-9D6DBB8E3D6B"
"5751CA8C-E5E9-44EF-977A-CB3C932F8FC6","","EFFD1C23-80E0-4527-96B2-4E87C10C498B"
"9EE6ACE1-CC13-49D8-BD17-A9330DCA666B","000F94EB-0CC1-4545-BE89-BDD88D84C04E","36C52EB7-441A-4E3C-9E96-1AF0CC704EF9"
"9EE6ACE1-CC13-49D8-BD17-A9330DCA666B","000F94EB-0CC1-4545-BE89-BDD88D84C04E","457B805A-9748-4D68-B02F-4BC4A05E2FCD"
"9EE6ACE1-CC13-49D8-BD17-A9330DCA666B","000F94EB-0CC1-4545-BE89-BDD88D84C04E","C5656557-78DE-453F-A7A9-4C34D7E797C6"
"9EE6ACE1-CC13-49D8-BD17-A9330DCA666B","000F94EB-0CC1-4545-BE89-BDD88D84C04E","D4A385BD-2575-48B1-B6E7-9D838E187D6D"
"9EE6ACE1-CC13-49D8-BD17-A9330DCA666B","000F94EB-0CC1-4545-BE89-BDD88D84C04E","FE49F522-8D84-41D1-A19C-FC97C183B376"
"1D2E38E9-CB77-468C-9BED-51BFB7C89FBC","00459AF5-00A6-4D18-AABD-7DA993B55A68","02ca3d0c-2eb5-47d5-b183-e3895190ce3b"
"1D2E38E9-CB77-468C-9BED-51BFB7C89FBC","00459AF5-00A6-4D18-AABD-7DA993B55A68","12531972-A376-48F4-B821-92A21196153B"
"1D2E38E9-CB77-468C-9BED-51BFB7C89FBC","00459AF5-00A6-4D18-AABD-7DA993B55A68","16A600D3-2925-4AC2-BED0-67489FD5ED26"
"1D2E38E9-CB77-468C-9BED-51BFB7C89FBC","00459AF5-00A6-4D18-AABD-7DA993B55A68","35276E7C-6BDF-4F1D-93A9-3DCC2BB49C43"
"1D2E38E9-CB77-468C-9BED-51BFB7C89FBC","00459AF5-00A6-4D18-AABD-7DA993B55A68","74049B78-71B4-4749-86E7-F86ADBFF89A4"
"1D2E38E9-CB77-468C-9BED-51BFB7C89FBC","00459AF5-00A6-4D18-AABD-7DA993B55A68","79B220EA-1587-4475-A592-5D8A5C56F588"
"1D2E38E9-CB77-468C-9BED-51BFB7C89FBC","00459AF5-00A6-4D18-AABD-7DA993B55A68","90AAEF91-2703-4122-803F-064FE7A0FCCB"
"1D2E38E9-CB77-468C-9BED-51BFB7C89FBC","00459AF5-00A6-4D18-AABD-7DA993B55A68","ba35f825-5d65-4a3d-a846-5a02133d28a2"
"1D2E38E9-CB77-468C-9BED-51BFB7C89FBC","00459AF5-00A6-4D18-AABD-7DA993B55A68","E17F1663-F24E-408F-B6DE-41B1FE45B42B"
"1D2E38E9-CB77-468C-9BED-51BFB7C89FBC","00459AF5-00A6-4D18-AABD-7DA993B55A68","E438D687-8C38-4014-9412-F644F944F859"
"E2608CE0-0C6D-4FC6-BBFE-BD4CC3C9259C","005055A9-67BF-4C14-A78D-205E890E504C","17165184-3F32-45B6-9FEC-E4BD9E9F0DBC"
"E2608CE0-0C6D-4FC6-BBFE-BD4CC3C9259C","005055A9-67BF-4C14-A78D-205E890E504C","1EE28EF6-18FA-44D0-877C-0604F85B3E4D"
"E2608CE0-0C6D-4FC6-BBFE-BD4CC3C9259C","005055A9-67BF-4C14-A78D-205E890E504C","24FCBB92-40C6-4BD7-A08C-3CB7D4AE39D5"
"E2608CE0-0C6D-4FC6-BBFE-BD4CC3C9259C","005055A9-67BF-4C14-A78D-205E890E504C","6231097A-3675-4A48-960D-1D5ECE171A4A"
"E2608CE0-0C6D-4FC6-BBFE-BD4CC3C9259C","005055A9-67BF-4C14-A78D-205E890E504C","AB92CB42-9677-4C42-A31D-6B874FD6D7F7"
"E2608CE0-0C6D-4FC6-BBFE-BD4CC3C9259C","005055A9-67BF-4C14-A78D-205E890E504C","BECD1328-8273-406F-9581-CD3BC5B9CE26"
"E2608CE0-0C6D-4FC6-BBFE-BD4CC3C9259C","005055A9-67BF-4C14-A78D-205E890E504C","D080F5D5-C6A6-4C8A-AEC8-147E47597A49"
"PER","00CAEAC80337A24BB89B73D04691BC8A1BED","8119aa71-220e-4d4c-92f0-b2edfa95f367"
"DC5C2793-6CE6-4893-B3AA-EE4C51260321","01324A40-187D-42FD-B764-B8BE3D1F7B87","3A1BF97C-A19B-435F-BB34-E7DC7FCE9B3F"
"DC5C2793-6CE6-4893-B3AA-EE4C51260321","01324A40-187D-42FD-B764-B8BE3D1F7B87","4B942447-51E6-4A82-B2DF-14D372CC5BBD"
"DC5C2793-6CE6-4893-B3AA-EE4C51260321","01324A40-187D-42FD-B764-B8BE3D1F7B87","630BC058-D9DE-4DE7-8C49-A080A7E4F566"
"DC5C2793-6CE6-4893-B3AA-EE4C51260321","01324A40-187D-42FD-B764-B8BE3D1F7B87","7DA4D2D2-54A6-407F-8A8B-DC8179C0BBB4"
"DC5C2793-6CE6-4893-B3AA-EE4C51260321","01324A40-187D-42FD-B764-B8BE3D1F7B87","95A4B605-502B-482E-AFEB-B19E88E74B2C"
"DC5C2793-6CE6-4893-B3AA-EE4C51260321","01324A40-187D-42FD-B764-B8BE3D1F7B87","EC2E60D1-AADF-44CE-8EEA-EB64DE48B68F"
"BBCHStadium","015EE13554161D55C7B8A8E060341D534F40","08407c2b-4527-4e03-be1b-68b4cd666963"
"BD23D1D5-816F-49BE-A9E9-A42059374474","018718C1-2D74-42A6-B8E0-23F48C7AB8E4","0F5AD2F1-AE4E-4852-A5E9-BBF3A56B4D41"
"BD23D1D5-816F-49BE-A9E9-A42059374474","018718C1-2D74-42A6-B8E0-23F48C7AB8E4","3C57C024-7265-457D-9584-3B995A5A16FC"
"BD23D1D5-816F-49BE-A9E9-A42059374474","018718C1-2D74-42A6-B8E0-23F48C7AB8E4","71E3DB72-CD7F-4382-AEDC-2F07B689A963"
"BD23D1D5-816F-49BE-A9E9-A42059374474","018718C1-2D74-42A6-B8E0-23F48C7AB8E4","96FF506C-D2D7-448C-96CC-E36BF05E64E2"
"BD23D1D5-816F-49BE-A9E9-A42059374474","018718C1-2D74-42A6-B8E0-23F48C7AB8E4","AC74863A-CFD7-405E-8D33-A74BC007C4C7"
"BD23D1D5-816F-49BE-A9E9-A42059374474","018718C1-2D74-42A6-B8E0-23F48C7AB8E4","BD3929CC-7952-46E6-892C-7DC6AE3A9ECD"
"BD23D1D5-816F-49BE-A9E9-A42059374474","018718C1-2D74-42A6-B8E0-23F48C7AB8E4","C791DD27-7F02-4BB7-85A9-A8E15C5E9360"
"BD23D1D5-816F-49BE-A9E9-A42059374474","018718C1-2D74-42A6-B8E0-23F48C7AB8E4","D9EB1FB9-47CA-4D5C-BB0B-349154E384E3"
"BD23D1D5-816F-49BE-A9E9-A42059374474","018718C1-2D74-42A6-B8E0-23F48C7AB8E4","DA2E8ABA-F4BC-42EB-BEA5-74CE73A9C4DA"
"BD23D1D5-816F-49BE-A9E9-A42059374474","018718C1-2D74-42A6-B8E0-23F48C7AB8E4","E58CC7A3-0035-46F4-9782-8CBCEE36C0F3"
"BD23D1D5-816F-49BE-A9E9-A42059374474","018718C1-2D74-42A6-B8E0-23F48C7AB8E4","F70C28CC-CA95-43C9-8798-26563C258799"
"8A126590-E39A-4A21-8DDC-6C4454487BB7","01C01837-D101-4CA7-94C2-ACD59DEDF4F1","A17B3663-1F44-42A4-9066-A99F88E0A6D1"
"8A126590-E39A-4A21-8DDC-6C4454487BB7","01C01837-D101-4CA7-94C2-ACD59DEDF4F1","CB38E120-2D21-482E-B0F2-54CFF10BFCF9"
"AEA19899-CBFE-4180-86C4-D529BADC051E","0245EB55-08AF-432F-8FBA-F27E218509ED","67c29a7d-29f2-4739-a5f4-13311bceecac"
"7181BB89-7849-436A-AE71-1339C846814E","02D915EE-FE03-4C09-92E4-A81AC0B2DE50","11523942-F73E-4FB5-886F-1F259DFA4014"
"7181BB89-7849-436A-AE71-1339C846814E","02D915EE-FE03-4C09-92E4-A81AC0B2DE50","1F694286-B098-4A24-85A5-5B63F7D95CB0"
"7181BB89-7849-436A-AE71-1339C846814E","02D915EE-FE03-4C09-92E4-A81AC0B2DE50","AB6597EF-5ED5-4CF5-8E0B-78ACC88DEC54"
"7181BB89-7849-436A-AE71-1339C846814E","02D915EE-FE03-4C09-92E4-A81AC0B2DE50","E92990D3-C8EC-4043-9BD4-BC622FBEF070"
"7181BB89-7849-436A-AE71-1339C846814E","02D915EE-FE03-4C09-92E4-A81AC0B2DE50","EFDA0343-5D47-44A7-8B19-7995D455A386"
"7181BB89-7849-436A-AE71-1339C846814E","02D915EE-FE03-4C09-92E4-A81AC0B2DE50","F30C6332-3188-427F-8515-1E51F27658C1"
"018BF2ED-F4E7-4BA3-9087-F922A5340527","02DDBFF0-EBE5-4950-80E2-556273CE4763","52580AD0-38CB-4413-86B0-8931CC29C52C"
"018BF2ED-F4E7-4BA3-9087-F922A5340527","02DDBFF0-EBE5-4950-80E2-556273CE4763","5FE0BFE0-44F7-4A32-8E1B-2DFC8F06C63B"
"018BF2ED-F4E7-4BA3-9087-F922A5340527","02DDBFF0-EBE5-4950-80E2-556273CE4763","6EF2AF0E-9F88-4E84-8A9C-71AC5D6FDFC4"
"018BF2ED-F4E7-4BA3-9087-F922A5340527","02DDBFF0-EBE5-4950-80E2-556273CE4763","981B23E7-03D3-4333-B4C1-DF79953D1750"
"018BF2ED-F4E7-4BA3-9087-F922A5340527","02DDBFF0-EBE5-4950-80E2-556273CE4763","E4336A2A-E365-48E4-8193-C791379FDDF6"
"D0E2A47A-7215-48B0-8841-5BF972E081A4","02EB7D5E-E9DE-4657-BE65-6C1C2225CA27","00813B99-E859-414A-9DED-A57B89330B3E"
"D0E2A47A-7215-48B0-8841-5BF972E081A4","02EB7D5E-E9DE-4657-BE65-6C1C2225CA27","0ECD7237-4F3A-48BC-BAE2-8D65C7214E04"
"D0E2A47A-7215-48B0-8841-5BF972E081A4","02EB7D5E-E9DE-4657-BE65-6C1C2225CA27","2C3E93EE-8595-40F9-916C-DC6146F7941E"
"D0E2A47A-7215-48B0-8841-5BF972E081A4","02EB7D5E-E9DE-4657-BE65-6C1C2225CA27","39A3557F-5F30-4296-8F1C-C973CE8D107D"
"D0E2A47A-7215-48B0-8841-5BF972E081A4","02EB7D5E-E9DE-4657-BE65-6C1C2225CA27","5A624F2B-7AF6-4FE8-AF21-5514255D3541"
"D0E2A47A-7215-48B0-8841-5BF972E081A4","02EB7D5E-E9DE-4657-BE65-6C1C2225CA27","74306e3a-9ac5-4c30-9599-407872c44724"
"D0E2A47A-7215-48B0-8841-5BF972E081A4","02EB7D5E-E9DE-4657-BE65-6C1C2225CA27","7C7883EE-D53C-42D2-8B8F-2EA0A2EA21FA"
"D0E2A47A-7215-48B0-8841-5BF972E081A4","02EB7D5E-E9DE-4657-BE65-6C1C2225CA27","89527C8A-0FFE-49CE-A055-46B5C623E324"
"D0E2A47A-7215-48B0-8841-5BF972E081A4","02EB7D5E-E9DE-4657-BE65-6C1C2225CA27","A447A3F4-2BE8-45AA-878F-56843570FF99"
"D0E2A47A-7215-48B0-8841-5BF972E081A4","02EB7D5E-E9DE-4657-BE65-6C1C2225CA27","B6EB6702-02F0-4E75-B290-F4EB13752845"
"D0E2A47A-7215-48B0-8841-5BF972E081A4","02EB7D5E-E9DE-4657-BE65-6C1C2225CA27","C48A3130-3738-4D5F-AFC1-414A248D12C1"
"D0E2A47A-7215-48B0-8841-5BF972E081A4","02EB7D5E-E9DE-4657-BE65-6C1C2225CA27","D190FDF8-6E11-4CE2-B61F-DDEC5EC08893"
"D0E2A47A-7215-48B0-8841-5BF972E081A4","02EB7D5E-E9DE-4657-BE65-6C1C2225CA27","D6C1A8CF-210C-4282-B307-1C7CBA0C2D52"
"D0E2A47A-7215-48B0-8841-5BF972E081A4","02EB7D5E-E9DE-4657-BE65-6C1C2225CA27","D751F1E5-D74D-4BF8-BB76-2E5A657D96E8"
"D0E2A47A-7215-48B0-8841-5BF972E081A4","02EB7D5E-E9DE-4657-BE65-6C1C2225CA27","F54C1DC6-DC9C-48D0-93F6-3ED5722BD56E"
"5A9C13BF-8758-4089-9EA1-2F39907BA692","034FAC5F-EA4F-4D05-9A3A-F424A43D495A","676639E8-790C-4705-8AB7-28688487EC07"
"6E0B799C-85B5-4860-B5FD-22992276A749","03ED7785-6AC0-46ED-AD9A-D77409FD1DAC","05D2B614-7CA8-4445-801E-D62CF5998C5C"
"6E0B799C-85B5-4860-B5FD-22992276A749","03ED7785-6AC0-46ED-AD9A-D77409FD1DAC","D3E0A59D-07F6-4CC6-A9C5-C1564089E1AF"
"PER","043F86780EAF3B8B684D5FAFABDA9AF35144","f6c4b7a1-4150-4b10-a1ab-d38be99d4357"
"E59DCB81-F826-4596-ACFE-CD756AC17906","04A3DC94-A480-44F2-8908-E12889B6E19D","1117017C-FB9B-4210-AB46-761A4C081BF3"
"E59DCB81-F826-4596-ACFE-CD756AC17906","04A3DC94-A480-44F2-8908-E12889B6E19D","153E27C6-0FBB-4B68-BC68-6D6ED9E17CC5"
"E59DCB81-F826-4596-ACFE-CD756AC17906","04A3DC94-A480-44F2-8908-E12889B6E19D","4ABE6B62-2905-4657-A7FE-883F46379A7D"
"E59DCB81-F826-4596-ACFE-CD756AC17906","04A3DC94-A480-44F2-8908-E12889B6E19D","4B868400-C35B-47EC-A41C-728A03F284A1"
"E59DCB81-F826-4596-ACFE-CD756AC17906","04A3DC94-A480-44F2-8908-E12889B6E19D","81F2C2AD-7F09-4C30-9787-DC7E9AE6C593"
"E59DCB81-F826-4596-ACFE-CD756AC17906","04A3DC94-A480-44F2-8908-E12889B6E19D","8B54D119-31C6-458B-B06E-E105784501DB"
"E59DCB81-F826-4596-ACFE-CD756AC17906","04A3DC94-A480-44F2-8908-E12889B6E19D","A65F76C1-B2FD-458C-A67F-451EE40AC2BF"
"E59DCB81-F826-4596-ACFE-CD756AC17906","04A3DC94-A480-44F2-8908-E12889B6E19D","A8144A5F-9ADF-4686-A375-5F835534B8F7"
"E59DCB81-F826-4596-ACFE-CD756AC17906","04A3DC94-A480-44F2-8908-E12889B6E19D","A9CF9730-72A1-4B5D-9988-834AC3EDE205"
"E59DCB81-F826-4596-ACFE-CD756AC17906","04A3DC94-A480-44F2-8908-E12889B6E19D","AA658FB6-9CED-4BFC-896C-B4BC9B780F69"
"E59DCB81-F826-4596-ACFE-CD756AC17906","04A3DC94-A480-44F2-8908-E12889B6E19D","C0407429-4929-4D72-9FF0-E3F3A8743691"
"E59DCB81-F826-4596-ACFE-CD756AC17906","04A3DC94-A480-44F2-8908-E12889B6E19D","E75FD44E-C2EE-4534-B730-88EE82AEBBD2"
"E59DCB81-F826-4596-ACFE-CD756AC17906","04A3DC94-A480-44F2-8908-E12889B6E19D","EC51644D-807A-43AC-A850-D557F981FE3E"
"CA1E32D7-0122-4C24-A7FE-1197E52E190F","04C5FF65-55D5-4FB9-ADB4-AF41C9DA6E6C","5CF39558-5E9C-4FF5-9A07-F21FE9A56AF3"
"CA1E32D7-0122-4C24-A7FE-1197E52E190F","04C5FF65-55D5-4FB9-ADB4-AF41C9DA6E6C","5EAB7976-5F1B-4B39-A30B-2462DEDE52CD"
"CA1E32D7-0122-4C24-A7FE-1197E52E190F","04C5FF65-55D5-4FB9-ADB4-AF41C9DA6E6C","B0FDB5DB-E83C-4DAF-9046-AF7B2CD42E1D"
"CA1E32D7-0122-4C24-A7FE-1197E52E190F","04C5FF65-55D5-4FB9-ADB4-AF41C9DA6E6C","E4D0AD7E-2C80-40D7-B5A7-46F29DAF9E34"
"D3C18AE0-5FE8-4FBC-A2EC-02C33292175E","056A0617-A3AD-4AC5-82AA-39C068A2397E","7B72D697-BC62-4A1C-B202-6C9E5D122AD5"
"62801503-522F-4E77-B5ED-07B7A01B5ADA","05CC4F2F-CD55-43FC-B26F-CBD498D6F968","1040008D-B544-41D9-9F0E-7E8C0C11A472"
"62801503-522F-4E77-B5ED-07B7A01B5ADA","05CC4F2F-CD55-43FC-B26F-CBD498D6F968","2DB80683-C88A-476A-9C53-9EEA64072A50"
"62801503-522F-4E77-B5ED-07B7A01B5ADA","05CC4F2F-CD55-43FC-B26F-CBD498D6F968","4228BE20-9E9E-4696-B41C-3CCED1E17E43"
"62801503-522F-4E77-B5ED-07B7A01B5ADA","05CC4F2F-CD55-43FC-B26F-CBD498D6F968","7FFFF09C-7919-4F0F-9E4E-0DE380FACFCF"
"62801503-522F-4E77-B5ED-07B7A01B5ADA","05CC4F2F-CD55-43FC-B26F-CBD498D6F968","9B3D47B9-8156-42D9-BF83-52E7CE82B96D"
"62801503-522F-4E77-B5ED-07B7A01B5ADA","05CC4F2F-CD55-43FC-B26F-CBD498D6F968","B1542DB7-0D9C-4B6B-8D2D-8F370FDD30E1"
"62801503-522F-4E77-B5ED-07B7A01B5ADA","05CC4F2F-CD55-43FC-B26F-CBD498D6F968","F3371849-A50E-401E-8D3F-2AE1AA72A6B2"
"62801503-522F-4E77-B5ED-07B7A01B5ADA","05CC4F2F-CD55-43FC-B26F-CBD498D6F968","F65794CE-547F-4A25-BB85-18E60D1D6DD4"
"62801503-522F-4E77-B5ED-07B7A01B5ADA","05CC4F2F-CD55-43FC-B26F-CBD498D6F968","FA94348B-8942-47DE-AEBF-2B8920204270"
"EB409324-A6A7-46C5-97E4-5075127F8F14","05EBBEC7-7576-40F1-8790-217600FC304B","566A043D-D03D-4D1D-B2AF-347B74E0DDFB"
"8BC6E99F-8C30-432A-BC32-5F3DD1E685AE","060A7A78-F23B-4378-8A91-3CE45C135902","40BE8BD8-84A4-448F-8D86-F11A1CCA47C5"
"8BC6E99F-8C30-432A-BC32-5F3DD1E685AE","060A7A78-F23B-4378-8A91-3CE45C135902","597E3F21-D1D4-4759-97A0-C5A5F8E66C60"
"C9A00F98-605A-4B84-B4E1-9DDFBC04EDC1","062A0C07-B0E5-454D-9302-EF1AE9A43A4F","24CC08AC-9710-4E20-83E0-97CCC67F6F09"
"C9A00F98-605A-4B84-B4E1-9DDFBC04EDC1","062A0C07-B0E5-454D-9302-EF1AE9A43A4F","7A032C68-CEDC-411A-835B-EE92A61AAC6B"
"1AE13265-9A34-4325-9D7D-105F241A291F","0643128A-5151-46DF-84BF-E9479E2123CC","96C43D5F-C56B-4329-AEED-C28660717313"
"1AE13265-9A34-4325-9D7D-105F241A291F","0643128A-5151-46DF-84BF-E9479E2123CC","9e6a64f3-00cd-4b4e-ade0-ee166749a89c"
"C76CE22C-F475-45A2-A6E3-FB2CB62C698A","068FAC83-F148-49B4-A4F6-98ABE8408C15","011E4269-AD0A-475C-936C-D150964A1A4B"
"C76CE22C-F475-45A2-A6E3-FB2CB62C698A","068FAC83-F148-49B4-A4F6-98ABE8408C15","4F1D6AA7-3A3E-4FF0-9676-097D39275AA9"
"C76CE22C-F475-45A2-A6E3-FB2CB62C698A","068FAC83-F148-49B4-A4F6-98ABE8408C15","907CADE1-C512-40F0-B0FC-B2F4B38F6D43"
"C76CE22C-F475-45A2-A6E3-FB2CB62C698A","068FAC83-F148-49B4-A4F6-98ABE8408C15","CEC3F730-DF39-40C1-8A7D-0668C2380D48"
"B9DD10A9-0216-4F3C-A74D-8F65998D2BDE","06A4AA38-D625-46BF-BFCC-397F146E3B2F","176F5F3D-332C-4B93-87B9-9C5CCCA3C717"
"B9DD10A9-0216-4F3C-A74D-8F65998D2BDE","06A4AA38-D625-46BF-BFCC-397F146E3B2F","33CC34F3-7504-4C44-A71B-147994DFA0AA"
"ED91B0C9-7AEA-42A8-8027-D6E87C1DE4B5","06D8F638-FD44-4387-BB95-A457A149BF15","769ABD93-00D4-4161-8B4E-9DE35B92D385"
"ED91B0C9-7AEA-42A8-8027-D6E87C1DE4B5","06D8F638-FD44-4387-BB95-A457A149BF15","d5612fa1-824e-48c0-a087-f7752b5e2270"
"D76BF603-6600-4BD0-AE86-87105643F453","06EE2288-3FAE-47E4-9478-7E49EF420CC0","06EF6B34-5057-4671-8A7F-1A4859F19589"
"D76BF603-6600-4BD0-AE86-87105643F453","06EE2288-3FAE-47E4-9478-7E49EF420CC0","0933DED0-2AC8-42F0-B896-DDC54FB276D5"
"D76BF603-6600-4BD0-AE86-87105643F453","06EE2288-3FAE-47E4-9478-7E49EF420CC0","18106B60-194A-4361-8954-2362B25975AE"
"D76BF603-6600-4BD0-AE86-87105643F453","06EE2288-3FAE-47E4-9478-7E49EF420CC0","254A7A83-8FFC-4484-B884-4A31817E5798"
"D76BF603-6600-4BD0-AE86-87105643F453","06EE2288-3FAE-47E4-9478-7E49EF420CC0","2AFC6BC9-C5D2-4158-A1C2-4B3D11800F9D"
"D76BF603-6600-4BD0-AE86-87105643F453","06EE2288-3FAE-47E4-9478-7E49EF420CC0","5A2AD226-BA7C-4401-A0B0-581CC2E8C1AF"
"D76BF603-6600-4BD0-AE86-87105643F453","06EE2288-3FAE-47E4-9478-7E49EF420CC0","75847C8B-4E86-4AF8-86CC-D46873408B47"
"D76BF603-6600-4BD0-AE86-87105643F453","06EE2288-3FAE-47E4-9478-7E49EF420CC0","76DC40A7-DB01-487B-8F51-2D4BA5B82378"
"D76BF603-6600-4BD0-AE86-87105643F453","06EE2288-3FAE-47E4-9478-7E49EF420CC0","7B5CA310-C010-4C44-83EB-67761E72BA3D"
"D76BF603-6600-4BD0-AE86-87105643F453","06EE2288-3FAE-47E4-9478-7E49EF420CC0","839A530D-4109-4914-9A8A-6173E5BF645C"
"D76BF603-6600-4BD0-AE86-87105643F453","06EE2288-3FAE-47E4-9478-7E49EF420CC0","8487eebc-02eb-4ad1-b7cf-4db01477a12e"
"D76BF603-6600-4BD0-AE86-87105643F453","06EE2288-3FAE-47E4-9478-7E49EF420CC0","92A837A6-EC96-40F3-8FC8-C3609C0305E2"
"D76BF603-6600-4BD0-AE86-87105643F453","06EE2288-3FAE-47E4-9478-7E49EF420CC0","959D5330-E1EB-4A41-809F-EECCA8E95DB7"
"D76BF603-6600-4BD0-AE86-87105643F453","06EE2288-3FAE-47E4-9478-7E49EF420CC0","9B158841-22C4-4435-9DBD-FE209CDB1723"
"D76BF603-6600-4BD0-AE86-87105643F453","06EE2288-3FAE-47E4-9478-7E49EF420CC0","9D00D042-27D6-4294-9669-B9808A04CDED"
"D76BF603-6600-4BD0-AE86-87105643F453","06EE2288-3FAE-47E4-9478-7E49EF420CC0","AD7D61A1-CE09-4011-9E1E-F55E01CE5563"
"D76BF603-6600-4BD0-AE86-87105643F453","06EE2288-3FAE-47E4-9478-7E49EF420CC0","B2DB03E0-CC0A-41F6-AAAE-FD7E40AB1882"
"D76BF603-6600-4BD0-AE86-87105643F453","06EE2288-3FAE-47E4-9478-7E49EF420CC0","C5BDF5E4-C512-4793-BFFB-BD3464350CFE"
"D76BF603-6600-4BD0-AE86-87105643F453","06EE2288-3FAE-47E4-9478-7E49EF420CC0","CC73BA38-C0CF-47AF-A9F4-ED96085EB8FE"
"D76BF603-6600-4BD0-AE86-87105643F453","06EE2288-3FAE-47E4-9478-7E49EF420CC0","DCBF9A73-847B-44C6-8FCF-9449559073B8"
"D76BF603-6600-4BD0-AE86-87105643F453","06EE2288-3FAE-47E4-9478-7E49EF420CC0","F94B0161-C1E7-4A3F-851E-0A330A4F79BB"
"0360EA4E-E9E6-4E72-A4F9-F6E44FAA373D","076A99A9-954E-4EC0-A1E3-E602DEF1D31F","11B9D342-449A-4C39-AEEC-022D49C96BAA"
"0360EA4E-E9E6-4E72-A4F9-F6E44FAA373D","076A99A9-954E-4EC0-A1E3-E602DEF1D31F","2E64A5AE-1F8A-46AB-8EC7-6EC477D622C2"
"0360EA4E-E9E6-4E72-A4F9-F6E44FAA373D","076A99A9-954E-4EC0-A1E3-E602DEF1D31F","322CCF12-CE96-41A0-A728-214168AB7886"
"A3B93242-1A92-4BFD-AD85-944C79C1AF32","079F653B-FA74-4298-A27E-272D6343284D","01CDED89-D1E6-4A2D-AC45-85F237389459"
"A3B93242-1A92-4BFD-AD85-944C79C1AF32","079F653B-FA74-4298-A27E-272D6343284D","036E886F-5674-46E1-8C2C-D17A9F5037B9"
"A3B93242-1A92-4BFD-AD85-944C79C1AF32","079F653B-FA74-4298-A27E-272D6343284D","0522445d-9e83-4475-be0e-61eed31032c9"
"A3B93242-1A92-4BFD-AD85-944C79C1AF32","079F653B-FA74-4298-A27E-272D6343284D","0699B088-0E3F-4CF5-AC55-AA4B188A645F"
"A3B93242-1A92-4BFD-AD85-944C79C1AF32","079F653B-FA74-4298-A27E-272D6343284D","07BA15EB-361D-4C9A-AEEF-15F7866139C0"
"A3B93242-1A92-4BFD-AD85-944C79C1AF32","079F653B-FA74-4298-A27E-272D6343284D","097256FB-BA9B-4F5E-9647-FACDB820631A"
"A3B93242-1A92-4BFD-AD85-944C79C1AF32","079F653B-FA74-4298-A27E-272D6343284D","0AE7E228-0D77-4A9B-8DBF-25C54094341A"
"A3B93242-1A92-4BFD-AD85-944C79C1AF32","079F653B-FA74-4298-A27E-272D6343284D","0D98187D-40E4-42D8-A2F8-0C4C52751238"
"A3B93242-1A92-4BFD-AD85-944C79C1AF32","079F653B-FA74-4298-A27E-272D6343284D","0F44ADAD-8904-45F9-ACF6-65BEE5676F5F"
"A3B93242-1A92-4BFD-AD85-944C79C1AF32","079F653B-FA74-4298-A27E-272D6343284D","0F639092-8B97-459F-B29B-439DF5BF5904"
"A3B93242-1A92-4BFD-AD85-944C79C1AF32","079F653B-FA74-4298-A27E-272D6343284D","11195e69-5c87-418e-986c-4cb598fc57c0"
"A3B93242-1A92-4BFD-AD85-944C79C1AF32","079F653B-FA74-4298-A27E-272D6343284D","12BD78D0-DC40-47AA-996B-071F3762028D"
"A3B93242-1A92-4BFD-AD85-944C79C1AF32","079F653B-FA74-4298-A27E-272D6343284D","14BACF13-5016-42CC-B4FD-8201E67BF637"
"A3B93242-1A92-4BFD-AD85-944C79C1AF32","079F653B-FA74-4298-A27E-272D6343284D","16236fbe-f692-492d-892b-43477cc227af"
"A3B93242-1A92-4BFD-AD85-944C79C1AF32","079F653B-FA74-4298-A27E-272D6343284D","16364D0F-BE31-4968-B2D9-FABAB6EF2617"
"A3B93242-1A92-4BFD-AD85-944C79C1AF32","079F653B-FA74-4298-A27E-272D6343284D","165F3FE2-FB50-4EF7-A2F6-DE46828F9DAB"
"A3B93242-1A92-4BFD-AD85-944C79C1AF32","079F653B-FA74-4298-A27E-272D6343284D","16724DEF-324A-4756-84AB-EDED106A790A"
"A3B93242-1A92-4BFD-AD85-944C79C1AF32","079F653B-FA74-4298-A27E-272D6343284D","169D3408-D392-4782-A937-46CF3B43F853"
"A3B93242-1A92-4BFD-AD85-944C79C1AF32","079F653B-FA74-4298-A27E-272D6343284D","18720207-5A47-4B8F-AF7C-47F8BCE70D1D"
"A3B93242-1A92-4BFD-AD85-944C79C1AF32","079F653B-FA74-4298-A27E-272D6343284D","18AA3986-796E-4636-A8F0-89C3BB149C91"
"A3B93242-1A92-4BFD-AD85-944C79C1AF32","079F653B-FA74-4298-A27E-272D6343284D","1DC25D81-CC5B-4B38-BFF9-F2B043A238B9"
"A3B93242-1A92-4BFD-AD85-944C79C1AF32","079F653B-FA74-4298-A27E-272D6343284D","1FFC7304-700D-4332-AE65-23523A76B347"
"A3B93242-1A92-4BFD-AD85-944C79C1AF32","079F653B-FA74-4298-A27E-272D6343284D","23AA65AF-96E1-4B4D-AE2F-014C6C59888A"
"A3B93242-1A92-4BFD-AD85-944C79C1AF32","079F653B-FA74-4298-A27E-272D6343284D","27E94D37-07CA-4981-8AD7-B86BA0306FAD"
"A3B93242-1A92-4BFD-AD85-944C79C1AF32","079F653B-FA74-4298-A27E-272D6343284D","2B12E6E3-B1C0-44E9-B8A2-3A9185D1CFAB"
"A3B93242-1A92-4BFD-AD85-944C79C1AF32","079F653B-FA74-4298-A27E-272D6343284D","2BC62DD4-D214-408B-8F2B-2DAFC901457F"
"A3B93242-1A92-4BFD-AD85-944C79C1AF32","079F653B-FA74-4298-A27E-272D6343284D","2CE2E781-933D-4AE1-B3BF-E35373DAC1C9"
"A3B93242-1A92-4BFD-AD85-944C79C1AF32","079F653B-FA74-4298-A27E-272D6343284D","2D980446-6A2D-4655-95DC-14A38359A108"
"A3B93242-1A92-4BFD-AD85-944C79C1AF32","079F653B-FA74-4298-A27E-272D6343284D","2EE090DE-99B9-44D1-8A44-D5EA271E7B76"
"A3B93242-1A92-4BFD-AD85-944C79C1AF32","079F653B-FA74-4298-A27E-272D6343284D","2F6B5D06-B0ED-48AB-A7E2-33B022E9DEC1"
"A3B93242-1A92-4BFD-AD85-944C79C1AF32","079F653B-FA74-4298-A27E-272D6343284D","33A2845D-22A6-463A-92C3-25051A6BC48F"
"A3B93242-1A92-4BFD-AD85-944C79C1AF32","079F653B-FA74-4298-A27E-272D6343284D","33DCAD89-E307-41B4-A717-D13311D29062"
"A3B93242-1A92-4BFD-AD85-944C79C1AF32","079F653B-FA74-4298-A27E-272D6343284D","33F1E89D-A107-464D-BA47-8D9779668FFF"
"A3B93242-1A92-4BFD-AD85-944C79C1AF32","079F653B-FA74-4298-A27E-272D6343284D","38488D30-B01B-43FB-968B-8CDBD7A8C648"
"A3B93242-1A92-4BFD-AD85-944C79C1AF32","079F653B-FA74-4298-A27E-272D6343284D","39D1C976-A8B0-404E-A095-D0D50F5AE495"
"A3B93242-1A92-4BFD-AD85-944C79C1AF32","079F653B-FA74-4298-A27E-272D6343284D","3E78209E-DCDD-4263-857A-5EB3952BC0E9"
"A3B93242-1A92-4BFD-AD85-944C79C1AF32","079F653B-FA74-4298-A27E-272D6343284D","3F3D7142-D232-4C46-96C5-4B0B6933B547"
"A3B93242-1A92-4BFD-AD85-944C79C1AF32","079F653B-FA74-4298-A27E-272D6343284D","3f535fda-854a-4fca-8433-62a69e751a20"
"A3B93242-1A92-4BFD-AD85-944C79C1AF32","079F653B-FA74-4298-A27E-272D6343284D","417D12C7-DB82-4BD0-8CA9-40CE0E502F8A"
"A3B93242-1A92-4BFD-AD85-944C79C1AF32","079F653B-FA74-4298-A27E-272D6343284D","454FCCD0-CBEE-4279-96D3-1A261DC4A5D9"
"A3B93242-1A92-4BFD-AD85-944C79C1AF32","079F653B-FA74-4298-A27E-272D6343284D","4552B750-848F-4644-AE46-DFB7DBAEF5B2"
"A3B93242-1A92-4BFD-AD85-944C79C1AF32","079F653B-FA74-4298-A27E-272D6343284D","45C0DC56-E98C-42A6-AB50-7179780F9A43"
"A3B93242-1A92-4BFD-AD85-944C79C1AF32","079F653B-FA74-4298-A27E-272D6343284D","49EF2D9A-73FD-4590-828A-CFF169D44F04"
"A3B93242-1A92-4BFD-AD85-944C79C1AF32","079F653B-FA74-4298-A27E-272D6343284D","4A8F4EDE-2186-4128-BEC8-E670EE16B4CA"
"A3B93242-1A92-4BFD-AD85-944C79C1AF32","079F653B-FA74-4298-A27E-272D6343284D","4DE23731-C0F9-4EE0-B159-06D2BF6C498D"
"A3B93242-1A92-4BFD-AD85-944C79C1AF32","079F653B-FA74-4298-A27E-272D6343284D","4E70F17A-EE3D-42CF-BD4A-FEDC8B32C7D9"
"A3B93242-1A92-4BFD-AD85-944C79C1AF32","079F653B-FA74-4298-A27E-272D6343284D","4FFFEF95-41C3-4ABA-9F23-47B431139E51"
"A3B93242-1A92-4BFD-AD85-944C79C1AF32","079F653B-FA74-4298-A27E-272D6343284D","524E9EDE-7594-4036-8D8F-E77948924878"
"A3B93242-1A92-4BFD-AD85-944C79C1AF32","079F653B-FA74-4298-A27E-272D6343284D","55646F94-A033-48C3-AD14-E300797CA5F0"
"A3B93242-1A92-4BFD-AD85-944C79C1AF32","079F653B-FA74-4298-A27E-272D6343284D","577D4CEF-1F14-4D5C-9EED-751AF39E4382"
"A3B93242-1A92-4BFD-AD85-944C79C1AF32","079F653B-FA74-4298-A27E-272D6343284D","58879F6A-6E09-4586-A427-FEB759DA6B29"
"A3B93242-1A92-4BFD-AD85-944C79C1AF32","079F653B-FA74-4298-A27E-272D6343284D","5C7EEDCA-D5BA-4A05-9FC0-7FD7ED8C47DA"
"A3B93242-1A92-4BFD-AD85-944C79C1AF32","079F653B-FA74-4298-A27E-272D6343284D","5CD63C96-6D89-4504-8359-A342CA45755D"
"A3B93242-1A92-4BFD-AD85-944C79C1AF32","079F653B-FA74-4298-A27E-272D6343284D","5EAF18E1-2661-4709-A0E9-BD3811E1A40E"
"A3B93242-1A92-4BFD-AD85-944C79C1AF32","079F653B-FA74-4298-A27E-272D6343284D","5EE85723-81F3-47E0-AF66-C7F1D3661EDF"
"A3B93242-1A92-4BFD-AD85-944C79C1AF32","079F653B-FA74-4298-A27E-272D6343284D","5FCEAEE6-CBF1-4C95-A2E3-C3710A4CAA5F"
"A3B93242-1A92-4BFD-AD85-944C79C1AF32","079F653B-FA74-4298-A27E-272D6343284D","5FE9064E-2491-4540-AD38-14F3CE07642E"
"A3B93242-1A92-4BFD-AD85-944C79C1AF32","079F653B-FA74-4298-A27E-272D6343284D","5FEEC481-263A-4948-9A8E-4F34B3B86163"
"A3B93242-1A92-4BFD-AD85-944C79C1AF32","079F653B-FA74-4298-A27E-272D6343284D","60523DA6-856D-4C0F-9327-8D46CA6FC90F"
"A3B93242-1A92-4BFD-AD85-944C79C1AF32","079F653B-FA74-4298-A27E-272D6343284D","619B9E37-9EE4-42F1-8774-50801BA2B414"
"A3B93242-1A92-4BFD-AD85-944C79C1AF32","079F653B-FA74-4298-A27E-272D6343284D","638C1F8C-BFCF-425D-AB21-6B1A1AB77D35"
"A3B93242-1A92-4BFD-AD85-944C79C1AF32","079F653B-FA74-4298-A27E-272D6343284D","647D1B08-03F9-476B-904A-D5DA2F1B37F0"
"A3B93242-1A92-4BFD-AD85-944C79C1AF32","079F653B-FA74-4298-A27E-272D6343284D","65B37657-5991-4E51-99B0-768509FA31F2"
"A3B93242-1A92-4BFD-AD85-944C79C1AF32","079F653B-FA74-4298-A27E-272D6343284D","666702A7-B4FB-442A-8135-7243FD53387E"
"A3B93242-1A92-4BFD-AD85-944C79C1AF32","079F653B-FA74-4298-A27E-272D6343284D","66C64950-DA76-46C2-91BD-A9A60CB0E248"
"A3B93242-1A92-4BFD-AD85-944C79C1AF32","079F653B-FA74-4298-A27E-272D6343284D","67ABA482-5BC2-4936-A57B-A373479D79FD"
"A3B93242-1A92-4BFD-AD85-944C79C1AF32","079F653B-FA74-4298-A27E-272D6343284D","67c29a7d-29f2-4739-a5f4-13311bceecac"
"A3B93242-1A92-4BFD-AD85-944C79C1AF32","079F653B-FA74-4298-A27E-272D6343284D","6BB0BED1-18AD-4F9B-96F1-8BA6ECD95AD4"
"A3B93242-1A92-4BFD-AD85-944C79C1AF32","079F653B-FA74-4298-A27E-272D6343284D","6C01D362-3C9E-4A2E-9EAE-1AD600A44631"
"A3B93242-1A92-4BFD-AD85-944C79C1AF32","079F653B-FA74-4298-A27E-272D6343284D","6E3D152F-7742-4E33-8D3D-AB0BE974B4A3"
"A3B93242-1A92-4BFD-AD85-944C79C1AF32","079F653B-FA74-4298-A27E-272D6343284D","6EFC1449-A633-4F02-9F05-3002A85D4F3E"
"A3B93242-1A92-4BFD-AD85-944C79C1AF32","079F653B-FA74-4298-A27E-272D6343284D","6F69FEF1-376B-4604-9C6B-9BE3D57C08F9"
"A3B93242-1A92-4BFD-AD85-944C79C1AF32","079F653B-FA74-4298-A27E-272D6343284D","6FEDE14B-D8AE-4160-B539-6763C0BDC9E7"
"A3B93242-1A92-4BFD-AD85-944C79C1AF32","079F653B-FA74-4298-A27E-272D6343284D","7059F702-4024-4B2F-A2D8-7AB9D8F25916"
"A3B93242-1A92-4BFD-AD85-944C79C1AF32","079F653B-FA74-4298-A27E-272D6343284D","7125DA25-5D23-4FC9-8F4E-E4C00524E44A"
"A3B93242-1A92-4BFD-AD85-944C79C1AF32","079F653B-FA74-4298-A27E-272D6343284D","721BB594-6D8F-4D18-984A-B9D53C0F807C"
"A3B93242-1A92-4BFD-AD85-944C79C1AF32","079F653B-FA74-4298-A27E-272D6343284D","724caadb-4740-4f26-8a41-3f5c4d0b4497"
"A3B93242-1A92-4BFD-AD85-944C79C1AF32","079F653B-FA74-4298-A27E-272D6343284D","7643533A-2E30-43B3-A8F6-D9A1DC8C4A21"
"A3B93242-1A92-4BFD-AD85-944C79C1AF32","079F653B-FA74-4298-A27E-272D6343284D","76DF77BF-82F9-4F53-B183-AB6270D30E32"
"A3B93242-1A92-4BFD-AD85-944C79C1AF32","079F653B-FA74-4298-A27E-272D6343284D","79300A42-1BEE-4181-AB8B-EA6843DA981A"
"A3B93242-1A92-4BFD-AD85-944C79C1AF32","079F653B-FA74-4298-A27E-272D6343284D","797BA537-DDE1-46F6-9EC1-B37C25EE9163"
"A3B93242-1A92-4BFD-AD85-944C79C1AF32","079F653B-FA74-4298-A27E-272D6343284D","7CDCB3B4-0451-4F18-BCAB-6C60089C7458"
"A3B93242-1A92-4BFD-AD85-944C79C1AF32","079F653B-FA74-4298-A27E-272D6343284D","7D2512B4-BB68-42EB-80C2-C47ADE707D38"
"A3B93242-1A92-4BFD-AD85-944C79C1AF32","079F653B-FA74-4298-A27E-272D6343284D","7D4A96AA-48F4-4517-912A-D2E7A098912E"
"A3B93242-1A92-4BFD-AD85-944C79C1AF32","079F653B-FA74-4298-A27E-272D6343284D","807E41C2-0CE3-4283-A598-2C45915D0121"
"A3B93242-1A92-4BFD-AD85-944C79C1AF32","079F653B-FA74-4298-A27E-272D6343284D","81F0891E-6F0D-4F0A-93AC-11E5D2440C87"
"A3B93242-1A92-4BFD-AD85-944C79C1AF32","079F653B-FA74-4298-A27E-272D6343284D","8538F989-A36D-40A7-ACA1-97D4B639C307"
"A3B93242-1A92-4BFD-AD85-944C79C1AF32","079F653B-FA74-4298-A27E-272D6343284D","8650AE91-587A-4A7D-B5C0-B1B2A39F9A72"
"A3B93242-1A92-4BFD-AD85-944C79C1AF32","079F653B-FA74-4298-A27E-272D6343284D","87A4EDB9-D10F-47B0-A11A-C0609253EBC5"
"A3B93242-1A92-4BFD-AD85-944C79C1AF32","079F653B-FA74-4298-A27E-272D6343284D","8805BCDC-71E7-4AA3-ABF9-E0BDF1E8D83B"
"A3B93242-1A92-4BFD-AD85-944C79C1AF32","079F653B-FA74-4298-A27E-272D6343284D","895C98ED-227E-4845-8E83-7C13322D24A9"
"A3B93242-1A92-4BFD-AD85-944C79C1AF32","079F653B-FA74-4298-A27E-272D6343284D","8A44A8F4-FD88-45F1-B63A-CE07F599FE7B"
"A3B93242-1A92-4BFD-AD85-944C79C1AF32","079F653B-FA74-4298-A27E-272D6343284D","8AB2972F-F4C8-4769-B2E6-10B896D6C521"
"A3B93242-1A92-4BFD-AD85-944C79C1AF32","079F653B-FA74-4298-A27E-272D6343284D","8f237bfc-85f6-4ecd-b3ed-1f50a1373f6f"
"A3B93242-1A92-4BFD-AD85-944C79C1AF32","079F653B-FA74-4298-A27E-272D6343284D","902A2263-F4B6-4F3E-A580-0C9FE1FACF8B"
"A3B93242-1A92-4BFD-AD85-944C79C1AF32","079F653B-FA74-4298-A27E-272D6343284D","909EC262-9F64-4D8B-8781-E6B1116249C4"
"A3B93242-1A92-4BFD-AD85-944C79C1AF32","079F653B-FA74-4298-A27E-272D6343284D","92CF5DED-94D9-44DD-945F-46DE954B9A07"
"A3B93242-1A92-4BFD-AD85-944C79C1AF32","079F653B-FA74-4298-A27E-272D6343284D","93081850-55A4-4FBB-86AA-A08FE65F8824"
"A3B93242-1A92-4BFD-AD85-944C79C1AF32","079F653B-FA74-4298-A27E-272D6343284D","93EC523F-270C-404A-A787-1DFC821FF2C0"
"A3B93242-1A92-4BFD-AD85-944C79C1AF32","079F653B-FA74-4298-A27E-272D6343284D","947C9CA5-824F-41E8-9F6A-05A6BE88F9ED"
"A3B93242-1A92-4BFD-AD85-944C79C1AF32","079F653B-FA74-4298-A27E-272D6343284D","94A3786F-3C76-48D9-9F0D-290B6A5327D5"
"A3B93242-1A92-4BFD-AD85-944C79C1AF32","079F653B-FA74-4298-A27E-272D6343284D","97DC3437-66A6-49BC-9ADF-15C23C2484F3"
"A3B93242-1A92-4BFD-AD85-944C79C1AF32","079F653B-FA74-4298-A27E-272D6343284D","989DCF50-0368-421A-9F55-86FEF6DB25E8"
"A3B93242-1A92-4BFD-AD85-944C79C1AF32","079F653B-FA74-4298-A27E-272D6343284D","9A1C0387-394D-41AF-B0FD-BB23D8FA36F6"
"A3B93242-1A92-4BFD-AD85-944C79C1AF32","079F653B-FA74-4298-A27E-272D6343284D","9A839923-A03D-4950-811F-8C128BAE07FB"
"A3B93242-1A92-4BFD-AD85-944C79C1AF32","079F653B-FA74-4298-A27E-272D6343284D","9E2425A8-DE6F-4A12-8BFC-1B2C9F18B51F"
"A3B93242-1A92-4BFD-AD85-944C79C1AF32","079F653B-FA74-4298-A27E-272D6343284D","9E7763A6-102F-4EF5-B76A-3F870AD075D8"
"A3B93242-1A92-4BFD-AD85-944C79C1AF32","079F653B-FA74-4298-A27E-272D6343284D","A1D561ED-6566-4F7D-B0F8-DB44E55C02E7"
"A3B93242-1A92-4BFD-AD85-944C79C1AF32","079F653B-FA74-4298-A27E-272D6343284D","A44ABEF7-4022-4B61-A14F-11EC137791D4"
"A3B93242-1A92-4BFD-AD85-944C79C1AF32","079F653B-FA74-4298-A27E-272D6343284D","A986C2DF-1224-4B29-ACC2-DBC257AC364E"
"A3B93242-1A92-4BFD-AD85-944C79C1AF32","079F653B-FA74-4298-A27E-272D6343284D","AA75DEE0-E573-4FC6-B717-46F10E988AC9"
"A3B93242-1A92-4BFD-AD85-944C79C1AF32","079F653B-FA74-4298-A27E-272D6343284D","AC932DEC-2DFB-451A-BD9A-945CF417E1DD"
"A3B93242-1A92-4BFD-AD85-944C79C1AF32","079F653B-FA74-4298-A27E-272D6343284D","AD8385D1-81F6-4F28-A3BB-1543EEF2EC67"
"A3B93242-1A92-4BFD-AD85-944C79C1AF32","079F653B-FA74-4298-A27E-272D6343284D","AE0578BF-B608-4821-A708-734E6478C88E"
"A3B93242-1A92-4BFD-AD85-944C79C1AF32","079F653B-FA74-4298-A27E-272D6343284D","B3B0E738-CB17-4FFC-9AB2-3369ACBE9762"
"A3B93242-1A92-4BFD-AD85-944C79C1AF32","079F653B-FA74-4298-A27E-272D6343284D","B407DB83-7A2E-4D05-9FEB-0200443D0CC3"
"A3B93242-1A92-4BFD-AD85-944C79C1AF32","079F653B-FA74-4298-A27E-272D6343284D","B4AA90E3-7C76-4BE4-B26C-EFAA4D2AFDDD"
"A3B93242-1A92-4BFD-AD85-944C79C1AF32","079F653B-FA74-4298-A27E-272D6343284D","B55E7583-9E67-4FE0-B2D2-AFB880DFB8C0"
"A3B93242-1A92-4BFD-AD85-944C79C1AF32","079F653B-FA74-4298-A27E-272D6343284D","B9D9655C-B22C-4285-8B76-7BE1B7C643B3"
"A3B93242-1A92-4BFD-AD85-944C79C1AF32","079F653B-FA74-4298-A27E-272D6343284D","BB9E7BFD-9CFF-4B45-A73F-F3EB7B14D4ED"
"A3B93242-1A92-4BFD-AD85-944C79C1AF32","079F653B-FA74-4298-A27E-272D6343284D","BCF98C76-E2FC-4F83-B8A5-5F3A1297CE49"
"A3B93242-1A92-4BFD-AD85-944C79C1AF32","079F653B-FA74-4298-A27E-272D6343284D","BF1AB629-F8BD-4056-B6DF-8C8A1D46AA42"
"A3B93242-1A92-4BFD-AD85-944C79C1AF32","079F653B-FA74-4298-A27E-272D6343284D","C234B203-191B-402F-8780-2951676F9A07"
"A3B93242-1A92-4BFD-AD85-944C79C1AF32","079F653B-FA74-4298-A27E-272D6343284D","C5B9FB63-435A-42AD-84F2-EA4E182DE431"
"A3B93242-1A92-4BFD-AD85-944C79C1AF32","079F653B-FA74-4298-A27E-272D6343284D","C7F0BDBA-90F9-446E-8FE0-BA1345585744"
"A3B93242-1A92-4BFD-AD85-944C79C1AF32","079F653B-FA74-4298-A27E-272D6343284D","C9F70983-6651-4C08-9844-48141F64C769"
"A3B93242-1A92-4BFD-AD85-944C79C1AF32","079F653B-FA74-4298-A27E-272D6343284D","CB156620-E3C2-4982-B850-7A8026274587"
"A3B93242-1A92-4BFD-AD85-944C79C1AF32","079F653B-FA74-4298-A27E-272D6343284D","CF0C5648-9ACB-4C3B-815F-4AD0651A57C4"
"A3B93242-1A92-4BFD-AD85-944C79C1AF32","079F653B-FA74-4298-A27E-272D6343284D","D201D331-9712-4F6B-83F4-EA6B29C817D8"
"A3B93242-1A92-4BFD-AD85-944C79C1AF32","079F653B-FA74-4298-A27E-272D6343284D","d23def25-024b-4901-bcbb-a315babe8512"
"17BA8048-B4DD-443C-BC7A-9DCC93B59E02","FD5D1CBA-3808-4219-9674-CAF278FFDB51","36FCF030-242C-4364-A24D-587E5EFEE4FD"
"17BA8048-B4DD-443C-BC7A-9DCC93B59E02","FD5D1CBA-3808-4219-9674-CAF278FFDB51","39894880-75A8-4C17-A257-D6D33412FC53"
"17BA8048-B4DD-443C-BC7A-9DCC93B59E02","FD5D1CBA-3808-4219-9674-CAF278FFDB51","451C30F3-B789-40C6-9A58-9F49B2393C1B"
"17BA8048-B4DD-443C-BC7A-9DCC93B59E02","FD5D1CBA-3808-4219-9674-CAF278FFDB51","46F0E758-FDCF-4E49-9299-0ED2EC478520"
"17BA8048-B4DD-443C-BC7A-9DCC93B59E02","FD5D1CBA-3808-4219-9674-CAF278FFDB51","49636B8D-717A-4466-A48E-9B887063A8BD"
"17BA8048-B4DD-443C-BC7A-9DCC93B59E02","FD5D1CBA-3808-4219-9674-CAF278FFDB51","52E8DB66-DFE7-4987-B8E0-5FF8CB549C1E"
"17BA8048-B4DD-443C-BC7A-9DCC93B59E02","FD5D1CBA-3808-4219-9674-CAF278FFDB51","55EC7F7C-F246-4033-A52D-02ADA0D1288B"
"17BA8048-B4DD-443C-BC7A-9DCC93B59E02","FD5D1CBA-3808-4219-9674-CAF278FFDB51","65B47B17-797A-409C-99F3-D9756E6AC1EF"
"17BA8048-B4DD-443C-BC7A-9DCC93B59E02","FD5D1CBA-3808-4219-9674-CAF278FFDB51","66BB5F89-0AEF-48C5-A184-00575CFA7CF2"
"17BA8048-B4DD-443C-BC7A-9DCC93B59E02","FD5D1CBA-3808-4219-9674-CAF278FFDB51","76EFB018-59A7-4362-88C8-683A9D04EB45"
"17BA8048-B4DD-443C-BC7A-9DCC93B59E02","FD5D1CBA-3808-4219-9674-CAF278FFDB51","93AB9709-8E4A-4366-BFCE-B96B2FF9188E"
"17BA8048-B4DD-443C-BC7A-9DCC93B59E02","FD5D1CBA-3808-4219-9674-CAF278FFDB51","AC3A6579-CF87-47EF-9E11-E41C81C9A992"
"17BA8048-B4DD-443C-BC7A-9DCC93B59E02","FD5D1CBA-3808-4219-9674-CAF278FFDB51","BA042E0F-745C-41B8-96EE-8B0B58F5BBE1"
"17BA8048-B4DD-443C-BC7A-9DCC93B59E02","FD5D1CBA-3808-4219-9674-CAF278FFDB51","DACF0063-DD9F-4248-AF5A-AA1F4D15AE02"
"17BA8048-B4DD-443C-BC7A-9DCC93B59E02","FD5D1CBA-3808-4219-9674-CAF278FFDB51","EBC63AD4-CDCC-4228-992D-B73A50388193"
"C62F9EEA-3D6E-4A5F-8809-4520DBD8233A","FDAE1487-38A2-4F06-8363-87344222EADB","0F10ADBA-A236-4F89-AEC4-6F2CFDACED48"
"C62F9EEA-3D6E-4A5F-8809-4520DBD8233A","FDAE1487-38A2-4F06-8363-87344222EADB","2221edfe-205a-495b-ae3a-87c091af3990"
"C62F9EEA-3D6E-4A5F-8809-4520DBD8233A","FDAE1487-38A2-4F06-8363-87344222EADB","72575ceb-1948-4b6e-a6ca-d86a35b09434"
"C62F9EEA-3D6E-4A5F-8809-4520DBD8233A","FDAE1487-38A2-4F06-8363-87344222EADB","89E2236D-6477-4B01-ABA3-87BED335F75C"
"C62F9EEA-3D6E-4A5F-8809-4520DBD8233A","FDAE1487-38A2-4F06-8363-87344222EADB","d77f3dd8-67dd-4605-b942-a1eae1810bb7"
"C62F9EEA-3D6E-4A5F-8809-4520DBD8233A","FDAE1487-38A2-4F06-8363-87344222EADB","DC33541B-7011-47C9-BDB7-7670244B0413"
"E2FC49E9-E5F4-471B-9BF8-CB97F315C5D7","FF2E38CC-1FAF-436B-8B1B-75FBFC3E1C1C","9A839923-A03D-4950-811F-8C128BAE07FB"
"E2FC49E9-E5F4-471B-9BF8-CB97F315C5D7","FF2E38CC-1FAF-436B-8B1B-75FBFC3E1C1C","F80E1561-03E6-4A55-8B32-A6262805FD2B"
"072A816D-B53E-4EA2-B81F-097F6466789F","FF72B21B-EBD3-471B-BC5A-CE252E1FE60D","2DC438BC-32B6-49A4-80FF-0D3459079E6F"
"072A816D-B53E-4EA2-B81F-097F6466789F","FF72B21B-EBD3-471B-BC5A-CE252E1FE60D","A83E5440-AE89-4B96-81AB-65D3E5351E2D"
"072A816D-B53E-4EA2-B81F-097F6466789F","FF72B21B-EBD3-471B-BC5A-CE252E1FE60D","E2C68E45-B208-49A7-9110-B1720D670022"
"CDB05049-FF96-454A-9129-75FF8C59F712","FFFF4C17-DAA9-4BBC-924F-B440F226634A","eafc9093-0b26-414a-ac6b-59e4b6900ecc"
"8B37F00F-B167-4A34-A792-5D6041645DDE","2DA6223A-02D3-41CA-81BB-66CE43D5AD74","99850D3F-E0CF-4FD7-91CA-5C95F4118EBE"
"8B37F00F-B167-4A34-A792-5D6041645DDE","2DA6223A-02D3-41CA-81BB-66CE43D5AD74","9ADE4AE4-17DB-4AD0-BD53-91E2CF14428C"
"8B37F00F-B167-4A34-A792-5D6041645DDE","2DA6223A-02D3-41CA-81BB-66CE43D5AD74","9C015367-A55A-4361-A519-0D984DA02F5A"
"8B37F00F-B167-4A34-A792-5D6041645DDE","2DA6223A-02D3-41CA-81BB-66CE43D5AD74","9C2ACD58-F0B0-4981-9431-B69AA18562EA"
"8B37F00F-B167-4A34-A792-5D6041645DDE","2DA6223A-02D3-41CA-81BB-66CE43D5AD74","9CB113B0-FCAE-430F-B22C-589784574E0A"
"8B37F00F-B167-4A34-A792-5D6041645DDE","2DA6223A-02D3-41CA-81BB-66CE43D5AD74","A2FB60D3-8E0C-4BFC-AE1B-B59864C54A72"
"8B37F00F-B167-4A34-A792-5D6041645DDE","2DA6223A-02D3-41CA-81BB-66CE43D5AD74","A3711BD1-AE6D-4A24-AEDD-082150749C94"
"8B37F00F-B167-4A34-A792-5D6041645DDE","2DA6223A-02D3-41CA-81BB-66CE43D5AD74","A5189AB6-96C0-4A9D-882F-B0356C53D796"
"8B37F00F-B167-4A34-A792-5D6041645DDE","2DA6223A-02D3-41CA-81BB-66CE43D5AD74","A52DC37B-C010-4879-966E-3C0195E2F00B"
"8B37F00F-B167-4A34-A792-5D6041645DDE","2DA6223A-02D3-41CA-81BB-66CE43D5AD74","A8FA3A48-CA00-4362-8F8A-041D4C0ACD30"
"8B37F00F-B167-4A34-A792-5D6041645DDE","2DA6223A-02D3-41CA-81BB-66CE43D5AD74","A98A494E-6AB3-4FA0-8051-138BF3A95EEF"
"8B37F00F-B167-4A34-A792-5D6041645DDE","2DA6223A-02D3-41CA-81BB-66CE43D5AD74","AA2B265D-4738-4FD8-8B09-A111287B0455"
"8B37F00F-B167-4A34-A792-5D6041645DDE","2DA6223A-02D3-41CA-81BB-66CE43D5AD74","ADE0E278-CB02-402B-BB7B-827B7EA89F10"
"8B37F00F-B167-4A34-A792-5D6041645DDE","2DA6223A-02D3-41CA-81BB-66CE43D5AD74","ADEE2A2D-069E-4301-8CA0-E656A5D7F306"
"8B37F00F-B167-4A34-A792-5D6041645DDE","2DA6223A-02D3-41CA-81BB-66CE43D5AD74","AE9E3F5E-236D-4FD7-874D-E3893ED06664"
"8B37F00F-B167-4A34-A792-5D6041645DDE","2DA6223A-02D3-41CA-81BB-66CE43D5AD74","AFFE0210-1845-4983-B99C-7E964439356A"
"8B37F00F-B167-4A34-A792-5D6041645DDE","2DA6223A-02D3-41CA-81BB-66CE43D5AD74","B0D2DB30-CB03-4129-B169-87C8C937A3CA"
"8B37F00F-B167-4A34-A792-5D6041645DDE","2DA6223A-02D3-41CA-81BB-66CE43D5AD74","B30BE7BF-0E75-449B-850B-91452FE36C21"
"8B37F00F-B167-4A34-A792-5D6041645DDE","2DA6223A-02D3-41CA-81BB-66CE43D5AD74","B40B726B-56BA-441E-ABFF-56A977F7EC83"
"8B37F00F-B167-4A34-A792-5D6041645DDE","2DA6223A-02D3-41CA-81BB-66CE43D5AD74","BDE2825E-B2CA-414E-A6B9-39A546F279A1"
"8B37F00F-B167-4A34-A792-5D6041645DDE","2DA6223A-02D3-41CA-81BB-66CE43D5AD74","c6f9e4b2-ab64-4f27-97f5-97e56d42fa3e"
"8B37F00F-B167-4A34-A792-5D6041645DDE","2DA6223A-02D3-41CA-81BB-66CE43D5AD74","C99EA501-5078-46A6-9EDD-0FE47B372C92"
"8B37F00F-B167-4A34-A792-5D6041645DDE","2DA6223A-02D3-41CA-81BB-66CE43D5AD74","CB6FAF26-7843-4659-A5B1-7ECA3C52D0E4"
"8B37F00F-B167-4A34-A792-5D6041645DDE","2DA6223A-02D3-41CA-81BB-66CE43D5AD74","CB9E6019-5359-4D39-846A-32F3C2F03334"
"8B37F00F-B167-4A34-A792-5D6041645DDE","2DA6223A-02D3-41CA-81BB-66CE43D5AD74","D014BAD7-84D4-40F7-9D20-34088D6AFF33"
"8B37F00F-B167-4A34-A792-5D6041645DDE","2DA6223A-02D3-41CA-81BB-66CE43D5AD74","D7659469-F938-47BB-8F1F-A18F3DADFEC7"
"8B37F00F-B167-4A34-A792-5D6041645DDE","2DA6223A-02D3-41CA-81BB-66CE43D5AD74","D86F2C4E-54F3-4B0E-98E8-7EA888268C9A"
"8B37F00F-B167-4A34-A792-5D6041645DDE","2DA6223A-02D3-41CA-81BB-66CE43D5AD74","DA534898-3C89-40C6-9CA1-632C395EC018"
"8B37F00F-B167-4A34-A792-5D6041645DDE","2DA6223A-02D3-41CA-81BB-66CE43D5AD74","DBE62443-0B7D-4521-AA73-2F3A00005AA3"
"8B37F00F-B167-4A34-A792-5D6041645DDE","2DA6223A-02D3-41CA-81BB-66CE43D5AD74","E2FFC246-A2D8-42B9-B41F-323ADF58FE0A"
"8B37F00F-B167-4A34-A792-5D6041645DDE","2DA6223A-02D3-41CA-81BB-66CE43D5AD74","E5167C61-84BD-4B35-9AC5-D5EE44F9BAEB"
"8B37F00F-B167-4A34-A792-5D6041645DDE","2DA6223A-02D3-41CA-81BB-66CE43D5AD74","E851AB6F-EBF2-4254-83BE-2F4EADA3130D"
"8B37F00F-B167-4A34-A792-5D6041645DDE","2DA6223A-02D3-41CA-81BB-66CE43D5AD74","E8865B12-BE83-4194-8E7E-4E4C6DFF0D28"
"8B37F00F-B167-4A34-A792-5D6041645DDE","2DA6223A-02D3-41CA-81BB-66CE43D5AD74","E94B7991-19B1-451B-B9AD-B51296E2BF54"
"8B37F00F-B167-4A34-A792-5D6041645DDE","2DA6223A-02D3-41CA-81BB-66CE43D5AD74","EF473BF5-F2E1-486F-8284-7F1745118288"
"8B37F00F-B167-4A34-A792-5D6041645DDE","2DA6223A-02D3-41CA-81BB-66CE43D5AD74","F0BB0688-17E1-4C2C-A56F-5E7B3A1651F6"
"8B37F00F-B167-4A34-A792-5D6041645DDE","2DA6223A-02D3-41CA-81BB-66CE43D5AD74","f6c4b7a1-4150-4b10-a1ab-d38be99d4357"
"8B37F00F-B167-4A34-A792-5D6041645DDE","2DA6223A-02D3-41CA-81BB-66CE43D5AD74","F6C54CA1-474D-4A5A-8004-FE9C313CC284"
"8B37F00F-B167-4A34-A792-5D6041645DDE","2DA6223A-02D3-41CA-81BB-66CE43D5AD74","F8F6A08E-98AF-43D0-9110-E42053406091"
"8B37F00F-B167-4A34-A792-5D6041645DDE","2DA6223A-02D3-41CA-81BB-66CE43D5AD74","FC3DFBC1-B4AE-4D08-81B9-3F62EEF10A19"
"8B37F00F-B167-4A34-A792-5D6041645DDE","2DA6223A-02D3-41CA-81BB-66CE43D5AD74","FE4E7059-38D9-45A7-A25A-134E81FD1E62"
"1005C1E2-66B8-433A-B466-F268FF317A77","2DA87C70-8B2B-4D54-A13D-1AEFED76EADF","31463142-7574-4FC7-96DA-5484FF624978"
"1005C1E2-66B8-433A-B466-F268FF317A77","2DA87C70-8B2B-4D54-A13D-1AEFED76EADF","348E5A3A-E11B-4FB4-8D08-C87410A8FA8F"
"45CCA6AA-73D2-4627-8C3D-AF70B9DC1872","2DAA0080-19DF-4439-A9E5-1FC9BB527EAF","09C8FDC4-DA54-4683-98BC-65CD963AA451"
"CC71BAF4-997A-4DC3-B070-6318FA833436","2DDCA7E0-E433-4151-884E-F3C87AF5A03E","2D4C6FC6-9AA9-455B-8564-9AA80FF75ABB"
"CC71BAF4-997A-4DC3-B070-6318FA833436","2DDCA7E0-E433-4151-884E-F3C87AF5A03E","543630D5-7BD9-4F2D-9DA4-73A5615A3DB2"
"CC71BAF4-997A-4DC3-B070-6318FA833436","2DDCA7E0-E433-4151-884E-F3C87AF5A03E","637516FF-24E8-44C8-81FF-90616ED4B038"
"CC71BAF4-997A-4DC3-B070-6318FA833436","2DDCA7E0-E433-4151-884E-F3C87AF5A03E","68D7507A-B6EB-4284-BC3E-54271780AC01"
"CC71BAF4-997A-4DC3-B070-6318FA833436","2DDCA7E0-E433-4151-884E-F3C87AF5A03E","7034A5B1-B34D-4688-A097-18BFDEC63C9E"
"CC71BAF4-997A-4DC3-B070-6318FA833436","2DDCA7E0-E433-4151-884E-F3C87AF5A03E","E507C534-7F6C-4BB5-9B62-C582D69083A1"
"PER","2E33480D2FA7E4F07253F017E48BD3C30AF7","40b6d645-9b61-48a1-aa4c-b82b787aebc5"
"F7520945-F7F9-48EA-B1F3-FBC81024B2F3","2E53E538-FDF2-40AB-B0EF-848EDB92B926","993CC84F-2E05-4A4C-BD38-C75362F8A43C"
"F7520945-F7F9-48EA-B1F3-FBC81024B2F3","2E53E538-FDF2-40AB-B0EF-848EDB92B926","A4DABADC-AF09-4F85-90F5-1E2E720977BB"
"F7520945-F7F9-48EA-B1F3-FBC81024B2F3","2E53E538-FDF2-40AB-B0EF-848EDB92B926","CB293E7E-2096-4729-B94A-B96471296796"
"F7520945-F7F9-48EA-B1F3-FBC81024B2F3","2E53E538-FDF2-40AB-B0EF-848EDB92B926","D0515A79-543D-43A8-9BB2-CD4D512411C1"
"F7520945-F7F9-48EA-B1F3-FBC81024B2F3","2E53E538-FDF2-40AB-B0EF-848EDB92B926","F81EBCDD-B593-4942-8480-5559D7CA4A98"
"PER","2F1B367B2423FA4BD14CF53928219CDF11E3","75746c27-b3b8-454f-8370-22962122a044"
"D9EF9D02-6A80-4815-BF6A-6D0F43A51518","2F20469E-63CD-46A7-8BC4-8E61E0ACEB6A","C5BDAC69-FB60-4494-8CF9-2D188F841D99"
"A52DEFDD-A5D3-478D-BDB4-567CCA16BDBF","2F581A75-5F5A-4DE3-A474-8A28D75479DD","517ED3CB-A91A-47F4-A68E-FE4CFAC5E822"
"A52DEFDD-A5D3-478D-BDB4-567CCA16BDBF","2F581A75-5F5A-4DE3-A474-8A28D75479DD","54B2E08D-94F0-4B5C-8907-674607E04413"
"6702FFBD-3BA1-4E21-9AA5-F8DF0E632405","2FA465E2-704D-45E4-B74D-69D85EA91E8D","3107133a-eda1-47c4-93e2-3e275ba3330e"
"6702FFBD-3BA1-4E21-9AA5-F8DF0E632405","2FA465E2-704D-45E4-B74D-69D85EA91E8D","FCDE64B9-8705-4E14-981D-109A3AF92F75"
"057C236C-2FA1-4933-AC54-715FDCADD2A4","300D7A1B-9F91-49C4-8035-4B9DE756B570","6AD24D04-1AA4-495E-B77A-9AF8404D81C7"
"C1C9E8A9-3797-4082-AFE7-A72DFF251FE6","300F9D04-2BDE-43FD-B018-16B9BE402389","A765F9D2-901B-40BF-A20F-80C8D2ED6E1F"
"C1C9E8A9-3797-4082-AFE7-A72DFF251FE6","300F9D04-2BDE-43FD-B018-16B9BE402389","B58C99F6-5E2F-450F-98A7-6FAECDCC3E4A"
"C1C9E8A9-3797-4082-AFE7-A72DFF251FE6","300F9D04-2BDE-43FD-B018-16B9BE402389","D4640443-4239-4B93-89D9-0E31571F15AE"
"91158AF0-14B4-4AD4-B593-BA2899ABCF78","303EDDB6-DA1F-4E9E-8414-3C5473A14FC9","2B2AE163-6E87-4F3D-89A5-323AEEBE99CA"
"91158AF0-14B4-4AD4-B593-BA2899ABCF78","303EDDB6-DA1F-4E9E-8414-3C5473A14FC9","7992E096-9298-4A4B-A19E-F3D67EEE2CF3"
"91158AF0-14B4-4AD4-B593-BA2899ABCF78","303EDDB6-DA1F-4E9E-8414-3C5473A14FC9","7B34C552-6CF8-4E22-BBB0-BA506C02AA5C"
"91158AF0-14B4-4AD4-B593-BA2899ABCF78","303EDDB6-DA1F-4E9E-8414-3C5473A14FC9","7F38BF2C-2ECC-49C0-8F17-13E573FA3938"
"91158AF0-14B4-4AD4-B593-BA2899ABCF78","303EDDB6-DA1F-4E9E-8414-3C5473A14FC9","8B09EB63-7C9F-4BC9-99BF-96E010015C1C"
"91158AF0-14B4-4AD4-B593-BA2899ABCF78","303EDDB6-DA1F-4E9E-8414-3C5473A14FC9","C5E8AAD0-5575-436E-B433-78943429F075"
"91158AF0-14B4-4AD4-B593-BA2899ABCF78","303EDDB6-DA1F-4E9E-8414-3C5473A14FC9","E159F5C4-A7AF-440B-8D03-81C4C59FD8D7"
"91158AF0-14B4-4AD4-B593-BA2899ABCF78","303EDDB6-DA1F-4E9E-8414-3C5473A14FC9","F6BD6ADA-A21C-40D4-BD6B-7F81A35CC574"
"1C002BA0-A246-4CB2-83A5-FF63D01967AC","30A318C6-6C0F-4F31-8E20-0DD5EE70F0AE","186B7250-0394-464C-ABD3-28698D96B3A6"
"1C002BA0-A246-4CB2-83A5-FF63D01967AC","30A318C6-6C0F-4F31-8E20-0DD5EE70F0AE","AE1C4B8A-1B0F-4DD9-87D3-F5A0C74B5D43"
"1C002BA0-A246-4CB2-83A5-FF63D01967AC","30A318C6-6C0F-4F31-8E20-0DD5EE70F0AE","D2C81FAC-189F-41C6-8488-76EF29E2EB8F"
"37C70351-C513-498A-ABB6-391C29512B5A","30B2EDA3-711B-4563-9983-46C1B0B2F8D7","16D3D2CB-9A7A-4A87-AB7C-7CB14E03A638"
"37C70351-C513-498A-ABB6-391C29512B5A","30B2EDA3-711B-4563-9983-46C1B0B2F8D7","757183B3-4626-4B92-AABB-B8FB6912A94D"
"37C70351-C513-498A-ABB6-391C29512B5A","30B2EDA3-711B-4563-9983-46C1B0B2F8D7","D2B727CB-C6B2-4A8D-AE02-5A5528A7284E"
"209BED57-6EE7-49CF-9AF6-290F9009B093","30C0B77D-27B6-4BAC-973C-7F4D20B82F15","048F80FF-6C5F-498E-A6DA-0141A9115F4D"
"209BED57-6EE7-49CF-9AF6-290F9009B093","30C0B77D-27B6-4BAC-973C-7F4D20B82F15","14B81342-EEDD-4A1F-A72F-91B07827431B"
"209BED57-6EE7-49CF-9AF6-290F9009B093","30C0B77D-27B6-4BAC-973C-7F4D20B82F15","18BBFB21-4629-4B3E-A0C8-1EDE9AFB11CB"
"209BED57-6EE7-49CF-9AF6-290F9009B093","30C0B77D-27B6-4BAC-973C-7F4D20B82F15","1E73C002-6F1E-4E8F-89AF-D9ACC75E275C"
"209BED57-6EE7-49CF-9AF6-290F9009B093","30C0B77D-27B6-4BAC-973C-7F4D20B82F15","28E2B9B8-97B7-4FB2-8251-A17792B916F1"
"209BED57-6EE7-49CF-9AF6-290F9009B093","30C0B77D-27B6-4BAC-973C-7F4D20B82F15","2C4B4785-D16E-4152-88A3-37E3C403A40B"
"209BED57-6EE7-49CF-9AF6-290F9009B093","30C0B77D-27B6-4BAC-973C-7F4D20B82F15","30FAF0A8-2C80-4741-9BF9-CB3C6016ACB8"
"209BED57-6EE7-49CF-9AF6-290F9009B093","30C0B77D-27B6-4BAC-973C-7F4D20B82F15","327062DC-9EBA-441B-A6B0-8E18CDDB7CD0"
"209BED57-6EE7-49CF-9AF6-290F9009B093","30C0B77D-27B6-4BAC-973C-7F4D20B82F15","3DC8A970-45E2-46D1-9372-6F8FCA9834A4"
"209BED57-6EE7-49CF-9AF6-290F9009B093","30C0B77D-27B6-4BAC-973C-7F4D20B82F15","429abb0f-8370-4149-8025-00ce6b11f130"
"209BED57-6EE7-49CF-9AF6-290F9009B093","30C0B77D-27B6-4BAC-973C-7F4D20B82F15","560A4846-F167-4A74-91C2-4CB2AC563558"
"209BED57-6EE7-49CF-9AF6-290F9009B093","30C0B77D-27B6-4BAC-973C-7F4D20B82F15","6868C4D1-E943-460B-AF27-1FFC4A0DAD2E"
"209BED57-6EE7-49CF-9AF6-290F9009B093","30C0B77D-27B6-4BAC-973C-7F4D20B82F15","6DE7BB56-225B-4F9F-8CE8-190E8189F4F1"
"209BED57-6EE7-49CF-9AF6-290F9009B093","30C0B77D-27B6-4BAC-973C-7F4D20B82F15","729F6973-7A1F-4FD9-9A8C-CC325D4991D0"
"209BED57-6EE7-49CF-9AF6-290F9009B093","30C0B77D-27B6-4BAC-973C-7F4D20B82F15","769ABD93-00D4-4161-8B4E-9DE35B92D385"
"209BED57-6EE7-49CF-9AF6-290F9009B093","30C0B77D-27B6-4BAC-973C-7F4D20B82F15","7F37BF97-4985-490D-9CEA-4244F2E416EB"
"209BED57-6EE7-49CF-9AF6-290F9009B093","30C0B77D-27B6-4BAC-973C-7F4D20B82F15","805B24F0-F108-42CC-ABFB-052F026C4018"
"209BED57-6EE7-49CF-9AF6-290F9009B093","30C0B77D-27B6-4BAC-973C-7F4D20B82F15","8728BD19-429B-41C5-B07B-E7350E3B0340"
"209BED57-6EE7-49CF-9AF6-290F9009B093","30C0B77D-27B6-4BAC-973C-7F4D20B82F15","922FA21F-C597-4DB1-9FE6-C879A2855C0D"
"209BED57-6EE7-49CF-9AF6-290F9009B093","30C0B77D-27B6-4BAC-973C-7F4D20B82F15","947E2AEA-DA5F-4B7C-8481-CCE0C9E5FFC7"
"209BED57-6EE7-49CF-9AF6-290F9009B093","30C0B77D-27B6-4BAC-973C-7F4D20B82F15","95D89AE2-2484-4115-9A43-BA10FA7D5B3E"
"209BED57-6EE7-49CF-9AF6-290F9009B093","30C0B77D-27B6-4BAC-973C-7F4D20B82F15","A802BCB6-F413-427E-A684-E30417BA623F"
"209BED57-6EE7-49CF-9AF6-290F9009B093","30C0B77D-27B6-4BAC-973C-7F4D20B82F15","B500C113-23CB-4854-8F8B-6916F5246E10"
"209BED57-6EE7-49CF-9AF6-290F9009B093","30C0B77D-27B6-4BAC-973C-7F4D20B82F15","B798D5D7-0F33-4577-85D4-F43CE1632538"
"209BED57-6EE7-49CF-9AF6-290F9009B093","30C0B77D-27B6-4BAC-973C-7F4D20B82F15","B7D7ED56-9D2E-4EE0-B2FD-3D257997849D"
"209BED57-6EE7-49CF-9AF6-290F9009B093","30C0B77D-27B6-4BAC-973C-7F4D20B82F15","BF0F2BCB-7E00-4AA9-A699-EBC094C976BD"
"209BED57-6EE7-49CF-9AF6-290F9009B093","30C0B77D-27B6-4BAC-973C-7F4D20B82F15","C11BA47F-6A17-430A-BA24-0CE137EA7264"
"209BED57-6EE7-49CF-9AF6-290F9009B093","30C0B77D-27B6-4BAC-973C-7F4D20B82F15","C2812006-710C-41ED-BB34-B52E59D1883B"
"209BED57-6EE7-49CF-9AF6-290F9009B093","30C0B77D-27B6-4BAC-973C-7F4D20B82F15","C2D053D7-9A54-4AEF-B979-832496FBDEE5"
"209BED57-6EE7-49CF-9AF6-290F9009B093","30C0B77D-27B6-4BAC-973C-7F4D20B82F15","C7E8276D-DD28-4F6F-9DD5-4B840453CDB3"
"209BED57-6EE7-49CF-9AF6-290F9009B093","30C0B77D-27B6-4BAC-973C-7F4D20B82F15","D01BA89C-239A-4FAB-BBC2-75AA74B4CAF0"
"209BED57-6EE7-49CF-9AF6-290F9009B093","30C0B77D-27B6-4BAC-973C-7F4D20B82F15","D0820307-BB19-4941-91A4-B59D03E78715"
"209BED57-6EE7-49CF-9AF6-290F9009B093","30C0B77D-27B6-4BAC-973C-7F4D20B82F15","d5612fa1-824e-48c0-a087-f7752b5e2270"
"209BED57-6EE7-49CF-9AF6-290F9009B093","30C0B77D-27B6-4BAC-973C-7F4D20B82F15","D6DF1B3E-D4DB-4662-ADC5-0C71FE4A61D9"
"209BED57-6EE7-49CF-9AF6-290F9009B093","30C0B77D-27B6-4BAC-973C-7F4D20B82F15","E4691760-752E-48C2-9F70-BDEC449B7347"
"209BED57-6EE7-49CF-9AF6-290F9009B093","30C0B77D-27B6-4BAC-973C-7F4D20B82F15","F10BBD88-A72E-4E2C-B5DF-DA923496573B"
"411C33FB-DDA1-46AE-A835-7D9468312D6B","3150A205-81E1-4D9D-99A7-91151189B4CF","3BBAFF82-5135-4841-A46B-D8DF4E2BC957"
"411C33FB-DDA1-46AE-A835-7D9468312D6B","3150A205-81E1-4D9D-99A7-91151189B4CF","3d9a04ac-ddc2-4e1e-8872-9dc2f627f888"
"C8AA7490-E59E-487F-AA3D-B5782F6B5750","318328C0-0BF9-4195-883B-0EBFCA71B8EE","2884E063-93DA-48BE-8B1C-9BB96D095A2F"
"C8AA7490-E59E-487F-AA3D-B5782F6B5750","318328C0-0BF9-4195-883B-0EBFCA71B8EE","4A99C9BF-670A-4FD2-9EA7-C59DEB6FADD0"
"C8AA7490-E59E-487F-AA3D-B5782F6B5750","318328C0-0BF9-4195-883B-0EBFCA71B8EE","579AE4D2-1704-4452-8F52-42613CFB3812"
"C8AA7490-E59E-487F-AA3D-B5782F6B5750","318328C0-0BF9-4195-883B-0EBFCA71B8EE","73EEDA3A-D0DE-4B0C-8767-769F99A7168A"
"C8AA7490-E59E-487F-AA3D-B5782F6B5750","318328C0-0BF9-4195-883B-0EBFCA71B8EE","96C43D5F-C56B-4329-AEED-C28660717313"
"C8AA7490-E59E-487F-AA3D-B5782F6B5750","318328C0-0BF9-4195-883B-0EBFCA71B8EE","9e6a64f3-00cd-4b4e-ade0-ee166749a89c"
"C8AA7490-E59E-487F-AA3D-B5782F6B5750","318328C0-0BF9-4195-883B-0EBFCA71B8EE","C3C4B34F-AB6F-4D16-98AB-125EA92F2B83"
"143464E5-D139-4997-8578-14A5F983BE19","320E062F-FE44-4D28-8557-B34BBBBE7602","DF711BF0-9FCA-4243-9492-BFFE73C9A093"
"143464E5-D139-4997-8578-14A5F983BE19","320E062F-FE44-4D28-8557-B34BBBBE7602","f9d6e542-25cf-451f-8212-60036247ee91"
"853296EF-19BF-44D5-9626-E4E2DAC830B5","324574A4-A18E-4762-96CB-BFC9E7F0FC2D","46CA6F22-F95A-466E-9D2A-58C575106781"
"853296EF-19BF-44D5-9626-E4E2DAC830B5","324574A4-A18E-4762-96CB-BFC9E7F0FC2D","78DA2D31-1342-4C11-A87E-FDA63316E9A4"
"853296EF-19BF-44D5-9626-E4E2DAC830B5","324574A4-A18E-4762-96CB-BFC9E7F0FC2D","AC1713C3-2801-48CE-8B41-1D9B51FAA54F"
"E8F93B98-CEF2-4F84-9F5F-5DA40BDEE118","32C09602-F32B-4F0D-8FF7-9D99E7463E33","1edddce2-140b-4668-b2a3-ad8a77ebcfb5"
"E8F93B98-CEF2-4F84-9F5F-5DA40BDEE118","32C09602-F32B-4F0D-8FF7-9D99E7463E33","43C67E8F-9CCD-48A3-9497-96CD8F104FDE"
"E8F93B98-CEF2-4F84-9F5F-5DA40BDEE118","32C09602-F32B-4F0D-8FF7-9D99E7463E33","62409DA9-9BCA-475E-B4F7-CBEB66285F27"
"18FDC750-DC3F-44B4-BE7A-C89AA0C1E201","330DEC8D-D88E-4AE9-820D-3D08E06ADF4E","F2FACE22-A141-4261-AAE1-F9A37E0661A8"
"PER","33A9F21506197A597CD0A64154D7FAEBA20C","330cb304-4d36-4ae9-b1f9-1d2f6f9ee1c9"
"4252032C-B0F0-4900-B895-1C18332C8DD3","34B9CF74-618F-4CDB-9B7D-E5F24FE94608","785F991E-3D84-4008-9B38-B8C7314C8679"
"4252032C-B0F0-4900-B895-1C18332C8DD3","34B9CF74-618F-4CDB-9B7D-E5F24FE94608","c93fa2b1-ddd6-4895-ac18-fc01fab2c276"
"33C7D997-4C78-4A96-AB48-436BF8963CC4","34BBBA61-863D-409A-AE1A-03B10531499D","1E756724-3123-4B64-9EF8-01A78A2CD7D9"
"33C7D997-4C78-4A96-AB48-436BF8963CC4","34BBBA61-863D-409A-AE1A-03B10531499D","84EF5121-BD30-495C-8B0E-CD15966E417D"
"33C7D997-4C78-4A96-AB48-436BF8963CC4","34BBBA61-863D-409A-AE1A-03B10531499D","9B66CDAF-42B0-4083-8027-FF26DB028805"
"202AFF99-13F6-47DB-9D07-9B0E9840CE21","353985AA-EC56-42D0-9BFA-E68A504626F4","1202BBF8-6EA2-4FD6-B275-47B5F8FF4965"
"202AFF99-13F6-47DB-9D07-9B0E9840CE21","353985AA-EC56-42D0-9BFA-E68A504626F4","8CDBDC82-A082-4587-B419-BCCE37DE6AE4"
"202AFF99-13F6-47DB-9D07-9B0E9840CE21","353985AA-EC56-42D0-9BFA-E68A504626F4","B52A6321-990D-484E-85B4-BD6A000F4B26"
"202AFF99-13F6-47DB-9D07-9B0E9840CE21","353985AA-EC56-42D0-9BFA-E68A504626F4","C8CE7FA4-2549-4D64-97F9-54A20369EE24"
"202AFF99-13F6-47DB-9D07-9B0E9840CE21","353985AA-EC56-42D0-9BFA-E68A504626F4","E2596BB8-CFF5-408D-B065-48421B697581"
"6604B1B0-9846-4048-80AD-41BA9110E484","363C562B-4342-4701-839B-26635EF77F33","3F64ED77-BFAF-47D3-BDB2-29D2A48BA7FF"
"6604B1B0-9846-4048-80AD-41BA9110E484","363C562B-4342-4701-839B-26635EF77F33","C79BD7EE-D7C3-4144-BFAB-ACE5C60767B6"
"80F2E5E2-DAC9-462D-8F99-5C890580ACB9","363C86BA-4002-43A7-A881-C47882CF1A5F","35B66CDC-CC15-4A07-8F22-7DB8D2A72162"
"80F2E5E2-DAC9-462D-8F99-5C890580ACB9","363C86BA-4002-43A7-A881-C47882CF1A5F","390F8C94-F02D-425D-AEB2-1D9822D25843"
"80F2E5E2-DAC9-462D-8F99-5C890580ACB9","363C86BA-4002-43A7-A881-C47882CF1A5F","595547D6-6C36-4972-99DA-E3C3C6F63119"
"FFCB048D-EA79-4B1B-B652-8ADD83356B86","3670C7D8-62A9-422B-B382-935A14CAEFB8","67B90EBC-9FA5-49E7-B42E-570A80FF1F2F"
"FFCB048D-EA79-4B1B-B652-8ADD83356B86","3670C7D8-62A9-422B-B382-935A14CAEFB8","A2D42534-3BC6-499D-B3B6-5D61F0A74192"
"91BB58FE-E7CF-4A31-934A-E54545AFF435","3690A44D-936E-4850-852F-C9165D8A8F70","C34B438F-8ABC-4798-81D3-63FFE510189B"
"PER","36BF928AA80002F64BDD0EF46BCA1E37B06B","f067f8b7-2548-4777-a048-33c3b95521bc"
"59A07A76-AB36-4D16-BAC9-70EC9D45AFD6","36F1D4D8-23E6-47BE-9501-D4BD47DC8D34","EA09BB9D-A33A-4277-BDCB-C34696AC61AA"
"1F9E9129-1025-45B1-8CF8-5AC74D44D160","370DDD85-8119-498F-8599-40A3EB30E991","14664B79-ADA5-49C2-8958-073DFF52BB1E"
"1F9E9129-1025-45B1-8CF8-5AC74D44D160","370DDD85-8119-498F-8599-40A3EB30E991","3C8DFC04-B6A5-42CA-8A1F-9590A13560F2"
"1F9E9129-1025-45B1-8CF8-5AC74D44D160","370DDD85-8119-498F-8599-40A3EB30E991","3CF36833-0728-48BC-B230-960EE416FABA"
"1F9E9129-1025-45B1-8CF8-5AC74D44D160","370DDD85-8119-498F-8599-40A3EB30E991","6CFA4C90-20DC-41DC-87D4-EF79AEBDB6F6"
"1F9E9129-1025-45B1-8CF8-5AC74D44D160","370DDD85-8119-498F-8599-40A3EB30E991","8002037F-7246-4E7C-9A92-C68D574B21C0"
"1F9E9129-1025-45B1-8CF8-5AC74D44D160","370DDD85-8119-498F-8599-40A3EB30E991","A6683081-5ABC-479B-A875-1C24A73F6E75"
"1F9E9129-1025-45B1-8CF8-5AC74D44D160","370DDD85-8119-498F-8599-40A3EB30E991","B172349E-0C60-415E-9141-DC012BA205EC"
"1F9E9129-1025-45B1-8CF8-5AC74D44D160","370DDD85-8119-498F-8599-40A3EB30E991","D78638B3-072A-4316-9FA5-B479F1F3D0CE"
"1F9E9129-1025-45B1-8CF8-5AC74D44D160","370DDD85-8119-498F-8599-40A3EB30E991","fe1dafa8-7e13-4dc3-8c5e-7fd5347ec331"
"47AE6993-C9BD-4225-85D1-02EAFE2F39C1","3786EF4E-9538-430D-AA04-A59C205C504E","0D363825-BBE5-4AD6-90C2-1B1C48868AA9"
"47AE6993-C9BD-4225-85D1-02EAFE2F39C1","3786EF4E-9538-430D-AA04-A59C205C504E","6366D531-1ABA-4CF1-8775-A5CF5AB0B463"
"INTERVALL","37B054275087BAE6FBE6BA1A6983693EE4BC","519e3184-fc0a-4b4a-9cbf-67167daf8388"
"605D9602-9DDA-4D38-9365-AED6E94D31E3","37F5BA15-1E2A-4A43-B257-2931BE897C30","FB7BED6D-BC0E-4FA7-A32B-772512024B66"
"AE821ED7-61CE-4767-BF1E-99344260B637","3815AAFE-212B-4FCC-8234-9B4E8AD00A85","7595783d-2943-42f5-9c58-f1d13ecdef2d"
"39D3D5B3-4FAC-4CD7-896C-A85ACADD89BD","383E9E8B-3D2E-4CB1-9F6E-1499D2F23A77","2823940A-B4E9-43B9-92BF-0F1DD8A44839"
"39D3D5B3-4FAC-4CD7-896C-A85ACADD89BD","383E9E8B-3D2E-4CB1-9F6E-1499D2F23A77","310896A0-04BF-4699-8296-7B7414F96CB2"
"39D3D5B3-4FAC-4CD7-896C-A85ACADD89BD","383E9E8B-3D2E-4CB1-9F6E-1499D2F23A77","4D1A2618-7919-45A6-AD20-E8D36D3797F6"
"39D3D5B3-4FAC-4CD7-896C-A85ACADD89BD","383E9E8B-3D2E-4CB1-9F6E-1499D2F23A77","A1301966-949A-4569-9F34-744F6F91B4D6"
"39D3D5B3-4FAC-4CD7-896C-A85ACADD89BD","383E9E8B-3D2E-4CB1-9F6E-1499D2F23A77","E31BCC57-4374-4525-ACC9-998887C975D3"
"1D283755-E4C1-4BC8-A5E4-0875475CB193","38602DB7-A208-4BD3-862E-D75F33898B97","6FCD0B22-0B90-41FB-AE91-D1C8D761F3B4"
"23B2DDE4-B0E1-417D-A5DB-E6F9FF18BF07","3874B37A-0142-418B-A33B-F03953D9E555","47C78291-21C5-44ED-878C-0F2DC4FE5E26"
"1CA3A1C9-EFCC-46B4-91E9-A25560680B05","390F26A0-153B-41D7-9A7E-5FC3B18413F3","1172CA65-7BF2-4AEC-B880-B588F39D2EC2"
"1CA3A1C9-EFCC-46B4-91E9-A25560680B05","390F26A0-153B-41D7-9A7E-5FC3B18413F3","1C9CC0DE-2D20-477D-BC67-E7EF5E29AD39"
"1CA3A1C9-EFCC-46B4-91E9-A25560680B05","390F26A0-153B-41D7-9A7E-5FC3B18413F3","2A9E0002-28FA-423B-9B6B-ACABE651AB7D"
"1CA3A1C9-EFCC-46B4-91E9-A25560680B05","390F26A0-153B-41D7-9A7E-5FC3B18413F3","332ED30F-3F3C-4A10-842B-1259EE9145D1"
"1CA3A1C9-EFCC-46B4-91E9-A25560680B05","390F26A0-153B-41D7-9A7E-5FC3B18413F3","4D5FA883-1224-4A8D-955D-826B87307E48"
"1CA3A1C9-EFCC-46B4-91E9-A25560680B05","390F26A0-153B-41D7-9A7E-5FC3B18413F3","867EF73F-B7BF-414A-B0CB-FE126257F533"
"1CA3A1C9-EFCC-46B4-91E9-A25560680B05","390F26A0-153B-41D7-9A7E-5FC3B18413F3","B115DA71-CC3A-427F-85CC-D213C8427875"
"00C030FE-5F22-4220-BBF3-D6318FC0157B","39682A06-42B8-4AAE-BD63-6F217F00937C","2C1A042F-8C32-4403-BC79-F47B557CFEAD"
"00C030FE-5F22-4220-BBF3-D6318FC0157B","39682A06-42B8-4AAE-BD63-6F217F00937C","33982971-0708-4449-A238-A5261A78B5D1"
"00C030FE-5F22-4220-BBF3-D6318FC0157B","39682A06-42B8-4AAE-BD63-6F217F00937C","3FC53E48-F624-4DDC-B9E1-7F560D9DCE67"
"00C030FE-5F22-4220-BBF3-D6318FC0157B","39682A06-42B8-4AAE-BD63-6F217F00937C","4256835B-9372-444A-AB08-A4875872DDCF"
"00C030FE-5F22-4220-BBF3-D6318FC0157B","39682A06-42B8-4AAE-BD63-6F217F00937C","55D89399-B811-4809-A171-CE52A1B05C04"
"00C030FE-5F22-4220-BBF3-D6318FC0157B","39682A06-42B8-4AAE-BD63-6F217F00937C","5a87b4a3-4664-4203-9ee5-b6766b79a18c"
"00C030FE-5F22-4220-BBF3-D6318FC0157B","39682A06-42B8-4AAE-BD63-6F217F00937C","61A45680-9916-40EC-B784-8EC74ABC1C98"
"00C030FE-5F22-4220-BBF3-D6318FC0157B","39682A06-42B8-4AAE-BD63-6F217F00937C","641D8779-3D43-4597-854A-D7EEBA6D6309"
"00C030FE-5F22-4220-BBF3-D6318FC0157B","39682A06-42B8-4AAE-BD63-6F217F00937C","68D59D75-F51A-46DD-917D-1B204435D070"
"00C030FE-5F22-4220-BBF3-D6318FC0157B","39682A06-42B8-4AAE-BD63-6F217F00937C","7E76EFEA-A403-47A3-A168-C60CE51821C0"
"00C030FE-5F22-4220-BBF3-D6318FC0157B","39682A06-42B8-4AAE-BD63-6F217F00937C","88C45000-0D88-4141-B650-262575BAC8D4"
"00C030FE-5F22-4220-BBF3-D6318FC0157B","39682A06-42B8-4AAE-BD63-6F217F00937C","A25AB2D3-CB34-40C0-845D-85C5137AA129"
"00C030FE-5F22-4220-BBF3-D6318FC0157B","39682A06-42B8-4AAE-BD63-6F217F00937C","A9EAFACE-C059-4DCD-924B-79B3EC65943D"
"00C030FE-5F22-4220-BBF3-D6318FC0157B","39682A06-42B8-4AAE-BD63-6F217F00937C","AB8D3EE5-E3B3-438B-9A62-421C7C2B885C"
"00C030FE-5F22-4220-BBF3-D6318FC0157B","39682A06-42B8-4AAE-BD63-6F217F00937C","B04A8EF5-58BA-47CB-A98E-E21DC76267A8"
"00C030FE-5F22-4220-BBF3-D6318FC0157B","39682A06-42B8-4AAE-BD63-6F217F00937C","DBC61F3F-AE61-4487-978F-C9D5420760DF"
"00C030FE-5F22-4220-BBF3-D6318FC0157B","39682A06-42B8-4AAE-BD63-6F217F00937C","E0CB0DA1-656A-42D0-9D3F-193FBEDE5E95"
"9279F5C7-A798-4BFB-A23C-C403318F3739","398241EF-FFD9-47E8-8C44-2036176BD141","141CEF76-65E1-4885-BA1B-51CE81FB785B"
"9279F5C7-A798-4BFB-A23C-C403318F3739","398241EF-FFD9-47E8-8C44-2036176BD141","E0D0CB95-6F7E-4D6C-9AC5-759648060C33"
"0BF48E29-4D5C-4CF1-BB6E-7E4B74AFDC1D","39A3F19F-7E3C-4404-AA2D-2964AECAF582","11523942-F73E-4FB5-886F-1F259DFA4014"
"0BF48E29-4D5C-4CF1-BB6E-7E4B74AFDC1D","39A3F19F-7E3C-4404-AA2D-2964AECAF582","1F694286-B098-4A24-85A5-5B63F7D95CB0"
"0BF48E29-4D5C-4CF1-BB6E-7E4B74AFDC1D","39A3F19F-7E3C-4404-AA2D-2964AECAF582","1FF73A12-AAD0-4337-98CD-F49D1ED4785A"
"0BF48E29-4D5C-4CF1-BB6E-7E4B74AFDC1D","39A3F19F-7E3C-4404-AA2D-2964AECAF582","7271AD7A-F1FD-499B-A557-0C20563D1830"
"0BF48E29-4D5C-4CF1-BB6E-7E4B74AFDC1D","39A3F19F-7E3C-4404-AA2D-2964AECAF582","95A9EFE5-6172-4CF3-91A5-A1614242ACFD"
"0BF48E29-4D5C-4CF1-BB6E-7E4B74AFDC1D","39A3F19F-7E3C-4404-AA2D-2964AECAF582","AB6597EF-5ED5-4CF5-8E0B-78ACC88DEC54"
"0BF48E29-4D5C-4CF1-BB6E-7E4B74AFDC1D","39A3F19F-7E3C-4404-AA2D-2964AECAF582","C916FB35-C376-406D-8F23-401F16601F0A"
"0BF48E29-4D5C-4CF1-BB6E-7E4B74AFDC1D","39A3F19F-7E3C-4404-AA2D-2964AECAF582","E92990D3-C8EC-4043-9BD4-BC622FBEF070"
"0BF48E29-4D5C-4CF1-BB6E-7E4B74AFDC1D","39A3F19F-7E3C-4404-AA2D-2964AECAF582","EFDA0343-5D47-44A7-8B19-7995D455A386"
"0BF48E29-4D5C-4CF1-BB6E-7E4B74AFDC1D","39A3F19F-7E3C-4404-AA2D-2964AECAF582","F30C6332-3188-427F-8515-1E51F27658C1"
"C2551D85-8959-4D6B-BE08-64D396B57E85","39E263BE-F7F5-443E-93DD-08319B2DEA92","67fe4abf-d8d1-494a-8482-ecc83fee27f6"
"C72865E2-606D-4C8C-8F58-85E5E1420122","3A7A1388-1345-4A94-AA79-808E3F33A023","610A2127-9453-499A-AF7E-8B6C36762EAE"
"C72865E2-606D-4C8C-8F58-85E5E1420122","3A7A1388-1345-4A94-AA79-808E3F33A023","885E9A11-60BC-4731-8CF4-DFF29736F39D"
"C72865E2-606D-4C8C-8F58-85E5E1420122","3A7A1388-1345-4A94-AA79-808E3F33A023","AECD8A27-5312-4437-8FCF-D4F5B91874ED"
"C72865E2-606D-4C8C-8F58-85E5E1420122","3A7A1388-1345-4A94-AA79-808E3F33A023","EFEC6C42-774B-4729-A680-0C9DC6290487"
"6295664C-74C9-4088-ADB0-E0529656656B","3A7A6C3C-D32B-4AA2-B5FE-7D6A0DE6BAD8","92CD4BE2-B470-40E5-AEB7-5EB8FB5C4FC1"
"6295664C-74C9-4088-ADB0-E0529656656B","3A7A6C3C-D32B-4AA2-B5FE-7D6A0DE6BAD8","CCEEC988-C9F0-4734-B006-C34CD7E8C379"
"278F1445-9E49-47FE-B97B-9B0FDF51DFC6","3AE259E2-ABEE-4268-A008-EFDA0A2DCA8A","26A17CD9-901D-42A8-97BB-56DCFB7E1D46"
"278F1445-9E49-47FE-B97B-9B0FDF51DFC6","3AE259E2-ABEE-4268-A008-EFDA0A2DCA8A","D08C88F2-7913-4928-B47D-48527974C56F"
"278F1445-9E49-47FE-B97B-9B0FDF51DFC6","3AE259E2-ABEE-4268-A008-EFDA0A2DCA8A","de332187-4ae2-4932-b04e-ee9c3d470800"
"278F1445-9E49-47FE-B97B-9B0FDF51DFC6","3AE259E2-ABEE-4268-A008-EFDA0A2DCA8A","DE6C2F6C-CC21-4689-B6AE-0E91056B4E22"
"PER","3AF847CDF740A026C8105B9BEF5923805719","c0f1e06b-9d0e-44ee-b77e-ce83408fedc3"
"PER","3B7804D41BA4F69271A8AAEAB7AA87C3603F","954a460a-877c-44c6-9e41-d76db1c0f96b"
"9BF2E7A4-9993-4C39-B1BA-3920AF3224D8","3B787511-8134-4C13-80E3-06F6C07B0C78","133218E5-7AB3-41EC-91E4-D6736FD9E524"
"9BF2E7A4-9993-4C39-B1BA-3920AF3224D8","3B787511-8134-4C13-80E3-06F6C07B0C78","16bde559-bd4a-4a1d-8ccd-f74658c13194"
"9BF2E7A4-9993-4C39-B1BA-3920AF3224D8","3B787511-8134-4C13-80E3-06F6C07B0C78","16D1854A-71F6-4395-BDB1-138E0FEA4F93"
"9BF2E7A4-9993-4C39-B1BA-3920AF3224D8","3B787511-8134-4C13-80E3-06F6C07B0C78","2B8E225F-6024-49CE-95DA-5545707F6B61"
"9BF2E7A4-9993-4C39-B1BA-3920AF3224D8","3B787511-8134-4C13-80E3-06F6C07B0C78","37085F5B-8839-45FD-8D6F-856D7B670A31"
"9BF2E7A4-9993-4C39-B1BA-3920AF3224D8","3B787511-8134-4C13-80E3-06F6C07B0C78","37EF4FE6-C9E4-4D24-BEA9-6D5F738C8991"
"9BF2E7A4-9993-4C39-B1BA-3920AF3224D8","3B787511-8134-4C13-80E3-06F6C07B0C78","489471E2-A421-4D7D-84D1-A7FEB3FF1165"
"9BF2E7A4-9993-4C39-B1BA-3920AF3224D8","3B787511-8134-4C13-80E3-06F6C07B0C78","594CC263-7AEA-4329-9BE4-E2B9381FDE2C"
"9BF2E7A4-9993-4C39-B1BA-3920AF3224D8","3B787511-8134-4C13-80E3-06F6C07B0C78","61E7A9D8-EB0F-43E8-A19C-542AB263DD96"
"9BF2E7A4-9993-4C39-B1BA-3920AF3224D8","3B787511-8134-4C13-80E3-06F6C07B0C78","8357BB2C-EE0E-4EB2-94B2-FA4A624D25FA"
"9BF2E7A4-9993-4C39-B1BA-3920AF3224D8","3B787511-8134-4C13-80E3-06F6C07B0C78","A3AF06EE-971B-4A77-9B33-AA25E59FE613"
"9BF2E7A4-9993-4C39-B1BA-3920AF3224D8","3B787511-8134-4C13-80E3-06F6C07B0C78","B45167E4-7888-4AD4-8B37-8E5F15A98255"
"9BF2E7A4-9993-4C39-B1BA-3920AF3224D8","3B787511-8134-4C13-80E3-06F6C07B0C78","C1CF98FA-E9BB-4151-B638-E9AF1B34E9B9"
"9BF2E7A4-9993-4C39-B1BA-3920AF3224D8","3B787511-8134-4C13-80E3-06F6C07B0C78","F81F2A0D-8E38-44E5-9F18-76DFC89D228C"
"9BF2E7A4-9993-4C39-B1BA-3920AF3224D8","3B787511-8134-4C13-80E3-06F6C07B0C78","FAF5E0DB-DA1D-433B-AD2D-74A095B5BEA3"
"52CB53DC-1250-4B85-ADB0-27485C54043D","3BE11892-7BCC-402C-8A99-BCB645F5BE91","DECA1474-D5DF-47B8-B54A-FEC21ABD2119"
"PER","3C214341F80F01C2FECC0BE4192A68CF907B","ddb12317-ecd2-4e03-8a19-636a05951cc0"
"0F976E31-2A71-4E1A-955F-A4637CEB08F0","3C29BB00-DE23-42BA-B469-C74236805CA0","8D5C4D2B-192B-4464-A45F-B84FCE36E57F"
"0F976E31-2A71-4E1A-955F-A4637CEB08F0","3C29BB00-DE23-42BA-B469-C74236805CA0","DA87D87C-DA5A-4C5F-BA27-4BB7B23D8758"
"59DD9742-2EA2-46DF-ADE1-78FB41FF7676","3C41C363-A1D5-46CD-BD5D-870DAED2AF57","EA73F518-1DC9-4BD9-94C2-C3A554D2F5AA"
"D5CD7809-AE17-4901-A4C1-39A8C60083F6","3C5F66DC-BBA1-4E0A-BDD7-13DF003C2E11","0C752F9F-0305-4FC0-A85E-44E67197A8CA"
"D5CD7809-AE17-4901-A4C1-39A8C60083F6","3C5F66DC-BBA1-4E0A-BDD7-13DF003C2E11","14D2BAC5-06A0-4D38-8D19-5C807CDB398B"
"D5CD7809-AE17-4901-A4C1-39A8C60083F6","3C5F66DC-BBA1-4E0A-BDD7-13DF003C2E11","6615C59B-0AD7-4A6B-B2E1-98455D30EE54"
"D5CD7809-AE17-4901-A4C1-39A8C60083F6","3C5F66DC-BBA1-4E0A-BDD7-13DF003C2E11","9147012E-8095-41F7-9DCC-9796DF1456CF"
"D5CD7809-AE17-4901-A4C1-39A8C60083F6","3C5F66DC-BBA1-4E0A-BDD7-13DF003C2E11","A7B2741D-F196-4385-A2E3-8D027D5FB95D"
"D5CD7809-AE17-4901-A4C1-39A8C60083F6","3C5F66DC-BBA1-4E0A-BDD7-13DF003C2E11","D2FA83E8-A64A-4DEE-986A-3D16148E184D"
"70A97ADA-5885-43F1-905A-2E5C43F156F3","3CA65849-9162-421F-9CD5-064135D87D3F","FAE26099-65B4-456E-A551-AEB479BA0554"
"315D95BA-3A91-47FA-879E-243DE7C9A9D7","3CB1EE5F-7B61-4EBE-AE0B-13DBD425DB8A","AB8D3EE5-E3B3-438B-9A62-421C7C2B885C"
"ABAB19E0-8DA6-43CF-B859-DA118C58F22A","3D0B5230-E1AD-4E1F-B289-9491B069ED65","1CF66442-FF97-4D7C-AB47-6C7829AEC3CD"
"9F369F39-2B92-4C64-B462-7C9B2A56EBAC","3DA8E746-4DAE-4C1E-A65F-11A781C8FBA9","0B28A9B1-9E7A-4F2B-B755-A324A13428D7"
"9F369F39-2B92-4C64-B462-7C9B2A56EBAC","3DA8E746-4DAE-4C1E-A65F-11A781C8FBA9","158F3A0F-9474-4851-ACAC-E0D1336CA1C8"
"9F369F39-2B92-4C64-B462-7C9B2A56EBAC","3DA8E746-4DAE-4C1E-A65F-11A781C8FBA9","33982971-0708-4449-A238-A5261A78B5D1"
"3B0C6485-80B4-448A-8C4F-D3F8533C85E0","C8C9EEE2-E745-46F4-B213-FAA09D341ADF","D936C07F-E0A5-4F69-BAB5-0EDC3FDD5955"
"3B0C6485-80B4-448A-8C4F-D3F8533C85E0","C8C9EEE2-E745-46F4-B213-FAA09D341ADF","DA63EA73-2CB2-4EC5-AC46-933E38A937CD"
"3B0C6485-80B4-448A-8C4F-D3F8533C85E0","C8C9EEE2-E745-46F4-B213-FAA09D341ADF","F88E9D2B-FACB-4C33-92E6-275D5DA9BED9"
"3B0C6485-80B4-448A-8C4F-D3F8533C85E0","C8C9EEE2-E745-46F4-B213-FAA09D341ADF","FB2824FA-E450-4663-87E9-AD6081DCDC8D"
"3B0C6485-80B4-448A-8C4F-D3F8533C85E0","C8C9EEE2-E745-46F4-B213-FAA09D341ADF","FCDDC554-2531-49B7-9BC5-3843F10D8697"
"PER","C9886BE8E0118B17C3CDFC17FDD65882542E","1fe695c2-f671-4c62-a3e8-8e1693d7427e"
"89F2DA24-0203-4FF6-B088-9482E344FF37","C990CD9C-5B05-4DA5-9D98-4EF791AFFC98","94C4A9C3-458C-4735-A564-039319140C1A"
"8325592F-02CE-4C96-AFFE-C5EC590951FD","CAED16EB-03EE-4A61-8A8D-1DF3E1E5B493","AEA98B9D-1ADF-4557-953D-5F0A98F5069C"
"8325592F-02CE-4C96-AFFE-C5EC590951FD","CAED16EB-03EE-4A61-8A8D-1DF3E1E5B493","C9ED612F-3697-4760-B450-FF3888B2AA8C"
"8325592F-02CE-4C96-AFFE-C5EC590951FD","CAED16EB-03EE-4A61-8A8D-1DF3E1E5B493","F32ECFBE-E7FF-4EC0-963F-1820586D97BF"
"8325592F-02CE-4C96-AFFE-C5EC590951FD","CAED16EB-03EE-4A61-8A8D-1DF3E1E5B493","FB4D60FC-11CB-460E-AA86-23EF90F76B3C"
"DB7603CC-6F95-4F49-B11B-84BEBA6819FC","CBDEE709-715A-4CDE-9526-F48CB20D2D6C","11EF8C4E-C992-415A-BB90-EDFA9A83DF8C"
"DB7603CC-6F95-4F49-B11B-84BEBA6819FC","CBDEE709-715A-4CDE-9526-F48CB20D2D6C","441FF63C-1040-4515-9B9C-0F6DCECC872E"
"DB7603CC-6F95-4F49-B11B-84BEBA6819FC","CBDEE709-715A-4CDE-9526-F48CB20D2D6C","5CE2670A-A3A3-43CF-BD53-865C8ACE24B2"
"DB7603CC-6F95-4F49-B11B-84BEBA6819FC","CBDEE709-715A-4CDE-9526-F48CB20D2D6C","78048B6E-1A3C-4FB3-B312-A40B595365F8"
"DB7603CC-6F95-4F49-B11B-84BEBA6819FC","CBDEE709-715A-4CDE-9526-F48CB20D2D6C","7AF330E2-8A95-4A43-A8BC-E88D82AE274E"
"DB7603CC-6F95-4F49-B11B-84BEBA6819FC","CBDEE709-715A-4CDE-9526-F48CB20D2D6C","7BDE32D4-8C87-4DF3-8006-318D7556D28D"
"DB7603CC-6F95-4F49-B11B-84BEBA6819FC","CBDEE709-715A-4CDE-9526-F48CB20D2D6C","8B302F17-9F9C-4FB3-8810-8870EFD1C7D4"
"DB7603CC-6F95-4F49-B11B-84BEBA6819FC","CBDEE709-715A-4CDE-9526-F48CB20D2D6C","9177B273-A957-4DA6-B11D-7B10B6296D86"
"DB7603CC-6F95-4F49-B11B-84BEBA6819FC","CBDEE709-715A-4CDE-9526-F48CB20D2D6C","B485F067-6CA1-4352-ABF2-D4713BB22461"
"DB7603CC-6F95-4F49-B11B-84BEBA6819FC","CBDEE709-715A-4CDE-9526-F48CB20D2D6C","C52B7032-1ABE-4F92-91D6-DA0854EC291B"
"DB7603CC-6F95-4F49-B11B-84BEBA6819FC","CBDEE709-715A-4CDE-9526-F48CB20D2D6C","D0B58778-8B1B-4856-B968-90264F46500C"
"DB7603CC-6F95-4F49-B11B-84BEBA6819FC","CBDEE709-715A-4CDE-9526-F48CB20D2D6C","EF464C31-6FE4-4144-BE41-5936A3E31E1C"
"462BACB0-1571-4746-A938-B92680D72DE6","681AD309-F404-4A7C-8186-5559679A0EC0","e54f0322-62e7-44c4-8a06-13a159b63548"
"462BACB0-1571-4746-A938-B92680D72DE6","681AD309-F404-4A7C-8186-5559679A0EC0","F049E5F6-AF19-45BD-92AC-1E1E5999DB61"
"5B38DC94-BCF3-4433-9F52-7136FAD24C6D","68705845-7A2D-4960-8AA1-406E8A5CD80F","8E64549F-2070-4E47-9C31-A2DAD9DAF8F7"
"F2520613-2C06-4F64-9532-CF8043DB2690","68FDBA2C-00EC-4034-86FE-529DE3B2995B","3D477FB8-5988-4D37-9E84-B176FBEBF1B1"
"F2520613-2C06-4F64-9532-CF8043DB2690","68FDBA2C-00EC-4034-86FE-529DE3B2995B","97F588C9-F010-4606-A8FF-264C6919569A"
"F2520613-2C06-4F64-9532-CF8043DB2690","68FDBA2C-00EC-4034-86FE-529DE3B2995B","9FC62500-4247-40E3-9215-FE9E4A388557"
"F2520613-2C06-4F64-9532-CF8043DB2690","68FDBA2C-00EC-4034-86FE-529DE3B2995B","BC8405AB-6DB2-43CC-A044-7327B88FEF26"
"F2520613-2C06-4F64-9532-CF8043DB2690","68FDBA2C-00EC-4034-86FE-529DE3B2995B","C84F9F94-2235-4C69-B77E-FF7CFE69CB98"
"F2520613-2C06-4F64-9532-CF8043DB2690","68FDBA2C-00EC-4034-86FE-529DE3B2995B","F98BD6E3-2D70-40BD-A589-643B2E4F3AB1"
"DBA2459B-D8EC-481A-BF1A-05CDCD661483","69400172-5018-46A6-A978-01BC039145E4","270F8B40-379D-4A77-B603-F0191C25D529"
"B90823F6-29FE-4BC6-A4C9-4C284810F679","695EEC43-8126-45D3-8AF5-8F91F5449F5F","8F8E95D2-A5E7-4BA9-AE40-E2F9E4FB59E4"
"8EB1E6FF-2B4D-4204-BD1C-0DBE4C2460E8","69B3A8F0-0FE2-44E8-A633-A9EF25C75A33","0269A639-F17E-4FFC-BCC5-E77A1039930B"
"8EB1E6FF-2B4D-4204-BD1C-0DBE4C2460E8","69B3A8F0-0FE2-44E8-A633-A9EF25C75A33","1B041365-132E-41F5-BF8E-C9D832888ADD"
"8EB1E6FF-2B4D-4204-BD1C-0DBE4C2460E8","69B3A8F0-0FE2-44E8-A633-A9EF25C75A33","2BCFD4A6-5102-4539-9DEC-F62867EB728A"
"8EB1E6FF-2B4D-4204-BD1C-0DBE4C2460E8","69B3A8F0-0FE2-44E8-A633-A9EF25C75A33","3101F612-6E2C-492D-B05F-6E54BC39CC3B"
"8EB1E6FF-2B4D-4204-BD1C-0DBE4C2460E8","69B3A8F0-0FE2-44E8-A633-A9EF25C75A33","3A4C2773-21E7-4C39-BCC7-6E1C3A82F441"
"8EB1E6FF-2B4D-4204-BD1C-0DBE4C2460E8","69B3A8F0-0FE2-44E8-A633-A9EF25C75A33","3FD74DA8-AC06-4A84-8C9E-A290964CD97B"
"8EB1E6FF-2B4D-4204-BD1C-0DBE4C2460E8","69B3A8F0-0FE2-44E8-A633-A9EF25C75A33","43840EBF-C8F2-4B21-A6FF-D8C53626D9DE"
"8EB1E6FF-2B4D-4204-BD1C-0DBE4C2460E8","69B3A8F0-0FE2-44E8-A633-A9EF25C75A33","4D15C811-C54D-47D7-9E80-178DA4E0BAED"
"8EB1E6FF-2B4D-4204-BD1C-0DBE4C2460E8","69B3A8F0-0FE2-44E8-A633-A9EF25C75A33","519e3184-fc0a-4b4a-9cbf-67167daf8388"
"8EB1E6FF-2B4D-4204-BD1C-0DBE4C2460E8","69B3A8F0-0FE2-44E8-A633-A9EF25C75A33","56872D17-BADD-4B38-A1A0-E1BDF00F21CC"
"8EB1E6FF-2B4D-4204-BD1C-0DBE4C2460E8","69B3A8F0-0FE2-44E8-A633-A9EF25C75A33","65C7780D-9305-4C99-BD44-B7D8663CDBB1"
"8EB1E6FF-2B4D-4204-BD1C-0DBE4C2460E8","69B3A8F0-0FE2-44E8-A633-A9EF25C75A33","66313563-7B54-4ECB-B808-40F1671CB23D"
"8EB1E6FF-2B4D-4204-BD1C-0DBE4C2460E8","69B3A8F0-0FE2-44E8-A633-A9EF25C75A33","6B4AEC93-AF21-43CF-ADE8-D51DE1FBA7A5"
"8EB1E6FF-2B4D-4204-BD1C-0DBE4C2460E8","69B3A8F0-0FE2-44E8-A633-A9EF25C75A33","73E2B4D4-C617-4C5B-9E26-676D68AEB5C3"
"8EB1E6FF-2B4D-4204-BD1C-0DBE4C2460E8","69B3A8F0-0FE2-44E8-A633-A9EF25C75A33","76B8E257-0673-4A41-ADC3-E99B38E472E0"
"8EB1E6FF-2B4D-4204-BD1C-0DBE4C2460E8","69B3A8F0-0FE2-44E8-A633-A9EF25C75A33","7734AA17-DCD2-4844-9A37-D685F43405CD"
"8EB1E6FF-2B4D-4204-BD1C-0DBE4C2460E8","69B3A8F0-0FE2-44E8-A633-A9EF25C75A33","81165607-A87C-4E7E-B0C5-9CF91740FE90"
"8EB1E6FF-2B4D-4204-BD1C-0DBE4C2460E8","69B3A8F0-0FE2-44E8-A633-A9EF25C75A33","82F54B50-C0A2-440C-93DD-F48244B3FB7A"
"8EB1E6FF-2B4D-4204-BD1C-0DBE4C2460E8","69B3A8F0-0FE2-44E8-A633-A9EF25C75A33","885D11E8-BEB8-4315-B5D9-5CA01EE7EB4D"
"8EB1E6FF-2B4D-4204-BD1C-0DBE4C2460E8","69B3A8F0-0FE2-44E8-A633-A9EF25C75A33","9430F7F3-ADE6-48A9-9B41-29AD12DA3610"
"8EB1E6FF-2B4D-4204-BD1C-0DBE4C2460E8","69B3A8F0-0FE2-44E8-A633-A9EF25C75A33","A0B64310-2AE8-4E01-803B-6FEA6944E3E4"
"8EB1E6FF-2B4D-4204-BD1C-0DBE4C2460E8","69B3A8F0-0FE2-44E8-A633-A9EF25C75A33","A31F41A4-CC5D-4D10-A0A1-1F38094F64A6"
"8EB1E6FF-2B4D-4204-BD1C-0DBE4C2460E8","69B3A8F0-0FE2-44E8-A633-A9EF25C75A33","B5075607-334B-4ECA-AD35-3ACE59272B5F"
"8EB1E6FF-2B4D-4204-BD1C-0DBE4C2460E8","69B3A8F0-0FE2-44E8-A633-A9EF25C75A33","B5731F85-30D4-420D-B49F-1B087F510312"
"8EB1E6FF-2B4D-4204-BD1C-0DBE4C2460E8","69B3A8F0-0FE2-44E8-A633-A9EF25C75A33","BE08A393-EEB0-410B-B23B-9020E71C2DFC"
"8EB1E6FF-2B4D-4204-BD1C-0DBE4C2460E8","69B3A8F0-0FE2-44E8-A633-A9EF25C75A33","CC9B11A2-1392-4808-A781-2C56C6D8C4F7"
"8EB1E6FF-2B4D-4204-BD1C-0DBE4C2460E8","69B3A8F0-0FE2-44E8-A633-A9EF25C75A33","D563FE16-E9B3-488E-A5E8-58BEA7852DEE"
"8EB1E6FF-2B4D-4204-BD1C-0DBE4C2460E8","69B3A8F0-0FE2-44E8-A633-A9EF25C75A33","D98CD670-2C28-4271-95C6-A99DC8AF89A1"
"8EB1E6FF-2B4D-4204-BD1C-0DBE4C2460E8","69B3A8F0-0FE2-44E8-A633-A9EF25C75A33","E12C33EC-A2B4-42C7-BCEE-A964D7F6833E"
"8EB1E6FF-2B4D-4204-BD1C-0DBE4C2460E8","69B3A8F0-0FE2-44E8-A633-A9EF25C75A33","E4D55745-2CE7-471E-A8A3-E5EBA929B5B6"
"8EB1E6FF-2B4D-4204-BD1C-0DBE4C2460E8","69B3A8F0-0FE2-44E8-A633-A9EF25C75A33","E8FDCC7E-DEE6-4962-BA23-3EB3B2BBD807"
"8EB1E6FF-2B4D-4204-BD1C-0DBE4C2460E8","69B3A8F0-0FE2-44E8-A633-A9EF25C75A33","FDDDE939-DBDE-43FC-B80A-26E9602435F6"
"INTERVALL","69C0EDDC208D10C3E304BB0BFD2DF425473D","f6c4b7a1-4150-4b10-a1ab-d38be99d4357"
"756166B7-48F7-41B6-95AB-87198A1A3EE4","69F05AF2-75B6-4D10-8C0E-601EDEE04F38","12B6EE35-A461-460F-9E2A-E5D4DE720E56"
"PER","6AD76B5ED5F840F9864FAB798D32D29FCAE5","812250fe-0823-4798-ac6f-c6ad5caff239"
"D89E062F-9403-43AD-A75D-44203788D83C","6B024A9E-4E76-4A8C-9FA0-4ABA3377AA4F","04C16FD1-C9F9-4167-9431-E6D528BFD3FD"
"8516A07A-4456-45C4-9222-203221B1F6FD","6B5FE417-9CCF-4371-9223-013201D0CD4F","555029BD-D92D-4149-9E84-8DF723B87FBA"
"8516A07A-4456-45C4-9222-203221B1F6FD","6B5FE417-9CCF-4371-9223-013201D0CD4F","705FBD3C-65B0-4EFE-9D11-66ACB8A24B97"
"8516A07A-4456-45C4-9222-203221B1F6FD","6B5FE417-9CCF-4371-9223-013201D0CD4F","79A7F4FD-80F0-4B61-B419-80B207BB5093"
"PER","6B646EB8EC2C5C51E2165D6E8341ADC68C76","becdde7e-d77f-4834-aa0d-cae9153fa318"
"FCE20C75-1860-4E67-90F1-20376E1D9F32","6B91A78C-0688-47F1-A4A8-29CFB48B421A","26A70787-7613-482A-8125-25E5A129E6FB"
"FCE20C75-1860-4E67-90F1-20376E1D9F32","6B91A78C-0688-47F1-A4A8-29CFB48B421A","B2CBD5F4-80C1-4E74-BE82-2C1F3D5F2E22"
"INTERVALL","6C72EDA07EDDFB53550D8633844FA6F1825B","3cb87d65-d74e-417e-b09e-dbd0cbf75e53"
"A3AEBF81-2AF7-4662-8303-2BC2D42CF7D2","6CC4921F-7707-41CC-8318-D185D45E8CA3","186B7250-0394-464C-ABD3-28698D96B3A6"
"A3AEBF81-2AF7-4662-8303-2BC2D42CF7D2","6CC4921F-7707-41CC-8318-D185D45E8CA3","AE1C4B8A-1B0F-4DD9-87D3-F5A0C74B5D43"
"34C04E59-549B-4AAC-92E7-34BB7437EC5D","6CF66AD6-36F0-49CB-8DD4-24EDD8F0A763","E1774E3B-6921-43FC-98E3-9206ED693A51"
"B006C047-C8D7-4B65-BC78-DDE801F1B5C7","6D108241-905B-4FE1-9CFB-F99592DE115F","12BD78D0-DC40-47AA-996B-071F3762028D"
"B006C047-C8D7-4B65-BC78-DDE801F1B5C7","6D108241-905B-4FE1-9CFB-F99592DE115F","1D9A2219-774B-4D97-8400-3B181A13F53D"
"B006C047-C8D7-4B65-BC78-DDE801F1B5C7","6D108241-905B-4FE1-9CFB-F99592DE115F","638C1F8C-BFCF-425D-AB21-6B1A1AB77D35"
"B006C047-C8D7-4B65-BC78-DDE801F1B5C7","6D108241-905B-4FE1-9CFB-F99592DE115F","E53C4DFA-73D0-46C1-9132-9A61777A703E"
"B006C047-C8D7-4B65-BC78-DDE801F1B5C7","6D108241-905B-4FE1-9CFB-F99592DE115F","EC5EBD86-D1F4-46FE-8DC6-7EC0DC82B454"
"EB2E839A-3550-40C8-B268-A89FF8ED18C7","6D92B8B1-59BB-4123-92B4-1505D82A3B11","134EB23E-F5FE-4A45-B1BA-77D2E18F187D"
"EB2E839A-3550-40C8-B268-A89FF8ED18C7","6D92B8B1-59BB-4123-92B4-1505D82A3B11","69801E83-F9E4-41AD-A3FC-4539E7518B34"
"EB2E839A-3550-40C8-B268-A89FF8ED18C7","6D92B8B1-59BB-4123-92B4-1505D82A3B11","97F4B47C-CF3B-4822-AD65-7A2D27CDC141"
"EB2E839A-3550-40C8-B268-A89FF8ED18C7","6D92B8B1-59BB-4123-92B4-1505D82A3B11","BCCC7EA4-5114-4F0D-8436-EDB1BA866D87"
"EB2E839A-3550-40C8-B268-A89FF8ED18C7","6D92B8B1-59BB-4123-92B4-1505D82A3B11","C7F0BDBA-90F9-446E-8FE0-BA1345585744"
"EB2E839A-3550-40C8-B268-A89FF8ED18C7","6D92B8B1-59BB-4123-92B4-1505D82A3B11","FE7AEB6A-13BE-45D9-A2AF-C02FC52B9E16"
"FA8D3163-FEEB-426F-8670-E653F8A4E5E2","6DD70992-7D30-4609-B596-F7166A85398D","00C55C10-9440-4EC6-A367-F16A3D818023"
"FA8D3163-FEEB-426F-8670-E653F8A4E5E2","6DD70992-7D30-4609-B596-F7166A85398D","0101C4F5-EDF7-44CD-8A51-9F4BF7B17C9F"
"FA8D3163-FEEB-426F-8670-E653F8A4E5E2","6DD70992-7D30-4609-B596-F7166A85398D","0121b8b2-1eef-41d5-9ff3-eab6081a8b95"
"FA8D3163-FEEB-426F-8670-E653F8A4E5E2","6DD70992-7D30-4609-B596-F7166A85398D","021FD92E-8DBC-4229-9282-7B9B83A27395"
"FA8D3163-FEEB-426F-8670-E653F8A4E5E2","6DD70992-7D30-4609-B596-F7166A85398D","029457E2-5B1A-4498-919F-44DE26D88E13"
"FA8D3163-FEEB-426F-8670-E653F8A4E5E2","6DD70992-7D30-4609-B596-F7166A85398D","05C8883D-6D26-41FA-94B7-68E8604C0738"
"FA8D3163-FEEB-426F-8670-E653F8A4E5E2","6DD70992-7D30-4609-B596-F7166A85398D","07015bcf-f6a5-4c0a-a42f-943509d7cc76"
"FA8D3163-FEEB-426F-8670-E653F8A4E5E2","6DD70992-7D30-4609-B596-F7166A85398D","0A389BB9-DD20-4887-8B69-FBD1E8C21FEC"
"FA8D3163-FEEB-426F-8670-E653F8A4E5E2","6DD70992-7D30-4609-B596-F7166A85398D","0B912F2C-73F3-4845-BC81-0EEDB665FA75"
"FA8D3163-FEEB-426F-8670-E653F8A4E5E2","6DD70992-7D30-4609-B596-F7166A85398D","0CB1D014-F366-4CF7-870C-D3F4020F200E"
"FA8D3163-FEEB-426F-8670-E653F8A4E5E2","6DD70992-7D30-4609-B596-F7166A85398D","0CDDE124-8FFC-4986-805F-20DCCAD0209E"
"FA8D3163-FEEB-426F-8670-E653F8A4E5E2","6DD70992-7D30-4609-B596-F7166A85398D","0EEF2A9B-9567-449C-A860-3C2E27519CF9"
"FA8D3163-FEEB-426F-8670-E653F8A4E5E2","6DD70992-7D30-4609-B596-F7166A85398D","0F4829BC-09ED-414A-A47A-2D02C86D5C0B"
"FA8D3163-FEEB-426F-8670-E653F8A4E5E2","6DD70992-7D30-4609-B596-F7166A85398D","1316FD07-72E7-4D3A-A0C6-5AA11A27BDD0"
"FA8D3163-FEEB-426F-8670-E653F8A4E5E2","6DD70992-7D30-4609-B596-F7166A85398D","140023CC-A3CE-4014-B69E-E887CF70E2E8"
"FA8D3163-FEEB-426F-8670-E653F8A4E5E2","6DD70992-7D30-4609-B596-F7166A85398D","14656C5C-4C33-4534-B0DB-42FF3A23A550"
"FA8D3163-FEEB-426F-8670-E653F8A4E5E2","6DD70992-7D30-4609-B596-F7166A85398D","16A82092-95D6-4294-9E01-35E0E0308A0D"
"FA8D3163-FEEB-426F-8670-E653F8A4E5E2","6DD70992-7D30-4609-B596-F7166A85398D","176DAA65-2940-4F7D-A2EF-D2DF7250CEAA"
"FA8D3163-FEEB-426F-8670-E653F8A4E5E2","6DD70992-7D30-4609-B596-F7166A85398D","18AA9BA9-55DB-473B-BFB2-3A75C8716277"
"FA8D3163-FEEB-426F-8670-E653F8A4E5E2","6DD70992-7D30-4609-B596-F7166A85398D","19D11FCE-7509-47D8-AF22-B6BB89970642"
"FA8D3163-FEEB-426F-8670-E653F8A4E5E2","6DD70992-7D30-4609-B596-F7166A85398D","19DEFBAD-3639-47B2-9485-6FD273D9BA5A"
"FA8D3163-FEEB-426F-8670-E653F8A4E5E2","6DD70992-7D30-4609-B596-F7166A85398D","19EC99B4-A24E-4612-BCF6-3B7AB7ABFFA8"
"FA8D3163-FEEB-426F-8670-E653F8A4E5E2","6DD70992-7D30-4609-B596-F7166A85398D","1B86ECA5-6C49-4077-A56D-0D8FD8ECDDB6"
"FA8D3163-FEEB-426F-8670-E653F8A4E5E2","6DD70992-7D30-4609-B596-F7166A85398D","1DE6BF19-A808-47E5-BDED-B691F29B80DA"
"FA8D3163-FEEB-426F-8670-E653F8A4E5E2","6DD70992-7D30-4609-B596-F7166A85398D","1ECF8A35-9695-4476-97A9-5620BD1A5F54"
"FA8D3163-FEEB-426F-8670-E653F8A4E5E2","6DD70992-7D30-4609-B596-F7166A85398D","20A882EF-926F-409F-B32A-C85773F37F8C"
"FA8D3163-FEEB-426F-8670-E653F8A4E5E2","6DD70992-7D30-4609-B596-F7166A85398D","22D00DE9-4FC6-4743-B8E8-70DDA17D7C6C"
"FA8D3163-FEEB-426F-8670-E653F8A4E5E2","6DD70992-7D30-4609-B596-F7166A85398D","237D7BAA-727E-44AA-81C8-50C7FDA120FF"
"FA8D3163-FEEB-426F-8670-E653F8A4E5E2","6DD70992-7D30-4609-B596-F7166A85398D","242f7a30-9224-4f39-825b-000c1b98fe1e"
"FA8D3163-FEEB-426F-8670-E653F8A4E5E2","6DD70992-7D30-4609-B596-F7166A85398D","28A663E0-589E-46C2-A47D-C14D6FB4EE1B"
"FA8D3163-FEEB-426F-8670-E653F8A4E5E2","6DD70992-7D30-4609-B596-F7166A85398D","2963E019-5EE5-40D9-B8CD-2C6B4ED8AEB1"
"FA8D3163-FEEB-426F-8670-E653F8A4E5E2","6DD70992-7D30-4609-B596-F7166A85398D","29CEEE7B-3836-4CCB-8C87-537A5E44589D"
"FA8D3163-FEEB-426F-8670-E653F8A4E5E2","6DD70992-7D30-4609-B596-F7166A85398D","2A92B11A-A418-49A3-A3C8-E92AFC718186"
"FA8D3163-FEEB-426F-8670-E653F8A4E5E2","6DD70992-7D30-4609-B596-F7166A85398D","2C933760-0F34-4052-A829-CC0B279AEEE6"
"FA8D3163-FEEB-426F-8670-E653F8A4E5E2","6DD70992-7D30-4609-B596-F7166A85398D","2F1BE49E-24E0-4F0C-A0B3-773BCE9945B4"
"FA8D3163-FEEB-426F-8670-E653F8A4E5E2","6DD70992-7D30-4609-B596-F7166A85398D","2F4C5BD3-7C90-4208-97AB-858D94DE7421"
"FA8D3163-FEEB-426F-8670-E653F8A4E5E2","6DD70992-7D30-4609-B596-F7166A85398D","2FB9328E-29E6-4D0B-90D7-C75A3F3B4502"
"FA8D3163-FEEB-426F-8670-E653F8A4E5E2","6DD70992-7D30-4609-B596-F7166A85398D","31352791-DB2F-46A6-8184-C2251924E03D"
"FA8D3163-FEEB-426F-8670-E653F8A4E5E2","6DD70992-7D30-4609-B596-F7166A85398D","36156902-D852-416D-A5FF-416CE918A254"
"FA8D3163-FEEB-426F-8670-E653F8A4E5E2","6DD70992-7D30-4609-B596-F7166A85398D","36EBB9DC-2802-487F-955A-929A6D6663B1"
"FA8D3163-FEEB-426F-8670-E653F8A4E5E2","6DD70992-7D30-4609-B596-F7166A85398D","37130179-e618-4367-af34-146924178914"
"FA8D3163-FEEB-426F-8670-E653F8A4E5E2","6DD70992-7D30-4609-B596-F7166A85398D","3877F3D2-E898-4D2E-A9D5-2B1BA4D02808"
"FA8D3163-FEEB-426F-8670-E653F8A4E5E2","6DD70992-7D30-4609-B596-F7166A85398D","3906846E-F98E-4E8D-90F6-712FB1A9201C"
"FA8D3163-FEEB-426F-8670-E653F8A4E5E2","6DD70992-7D30-4609-B596-F7166A85398D","3a18641e-7c31-4077-912a-06eb6a02ef8e"
"FA8D3163-FEEB-426F-8670-E653F8A4E5E2","6DD70992-7D30-4609-B596-F7166A85398D","3D30A752-8B21-4BA5-983A-F0FB6FF5C051"
"FA8D3163-FEEB-426F-8670-E653F8A4E5E2","6DD70992-7D30-4609-B596-F7166A85398D","4059cb79-b568-4008-8244-45ad05f401a8"
"FA8D3163-FEEB-426F-8670-E653F8A4E5E2","6DD70992-7D30-4609-B596-F7166A85398D","411F5E32-3796-4FC5-B6B6-02566842ACA3"
"FA8D3163-FEEB-426F-8670-E653F8A4E5E2","6DD70992-7D30-4609-B596-F7166A85398D","44E38004-EA19-4C25-B4C9-26BE07E4A39E"
"FA8D3163-FEEB-426F-8670-E653F8A4E5E2","6DD70992-7D30-4609-B596-F7166A85398D","45e48e4e-58f7-4d6f-94de-59573c7e1795"
"FA8D3163-FEEB-426F-8670-E653F8A4E5E2","6DD70992-7D30-4609-B596-F7166A85398D","48FD827B-E787-4465-9160-55EDE76FA741"
"FA8D3163-FEEB-426F-8670-E653F8A4E5E2","6DD70992-7D30-4609-B596-F7166A85398D","497C629B-1303-4BCA-BA0C-7FCC8EF39A61"
"FA8D3163-FEEB-426F-8670-E653F8A4E5E2","6DD70992-7D30-4609-B596-F7166A85398D","49FA3738-53B3-4AC2-94D6-4B35BD0E6BAE"
"FA8D3163-FEEB-426F-8670-E653F8A4E5E2","6DD70992-7D30-4609-B596-F7166A85398D","4ADEA132-42A2-4AF6-8B4F-F1631C184A31"
"FA8D3163-FEEB-426F-8670-E653F8A4E5E2","6DD70992-7D30-4609-B596-F7166A85398D","4B79463A-C69A-4CF8-93C3-8B27986B5FA0"
"FA8D3163-FEEB-426F-8670-E653F8A4E5E2","6DD70992-7D30-4609-B596-F7166A85398D","4CCFC39D-0BC0-48D1-A3B0-51E74027CBC5"
"FA8D3163-FEEB-426F-8670-E653F8A4E5E2","6DD70992-7D30-4609-B596-F7166A85398D","4E493ECF-2645-4A67-8575-0A3DBD595E6A"
"FA8D3163-FEEB-426F-8670-E653F8A4E5E2","6DD70992-7D30-4609-B596-F7166A85398D","504C76A6-8826-445D-A18F-E612A991160B"
"FA8D3163-FEEB-426F-8670-E653F8A4E5E2","6DD70992-7D30-4609-B596-F7166A85398D","518860A7-C6DA-4EF4-9705-F8E4EC426E03"
"FA8D3163-FEEB-426F-8670-E653F8A4E5E2","6DD70992-7D30-4609-B596-F7166A85398D","52b0d607-5a02-4966-9402-286a4cc0a556"
"FA8D3163-FEEB-426F-8670-E653F8A4E5E2","6DD70992-7D30-4609-B596-F7166A85398D","54B81E42-91EA-4C9C-B142-9D1846B17720"
"FA8D3163-FEEB-426F-8670-E653F8A4E5E2","6DD70992-7D30-4609-B596-F7166A85398D","54FCA849-DE48-48DC-ACED-F3E37E1D72EE"
"FA8D3163-FEEB-426F-8670-E653F8A4E5E2","6DD70992-7D30-4609-B596-F7166A85398D","55337955-C363-4AD5-B9DE-9A4287E925B0"
"FA8D3163-FEEB-426F-8670-E653F8A4E5E2","6DD70992-7D30-4609-B596-F7166A85398D","557FFFF8-0157-40E6-93BB-E0DB113B85E9"
"FA8D3163-FEEB-426F-8670-E653F8A4E5E2","6DD70992-7D30-4609-B596-F7166A85398D","5889266F-C788-450D-B562-F02DB26E679F"
"FA8D3163-FEEB-426F-8670-E653F8A4E5E2","6DD70992-7D30-4609-B596-F7166A85398D","5932611F-1FA2-44F5-BD4B-FA553AC01237"
"FA8D3163-FEEB-426F-8670-E653F8A4E5E2","6DD70992-7D30-4609-B596-F7166A85398D","597EE82B-539A-4AFD-B810-A2DE16F8042B"
"FA8D3163-FEEB-426F-8670-E653F8A4E5E2","6DD70992-7D30-4609-B596-F7166A85398D","5ae39ab4-79ff-4653-87d8-0544120c581e"
"FA8D3163-FEEB-426F-8670-E653F8A4E5E2","6DD70992-7D30-4609-B596-F7166A85398D","5c7781c3-ddb9-4682-8649-0988c7d5192b"
"FA8D3163-FEEB-426F-8670-E653F8A4E5E2","6DD70992-7D30-4609-B596-F7166A85398D","5D11D7FD-0506-45FA-9EB6-C920E134CA15"
"FA8D3163-FEEB-426F-8670-E653F8A4E5E2","6DD70992-7D30-4609-B596-F7166A85398D","60cb0d86-fad3-4f4a-a7cb-7543a303c65b"
"FA8D3163-FEEB-426F-8670-E653F8A4E5E2","6DD70992-7D30-4609-B596-F7166A85398D","6335d5c9-4a61-4573-b532-7d21fd2775c9"
"FA8D3163-FEEB-426F-8670-E653F8A4E5E2","6DD70992-7D30-4609-B596-F7166A85398D","63671301-b899-4fcc-8d91-a4b0caba16a4"
"FA8D3163-FEEB-426F-8670-E653F8A4E5E2","6DD70992-7D30-4609-B596-F7166A85398D","63B23814-3AA4-4F5A-BCAE-D3DEE89BAB28"
"FA8D3163-FEEB-426F-8670-E653F8A4E5E2","6DD70992-7D30-4609-B596-F7166A85398D","63CDCA9A-ED14-4BEA-A1D1-6CE4388DC08A"
"FA8D3163-FEEB-426F-8670-E653F8A4E5E2","6DD70992-7D30-4609-B596-F7166A85398D","6435151A-68AD-44B2-835A-EE8DF980CA93"
"FA8D3163-FEEB-426F-8670-E653F8A4E5E2","6DD70992-7D30-4609-B596-F7166A85398D","66314939-6F11-4903-93E6-1C524BBC24B0"
"FA8D3163-FEEB-426F-8670-E653F8A4E5E2","6DD70992-7D30-4609-B596-F7166A85398D","668C7979-3505-4629-9057-A1941E99D29A"
"FA8D3163-FEEB-426F-8670-E653F8A4E5E2","6DD70992-7D30-4609-B596-F7166A85398D","6B7E6B88-FD37-4648-9E35-F2D6C4AD3EF0"
"FA8D3163-FEEB-426F-8670-E653F8A4E5E2","6DD70992-7D30-4609-B596-F7166A85398D","6b8d642c-0e9b-4654-8e1c-3f19cac4342e"
"FA8D3163-FEEB-426F-8670-E653F8A4E5E2","6DD70992-7D30-4609-B596-F7166A85398D","6db2e48c-034b-4238-9582-97642e05cb87"
"FA8D3163-FEEB-426F-8670-E653F8A4E5E2","6DD70992-7D30-4609-B596-F7166A85398D","6dbcb5f3-dada-40d0-87b5-cbcf0c7a24d7"
"FA8D3163-FEEB-426F-8670-E653F8A4E5E2","6DD70992-7D30-4609-B596-F7166A85398D","6FC2BC08-7F4E-44AA-B04E-89C2358B3274"
"FA8D3163-FEEB-426F-8670-E653F8A4E5E2","6DD70992-7D30-4609-B596-F7166A85398D","711d69fb-750e-466e-97d0-c4bdc2de2f6b"
"FA8D3163-FEEB-426F-8670-E653F8A4E5E2","6DD70992-7D30-4609-B596-F7166A85398D","7142117d-ef9f-41b1-9631-3bb2fe791220"
"FA8D3163-FEEB-426F-8670-E653F8A4E5E2","6DD70992-7D30-4609-B596-F7166A85398D","73C2FA0F-5088-4378-9673-EBFD0ABA8C28"
"FA8D3163-FEEB-426F-8670-E653F8A4E5E2","6DD70992-7D30-4609-B596-F7166A85398D","73CBFA19-268B-4156-BB80-2106E06494AB"
"FA8D3163-FEEB-426F-8670-E653F8A4E5E2","6DD70992-7D30-4609-B596-F7166A85398D","74B87876-DF6A-4AE7-80E3-AA74D21F6C4E"
"FA8D3163-FEEB-426F-8670-E653F8A4E5E2","6DD70992-7D30-4609-B596-F7166A85398D","7655437E-9FC8-4442-90E8-A8BCCB551854"
"FA8D3163-FEEB-426F-8670-E653F8A4E5E2","6DD70992-7D30-4609-B596-F7166A85398D","769786c0-5aaf-426d-9d7d-02a309191e62"
"FA8D3163-FEEB-426F-8670-E653F8A4E5E2","6DD70992-7D30-4609-B596-F7166A85398D","7951DEB0-ECCD-4A62-A7FC-C10DD5820EA8"
"FA8D3163-FEEB-426F-8670-E653F8A4E5E2","6DD70992-7D30-4609-B596-F7166A85398D","7E5CEE85-666E-4599-A8CF-2C33D03F1665"
"FA8D3163-FEEB-426F-8670-E653F8A4E5E2","6DD70992-7D30-4609-B596-F7166A85398D","7F0FC257-13C9-46D2-BD8E-E71D2B5A0A6F"
"FA8D3163-FEEB-426F-8670-E653F8A4E5E2","6DD70992-7D30-4609-B596-F7166A85398D","7FA96900-1DAE-4401-9DE2-D349CF787398"
"FA8D3163-FEEB-426F-8670-E653F8A4E5E2","6DD70992-7D30-4609-B596-F7166A85398D","81105cdf-4564-4082-8424-c5dbfda18200"
"FA8D3163-FEEB-426F-8670-E653F8A4E5E2","6DD70992-7D30-4609-B596-F7166A85398D","84057D08-F989-46EA-B207-7BE97227E058"
"FA8D3163-FEEB-426F-8670-E653F8A4E5E2","6DD70992-7D30-4609-B596-F7166A85398D","864AA5F3-1DE1-49B0-BB01-7441EBA1444C"
"FA8D3163-FEEB-426F-8670-E653F8A4E5E2","6DD70992-7D30-4609-B596-F7166A85398D","882B0876-F23F-4DDF-9A6C-844B423684CE"
"FA8D3163-FEEB-426F-8670-E653F8A4E5E2","6DD70992-7D30-4609-B596-F7166A85398D","896E678F-420F-4F5D-99F1-FE91F32B1A05"
"FA8D3163-FEEB-426F-8670-E653F8A4E5E2","6DD70992-7D30-4609-B596-F7166A85398D","8A3D4479-EA03-4995-B087-E93C928585A2"
"FA8D3163-FEEB-426F-8670-E653F8A4E5E2","6DD70992-7D30-4609-B596-F7166A85398D","8b1c13cc-9b35-4620-b5ff-cac224106c0b"
"FA8D3163-FEEB-426F-8670-E653F8A4E5E2","6DD70992-7D30-4609-B596-F7166A85398D","901B5B52-7F4C-46CC-AE12-24C2CBFAB7F4"
"FA8D3163-FEEB-426F-8670-E653F8A4E5E2","6DD70992-7D30-4609-B596-F7166A85398D","919445B5-F042-4E54-B7B9-A8D4B231A520"
"FA8D3163-FEEB-426F-8670-E653F8A4E5E2","6DD70992-7D30-4609-B596-F7166A85398D","988392b4-a2db-40ef-929d-d8430389cdee"
"FA8D3163-FEEB-426F-8670-E653F8A4E5E2","6DD70992-7D30-4609-B596-F7166A85398D","993c7616-9464-4434-bcf0-96f005481075"
"FA8D3163-FEEB-426F-8670-E653F8A4E5E2","6DD70992-7D30-4609-B596-F7166A85398D","9C395C82-2FFD-4C6C-BEDE-0B37BE80B3BD"
"FA8D3163-FEEB-426F-8670-E653F8A4E5E2","6DD70992-7D30-4609-B596-F7166A85398D","9f484460-dc54-423d-9bcd-c16c3f53d36c"
"FA8D3163-FEEB-426F-8670-E653F8A4E5E2","6DD70992-7D30-4609-B596-F7166A85398D","9F6446A3-08A9-4A5E-AE61-115F490BEBD5"
"FA8D3163-FEEB-426F-8670-E653F8A4E5E2","6DD70992-7D30-4609-B596-F7166A85398D","9F840D1F-570C-4E94-BF85-007B416353EC"
"FA8D3163-FEEB-426F-8670-E653F8A4E5E2","6DD70992-7D30-4609-B596-F7166A85398D","A2C801DF-5200-40DA-A031-426C916D469E"
"FA8D3163-FEEB-426F-8670-E653F8A4E5E2","6DD70992-7D30-4609-B596-F7166A85398D","A3533AC5-B1D9-46AA-83A5-864861A90D79"
"FA8D3163-FEEB-426F-8670-E653F8A4E5E2","6DD70992-7D30-4609-B596-F7166A85398D","A3D82DE8-1B4B-44FA-9C6D-94562F6A33C3"
"FA8D3163-FEEB-426F-8670-E653F8A4E5E2","6DD70992-7D30-4609-B596-F7166A85398D","a480c8e3-1541-46b9-9852-28937258f8dd"
"FA8D3163-FEEB-426F-8670-E653F8A4E5E2","6DD70992-7D30-4609-B596-F7166A85398D","A48CF12D-7155-4923-8C90-CF4ACB61074C"
"FA8D3163-FEEB-426F-8670-E653F8A4E5E2","6DD70992-7D30-4609-B596-F7166A85398D","A5A1EF66-4B62-4459-BF8C-EBED98D70B45"
"FA8D3163-FEEB-426F-8670-E653F8A4E5E2","6DD70992-7D30-4609-B596-F7166A85398D","a62d9b4d-cb2a-44d2-9aa1-7185405e0a33"
"FA8D3163-FEEB-426F-8670-E653F8A4E5E2","6DD70992-7D30-4609-B596-F7166A85398D","A797620D-8F3E-438F-81DB-20E3D5C4EDA3"
"FA8D3163-FEEB-426F-8670-E653F8A4E5E2","6DD70992-7D30-4609-B596-F7166A85398D","A98ADB68-4094-4821-84B6-91104F53DC7B"
"FA8D3163-FEEB-426F-8670-E653F8A4E5E2","6DD70992-7D30-4609-B596-F7166A85398D","AA78B19F-B4F5-4B4B-9BE8-5D3A3DA4C5F0"
"FA8D3163-FEEB-426F-8670-E653F8A4E5E2","6DD70992-7D30-4609-B596-F7166A85398D","AAB4AF79-7371-4BBF-A9ED-EA9B93458CE9"
"FA8D3163-FEEB-426F-8670-E653F8A4E5E2","6DD70992-7D30-4609-B596-F7166A85398D","ac3d9bbc-2dce-417f-954d-3c37253f4c71"
"FA8D3163-FEEB-426F-8670-E653F8A4E5E2","6DD70992-7D30-4609-B596-F7166A85398D","AC71D814-4BDB-4076-835F-9B8D0E6CC74F"
"FA8D3163-FEEB-426F-8670-E653F8A4E5E2","6DD70992-7D30-4609-B596-F7166A85398D","ACD673A7-CFD6-4E5A-A243-6D19CA2A1DDA"
"FA8D3163-FEEB-426F-8670-E653F8A4E5E2","6DD70992-7D30-4609-B596-F7166A85398D","B02E8EB4-46FF-4F8E-8845-D4FEBC3F9539"
"FA8D3163-FEEB-426F-8670-E653F8A4E5E2","6DD70992-7D30-4609-B596-F7166A85398D","B3696DD3-33B1-46EF-AB69-A34079B6DE67"
"FA8D3163-FEEB-426F-8670-E653F8A4E5E2","6DD70992-7D30-4609-B596-F7166A85398D","B814F373-A8C7-485D-9269-B73431E43BD7"
"FA8D3163-FEEB-426F-8670-E653F8A4E5E2","6DD70992-7D30-4609-B596-F7166A85398D","BD983083-7BE9-450C-AF72-301F7D1E824A"
"FA8D3163-FEEB-426F-8670-E653F8A4E5E2","6DD70992-7D30-4609-B596-F7166A85398D","bdd49af5-14fb-4491-9a6f-e3c437d25dff"
"FA8D3163-FEEB-426F-8670-E653F8A4E5E2","6DD70992-7D30-4609-B596-F7166A85398D","BDE682B7-D934-4532-88CF-EEAE56F0EF81"
"FA8D3163-FEEB-426F-8670-E653F8A4E5E2","6DD70992-7D30-4609-B596-F7166A85398D","BE317A11-38C8-40F5-A853-A8694B1916DE"
"FA8D3163-FEEB-426F-8670-E653F8A4E5E2","6DD70992-7D30-4609-B596-F7166A85398D","BE66A95A-C723-453A-9B1E-E1E2FA3B1E08"
"FA8D3163-FEEB-426F-8670-E653F8A4E5E2","6DD70992-7D30-4609-B596-F7166A85398D","BEF9967F-97F1-4978-BD71-ACD1168D4EDE"
"FA8D3163-FEEB-426F-8670-E653F8A4E5E2","6DD70992-7D30-4609-B596-F7166A85398D","BF4955D1-C0F4-492A-9B7B-9E518B0B6BA4"
"FA8D3163-FEEB-426F-8670-E653F8A4E5E2","6DD70992-7D30-4609-B596-F7166A85398D","bf848635-a558-477c-b04f-7474c922f5f7"
"FA8D3163-FEEB-426F-8670-E653F8A4E5E2","6DD70992-7D30-4609-B596-F7166A85398D","C00615CE-C20E-4490-AEB6-B8FFAEF8958D"
"FA8D3163-FEEB-426F-8670-E653F8A4E5E2","6DD70992-7D30-4609-B596-F7166A85398D","C04EB760-0DF0-44AE-A6E6-97EB7E96249C"
"FA8D3163-FEEB-426F-8670-E653F8A4E5E2","6DD70992-7D30-4609-B596-F7166A85398D","C063459C-B682-4084-AF03-148EF2D11144"
"FA8D3163-FEEB-426F-8670-E653F8A4E5E2","6DD70992-7D30-4609-B596-F7166A85398D","c0a01eaf-8d35-4afb-b39b-bf3b05d79ba7"
"FA8D3163-FEEB-426F-8670-E653F8A4E5E2","6DD70992-7D30-4609-B596-F7166A85398D","C1EEA2B3-BED0-4810-83C2-D74424801A5F"
"FA8D3163-FEEB-426F-8670-E653F8A4E5E2","6DD70992-7D30-4609-B596-F7166A85398D","C2631257-B9B3-436F-85FB-3F53C0358347"
"FA8D3163-FEEB-426F-8670-E653F8A4E5E2","6DD70992-7D30-4609-B596-F7166A85398D","C30E5963-C1EA-4965-991A-1A57671CA53C"
"FA8D3163-FEEB-426F-8670-E653F8A4E5E2","6DD70992-7D30-4609-B596-F7166A85398D","C36B0122-CB44-45CC-94D8-F23295AEFBC2"
"FA8D3163-FEEB-426F-8670-E653F8A4E5E2","6DD70992-7D30-4609-B596-F7166A85398D","c41e87b1-9cd7-4b2e-b952-198a8d62aee0"
"FA8D3163-FEEB-426F-8670-E653F8A4E5E2","6DD70992-7D30-4609-B596-F7166A85398D","C41F1D5E-0E8B-4219-8FA8-65DD014CDBE6"
"FA8D3163-FEEB-426F-8670-E653F8A4E5E2","6DD70992-7D30-4609-B596-F7166A85398D","C4C3AC39-82C8-4373-ACB5-1B52B489325B"
"FA8D3163-FEEB-426F-8670-E653F8A4E5E2","6DD70992-7D30-4609-B596-F7166A85398D","c5a92dce-e3ab-4e43-8388-d5e855104ed6"
"FA8D3163-FEEB-426F-8670-E653F8A4E5E2","6DD70992-7D30-4609-B596-F7166A85398D","C654EB8B-C904-458B-ADF6-FDE930D8AC3A"
"FA8D3163-FEEB-426F-8670-E653F8A4E5E2","6DD70992-7D30-4609-B596-F7166A85398D","C6C6595C-C6C2-496A-9C34-E2478D0C2492"
"FA8D3163-FEEB-426F-8670-E653F8A4E5E2","6DD70992-7D30-4609-B596-F7166A85398D","C6FE3EB8-0A1E-4AD4-9F09-004702AFEDB3"
"FA8D3163-FEEB-426F-8670-E653F8A4E5E2","6DD70992-7D30-4609-B596-F7166A85398D","C7AEBEF8-2285-40A1-A89D-FF3F02EEE2A2"
"FA8D3163-FEEB-426F-8670-E653F8A4E5E2","6DD70992-7D30-4609-B596-F7166A85398D","C7EBA77A-4997-40C9-B238-B15B7E9A5371"
"FA8D3163-FEEB-426F-8670-E653F8A4E5E2","6DD70992-7D30-4609-B596-F7166A85398D","C8550701-E9E3-4845-83C0-60A3B126C71B"
"FA8D3163-FEEB-426F-8670-E653F8A4E5E2","6DD70992-7D30-4609-B596-F7166A85398D","CA9C45AC-3E0E-4098-B903-2797AC2A6267"
"FA8D3163-FEEB-426F-8670-E653F8A4E5E2","6DD70992-7D30-4609-B596-F7166A85398D","CD002821-3E6A-4869-B90B-E41C9FCBD6FE"
"FA8D3163-FEEB-426F-8670-E653F8A4E5E2","6DD70992-7D30-4609-B596-F7166A85398D","CD2662DC-CB73-4AC9-AE39-1A1264B1FACB"
"FA8D3163-FEEB-426F-8670-E653F8A4E5E2","6DD70992-7D30-4609-B596-F7166A85398D","ce24b138-c4b5-4053-9391-4d804a54c30c"
"FA8D3163-FEEB-426F-8670-E653F8A4E5E2","6DD70992-7D30-4609-B596-F7166A85398D","CEA81DD9-ABD2-49A7-ABFE-FD82B197D3E0"
"FA8D3163-FEEB-426F-8670-E653F8A4E5E2","6DD70992-7D30-4609-B596-F7166A85398D","d1c6d360-8b54-4376-bdba-e7f05a3b3b4d"
"FA8D3163-FEEB-426F-8670-E653F8A4E5E2","6DD70992-7D30-4609-B596-F7166A85398D","D31F3338-13A1-4709-8F80-F4C85A0294F7"
"FA8D3163-FEEB-426F-8670-E653F8A4E5E2","6DD70992-7D30-4609-B596-F7166A85398D","D49549D5-F17B-47C2-B409-97D28AC89D7B"
"FA8D3163-FEEB-426F-8670-E653F8A4E5E2","6DD70992-7D30-4609-B596-F7166A85398D","DC923DFF-B174-4BA3-BB50-C344FA6E84B8"
"FA8D3163-FEEB-426F-8670-E653F8A4E5E2","6DD70992-7D30-4609-B596-F7166A85398D","DEE050D1-A052-40F0-93F1-030D396566BE"
"FA8D3163-FEEB-426F-8670-E653F8A4E5E2","6DD70992-7D30-4609-B596-F7166A85398D","DF42C39B-0718-4AEC-99FA-03F4B2C47DD3"
"FA8D3163-FEEB-426F-8670-E653F8A4E5E2","6DD70992-7D30-4609-B596-F7166A85398D","E06A01EF-6179-4AF1-925F-9BAF6EFF8BAB"
"FA8D3163-FEEB-426F-8670-E653F8A4E5E2","6DD70992-7D30-4609-B596-F7166A85398D","E2063160-5E49-428D-9F55-EFB9CA27C52B"
"FA8D3163-FEEB-426F-8670-E653F8A4E5E2","6DD70992-7D30-4609-B596-F7166A85398D","E21A2733-0646-4B4E-8EDA-99006CE54F08"
"FA8D3163-FEEB-426F-8670-E653F8A4E5E2","6DD70992-7D30-4609-B596-F7166A85398D","E2447B5A-FC18-4C11-9360-2EA0F6D2721D"
"FA8D3163-FEEB-426F-8670-E653F8A4E5E2","6DD70992-7D30-4609-B596-F7166A85398D","E41E1C53-D0C2-4145-BF9B-E6BACC298CC9"
"FA8D3163-FEEB-426F-8670-E653F8A4E5E2","6DD70992-7D30-4609-B596-F7166A85398D","E42DF5DA-6DE1-4E35-904B-B78F2A62F7E7"
"FA8D3163-FEEB-426F-8670-E653F8A4E5E2","6DD70992-7D30-4609-B596-F7166A85398D","E63DAC15-1DD8-4EEA-B9F4-096859D860B8"
"FA8D3163-FEEB-426F-8670-E653F8A4E5E2","6DD70992-7D30-4609-B596-F7166A85398D","E6A5F39A-A3F4-4261-A60A-F784F7E29DEF"
"FA8D3163-FEEB-426F-8670-E653F8A4E5E2","6DD70992-7D30-4609-B596-F7166A85398D","e81401aa-56ca-4b6f-92f9-eb346c5cbf90"
"FA8D3163-FEEB-426F-8670-E653F8A4E5E2","6DD70992-7D30-4609-B596-F7166A85398D","E815A760-11B6-4F8E-BF1C-D4311CB4566C"
"FA8D3163-FEEB-426F-8670-E653F8A4E5E2","6DD70992-7D30-4609-B596-F7166A85398D","EBB8CAE8-85D4-472A-82C7-F75F0190D5FA"
"FA8D3163-FEEB-426F-8670-E653F8A4E5E2","6DD70992-7D30-4609-B596-F7166A85398D","F02ADE59-BF00-46B4-9B94-BAB69351A5DE"
"FA8D3163-FEEB-426F-8670-E653F8A4E5E2","6DD70992-7D30-4609-B596-F7166A85398D","F077C375-A327-40E9-8DBB-762634C710C8"
"FA8D3163-FEEB-426F-8670-E653F8A4E5E2","6DD70992-7D30-4609-B596-F7166A85398D","F0DB7438-4881-43AD-89B1-4C26AB7864BD"
"FA8D3163-FEEB-426F-8670-E653F8A4E5E2","6DD70992-7D30-4609-B596-F7166A85398D","f128adcd-1d04-42c9-b190-eb7e4d3eccf3"
"FA8D3163-FEEB-426F-8670-E653F8A4E5E2","6DD70992-7D30-4609-B596-F7166A85398D","f24f321a-0f6a-4cbe-886a-c01453c2db14"
"FA8D3163-FEEB-426F-8670-E653F8A4E5E2","6DD70992-7D30-4609-B596-F7166A85398D","F331DD60-435E-4C01-8BE9-0E6E8DCBC167"
"FA8D3163-FEEB-426F-8670-E653F8A4E5E2","6DD70992-7D30-4609-B596-F7166A85398D","F5B4AD09-3E0F-42F1-B85A-AD9322C45A68"
"FA8D3163-FEEB-426F-8670-E653F8A4E5E2","6DD70992-7D30-4609-B596-F7166A85398D","F6BF11F8-503C-468B-BF30-53F766AC49B6"
"FA8D3163-FEEB-426F-8670-E653F8A4E5E2","6DD70992-7D30-4609-B596-F7166A85398D","f909571a-0109-4027-99f8-a1ec41b39970"
"FA8D3163-FEEB-426F-8670-E653F8A4E5E2","6DD70992-7D30-4609-B596-F7166A85398D","F9E0051F-842B-4F70-ABAA-70EBB5A31D12"
"FA8D3163-FEEB-426F-8670-E653F8A4E5E2","6DD70992-7D30-4609-B596-F7166A85398D","fc554e7b-462b-417f-b378-cd0d39d0efc2"
"FA8D3163-FEEB-426F-8670-E653F8A4E5E2","6DD70992-7D30-4609-B596-F7166A85398D","FC9028D2-97B2-4088-B0D4-0DE0B592B2E8"
"FA8D3163-FEEB-426F-8670-E653F8A4E5E2","6DD70992-7D30-4609-B596-F7166A85398D","fdcd318a-0462-480e-a210-90cba9ff3222"
"C90B2E26-9F6C-4E0A-A6F3-F6CCEB684710","6DF8A1BB-48AE-4441-A278-FDD184E771E9","43FDA2DB-0B2F-487E-8D52-405DC5019D5F"
"D084103D-6123-4BB9-9EF4-E0E7BF7A9C28","6E195697-3EFC-49A1-A1C3-89A814988517","DFE471A3-02B8-4989-8354-D13EE5E99A14"
"382625E3-AEF3-4656-876A-4EE998FF8507","6E39EDE7-072B-43D6-8DF3-8A42DB383D19","21E60746-886F-4CBF-A7CB-D2E69E517854"
"382625E3-AEF3-4656-876A-4EE998FF8507","6E39EDE7-072B-43D6-8DF3-8A42DB383D19","24A4A1F0-0D96-4748-A229-C6741216AB07"
"382625E3-AEF3-4656-876A-4EE998FF8507","6E39EDE7-072B-43D6-8DF3-8A42DB383D19","4CFD474F-1228-4864-BC54-4C5A5FA88954"
"382625E3-AEF3-4656-876A-4EE998FF8507","6E39EDE7-072B-43D6-8DF3-8A42DB383D19","79EBD75D-C5AB-4182-9CB8-7726574C5B7E"
"5BF86182-8576-4DDB-8E35-F3EEA202C480","707544FD-15A4-463A-9E30-28E38A3CD5BF","31BEF3F0-2C35-4906-AE77-1EA4B67C69BC"
"5BF86182-8576-4DDB-8E35-F3EEA202C480","707544FD-15A4-463A-9E30-28E38A3CD5BF","46F5794D-8A5A-4D27-9669-449BD1C27026"
"5BF86182-8576-4DDB-8E35-F3EEA202C480","707544FD-15A4-463A-9E30-28E38A3CD5BF","5BDEB9EF-CB4F-4C81-82CC-ABCC653C0833"
"5BF86182-8576-4DDB-8E35-F3EEA202C480","707544FD-15A4-463A-9E30-28E38A3CD5BF","5F1FC4F3-26D6-4CDF-994B-6E6FD6624E56"
"5BF86182-8576-4DDB-8E35-F3EEA202C480","707544FD-15A4-463A-9E30-28E38A3CD5BF","7953D735-4758-492B-8B49-FF85B1F23740"
"5BF86182-8576-4DDB-8E35-F3EEA202C480","707544FD-15A4-463A-9E30-28E38A3CD5BF","7D944B6D-9742-4EBF-B585-E54B42FA8E55"
"5BF86182-8576-4DDB-8E35-F3EEA202C480","707544FD-15A4-463A-9E30-28E38A3CD5BF","8785D9A0-BF12-43D4-B4BF-DADE3D23DD40"
"5BF86182-8576-4DDB-8E35-F3EEA202C480","707544FD-15A4-463A-9E30-28E38A3CD5BF","B5E55933-43B7-4CF7-92CD-3574995E65F2"
"5BF86182-8576-4DDB-8E35-F3EEA202C480","707544FD-15A4-463A-9E30-28E38A3CD5BF","C0578CAD-FBCD-4A68-87F4-6A817A2CEA3C"
"5BF86182-8576-4DDB-8E35-F3EEA202C480","707544FD-15A4-463A-9E30-28E38A3CD5BF","C81EBFBB-0AB2-4406-99AC-E955152C5113"
"5BF86182-8576-4DDB-8E35-F3EEA202C480","707544FD-15A4-463A-9E30-28E38A3CD5BF","E2DDE6E6-FAA2-4220-A55B-49BB897A24C2"
"5BF86182-8576-4DDB-8E35-F3EEA202C480","707544FD-15A4-463A-9E30-28E38A3CD5BF","EEEE4E7F-4E01-470F-A46D-3011C866A589"
"5BF86182-8576-4DDB-8E35-F3EEA202C480","707544FD-15A4-463A-9E30-28E38A3CD5BF","F1AF0AD6-D8E8-4B71-9A24-35D9CD5ADDF2"
"814D3138-3909-4525-93FD-4CDD766B5729","70A67DEE-662E-40A8-B366-7EF4313F4999","A7850C33-5DDC-4F22-B762-9637E52FC62A"
"814D3138-3909-4525-93FD-4CDD766B5729","70A67DEE-662E-40A8-B366-7EF4313F4999","F8A859EA-1929-4034-8701-B651BDB0D1CC"
"BBCHStadium","711712AE69D25868BB96CCA408B7BDBAEDE7","830455ed-b42a-430d-b968-03f247adfb66"
"9912CA6C-2324-46D6-ACF1-615890B3AA5F","711AF77A-6690-4A1C-983C-5F1263A09165","227A3E84-6B5E-4BFE-8858-5B7085F55515"
"9912CA6C-2324-46D6-ACF1-615890B3AA5F","711AF77A-6690-4A1C-983C-5F1263A09165","500dd32e-3d08-4376-8699-d24f7fc98de8"
"676D02F3-9958-421D-9E35-0D560EDA8C21","7148122B-1491-40D4-8555-AD4B58DB90DD","5C4A8C7D-AC80-4CBC-93D8-654C5CABE349"
"676D02F3-9958-421D-9E35-0D560EDA8C21","7148122B-1491-40D4-8555-AD4B58DB90DD","848BEA9A-17D3-45CE-872A-234D7E7FD18C"
"676D02F3-9958-421D-9E35-0D560EDA8C21","7148122B-1491-40D4-8555-AD4B58DB90DD","B9C4FB2F-365B-4547-AB9C-26C6AA02E613"
"7094E8C2-1A8F-456D-A5F3-FA196504F45A","71B84414-54E3-4252-AF15-F39A4D2D6B2F","B12D7188-0A76-4DF7-9CB3-B461DCB663EA"
"INTERVALL","71D9414FE18C12B56C25AEB4342F2BCC9ED8","1ea85627-fb5e-4433-a1e0-ecfa73bd2d28"
"546F9C18-BCE0-4F5C-993E-2CFB28CA217C","71DF8D60-88D7-4D6D-9D92-3E31E146D33A","bb9ce536-0d7d-4626-8b48-5d830740ecc8"
"546F9C18-BCE0-4F5C-993E-2CFB28CA217C","71DF8D60-88D7-4D6D-9D92-3E31E146D33A","d8a3cf93-14e0-46b3-94d9-2968fecf4dda"
"92F04D1C-FCA3-4138-9452-E79542091363","71E611EE-6B55-4EAB-8CFD-344720C39D56","67C62974-4B5C-4B5C-AEDC-6EF87B1BAD58"
"BBCHStadium","720E35C4841E37AB8E4B7B900DDAFFF12DDD","22045e6d-31de-413b-b85c-f7224d7611ad"
"PER","7257B5141DF3A70893D6EB2B911C5A9A88F4","e732c041-189e-4570-a85a-b2978056d272"
"ED72CCB1-52BA-4E84-99DF-37C4AC6E9FFB","72804BFB-8D74-42CF-B968-D4ACF9A28C06","19A291F2-2BFA-463A-B999-2D4DF07B291F"
"ED72CCB1-52BA-4E84-99DF-37C4AC6E9FFB","72804BFB-8D74-42CF-B968-D4ACF9A28C06","61BC9D48-2942-4223-B8D0-B66152CAF654"
"3B4E3360-9801-4A4E-BA2A-E539A3FB2242","72AF3645-48EF-4BAA-8149-78F8EE3AF11B","27ED4D59-50B2-4833-8543-2D9FDAA525D5"
"466A544C-1A49-471F-B76E-606C03C8FCEF","7374D77A-E462-4966-BF95-CE9B79987A42","D6531DEE-C5B2-4FFE-99CC-9A7726D2D7B4"
"1BB94AE0-C0D7-461F-B1B6-3A2D237F4830","73F12F7C-FFC1-49F2-B6EF-B38720AD51A7","8C7782A6-DBDD-403C-8669-1CE3950D9A24"
"1BB94AE0-C0D7-461F-B1B6-3A2D237F4830","73F12F7C-FFC1-49F2-B6EF-B38720AD51A7","928D5FC6-EA87-4782-B0B7-73354120245C"
"28A60727-A246-4432-BA2C-D141FE733522","74548CFF-84A2-4398-B52B-D77C6CD5FAD0","185D5595-BF5D-47F1-89DE-349120FBE0F7"
"28A60727-A246-4432-BA2C-D141FE733522","74548CFF-84A2-4398-B52B-D77C6CD5FAD0","3B3ECDF3-8B36-41B6-863C-E61209DE6D5A"
"28A60727-A246-4432-BA2C-D141FE733522","74548CFF-84A2-4398-B52B-D77C6CD5FAD0","4210F32B-A3E1-4AF7-A12B-72545C5312E0"
"28A60727-A246-4432-BA2C-D141FE733522","74548CFF-84A2-4398-B52B-D77C6CD5FAD0","AB1A1CC0-CF84-4E60-BF91-F3CB60A3549F"
"28A60727-A246-4432-BA2C-D141FE733522","74548CFF-84A2-4398-B52B-D77C6CD5FAD0","B8DCC5EA-53A4-44EA-A315-EBE8311E83FB"
"28A60727-A246-4432-BA2C-D141FE733522","74548CFF-84A2-4398-B52B-D77C6CD5FAD0","B922823A-14D1-4FD0-8C5C-779A29C3698A"
"28A60727-A246-4432-BA2C-D141FE733522","74548CFF-84A2-4398-B52B-D77C6CD5FAD0","D378C96D-9866-4F62-86C6-321F0417D426"
"28A60727-A246-4432-BA2C-D141FE733522","74548CFF-84A2-4398-B52B-D77C6CD5FAD0","FC5056C7-A2F5-4A6F-AB17-D954EF60E8DB"
"INTERVALL","7519AA554A770FC9EADD63EFCD28A1EDEE8D","30800a3f-1325-4afb-ae72-a8d7771c237f"
"FDCFFB0F-5440-4265-A43A-9B3D173E128A","75320ECF-F552-4140-8EF1-A76B8403B2F7","23CB48E2-482F-41B6-B897-F5A222FF24F6"
"FDCFFB0F-5440-4265-A43A-9B3D173E128A","75320ECF-F552-4140-8EF1-A76B8403B2F7","9E438EBC-D5D9-48AA-BF84-ABFE3F48086C"
"A499E69A-C252-4BE6-A71C-1F4779C01679","75833812-C45B-4388-ABD7-9A8F247166EB","353997F5-F1EE-4353-A0FB-7CF0ACE40CC4"
"A499E69A-C252-4BE6-A71C-1F4779C01679","75833812-C45B-4388-ABD7-9A8F247166EB","9C2C61A5-8E4C-400D-964A-6074B1C04C70"
"A499E69A-C252-4BE6-A71C-1F4779C01679","75833812-C45B-4388-ABD7-9A8F247166EB","B630FEA8-34A9-4C5B-B104-F69731F43A4E"
"A499E69A-C252-4BE6-A71C-1F4779C01679","75833812-C45B-4388-ABD7-9A8F247166EB","BFF1A5D3-B438-46E0-AEC4-BE79F9CED7E0"
"A499E69A-C252-4BE6-A71C-1F4779C01679","75833812-C45B-4388-ABD7-9A8F247166EB","EB02AE50-D94B-4608-88D9-67C18CA248A7"
"AD3D3A18-C0B4-4933-B5A7-6DD8BD94D21D","759CF5FD-3E46-4C6B-8C72-8688B475D6A8","1EE092EF-6819-4E98-9238-F73ABD35300A"
"AD3D3A18-C0B4-4933-B5A7-6DD8BD94D21D","759CF5FD-3E46-4C6B-8C72-8688B475D6A8","253CEACC-0F1C-4971-AE4B-DEFB7EE1FE47"
"AD3D3A18-C0B4-4933-B5A7-6DD8BD94D21D","759CF5FD-3E46-4C6B-8C72-8688B475D6A8","262EA76D-6605-4E3D-B690-6122BB548700"
"AD3D3A18-C0B4-4933-B5A7-6DD8BD94D21D","759CF5FD-3E46-4C6B-8C72-8688B475D6A8","2A8B3683-9085-4BF9-AF35-F49314B4FA57"
"AD3D3A18-C0B4-4933-B5A7-6DD8BD94D21D","759CF5FD-3E46-4C6B-8C72-8688B475D6A8","3D17E157-3D86-483B-BA3E-3D66C377743B"
"AD3D3A18-C0B4-4933-B5A7-6DD8BD94D21D","759CF5FD-3E46-4C6B-8C72-8688B475D6A8","3F6CD755-EFA7-4F42-BEB3-4E5BFFA110A8"
"AD3D3A18-C0B4-4933-B5A7-6DD8BD94D21D","759CF5FD-3E46-4C6B-8C72-8688B475D6A8","504C4C85-7785-45B9-AB2A-7E66DFC2D445"
"AD3D3A18-C0B4-4933-B5A7-6DD8BD94D21D","759CF5FD-3E46-4C6B-8C72-8688B475D6A8","8A9C0443-DFD2-4E0C-8CEB-3267965E895A"
"AD3D3A18-C0B4-4933-B5A7-6DD8BD94D21D","759CF5FD-3E46-4C6B-8C72-8688B475D6A8","8CEF5098-9968-40BE-B4DC-914DC91FEAC6"
"AD3D3A18-C0B4-4933-B5A7-6DD8BD94D21D","759CF5FD-3E46-4C6B-8C72-8688B475D6A8","978F8385-717B-41F5-B4F7-533588193E8F"
"AD3D3A18-C0B4-4933-B5A7-6DD8BD94D21D","759CF5FD-3E46-4C6B-8C72-8688B475D6A8","A356D071-D101-4A4E-B536-B57D7064FE13"
"AD3D3A18-C0B4-4933-B5A7-6DD8BD94D21D","759CF5FD-3E46-4C6B-8C72-8688B475D6A8","A670014C-4578-4DEB-B421-E3933489E863"
"AD3D3A18-C0B4-4933-B5A7-6DD8BD94D21D","759CF5FD-3E46-4C6B-8C72-8688B475D6A8","B5D3F09C-5190-4182-BF61-0C2F43F0F201"
"AD3D3A18-C0B4-4933-B5A7-6DD8BD94D21D","759CF5FD-3E46-4C6B-8C72-8688B475D6A8","B96D9ABB-2102-46A7-ACA1-B06BFF4A70A0"
"AD3D3A18-C0B4-4933-B5A7-6DD8BD94D21D","759CF5FD-3E46-4C6B-8C72-8688B475D6A8","D6B93ADD-CDE9-4630-B80B-DACAA072E761"
"AD3D3A18-C0B4-4933-B5A7-6DD8BD94D21D","759CF5FD-3E46-4C6B-8C72-8688B475D6A8","DCF9AFA9-40CA-4408-B986-A828CE64A7B5"
"PER","75BBA39DB2F86E3229FC5A84AE38D1472CB6","d23def25-024b-4901-bcbb-a315babe8512"
"28343652-CBFA-441D-BE4D-469C930A034C","75DAC2EB-068C-4F97-BCFC-4D0A23204F6B","01DCA63A-0C9D-44D8-AB4E-4CD46558A332"
"28343652-CBFA-441D-BE4D-469C930A034C","75DAC2EB-068C-4F97-BCFC-4D0A23204F6B","07391F27-BA18-4D25-ABFF-0AA466ADC2E7"
"28343652-CBFA-441D-BE4D-469C930A034C","75DAC2EB-068C-4F97-BCFC-4D0A23204F6B","0BCEA5F5-5BFC-41D3-8475-332FF377B0AB"
"28343652-CBFA-441D-BE4D-469C930A034C","75DAC2EB-068C-4F97-BCFC-4D0A23204F6B","ECA3BEEA-97C9-4B24-976E-7AAF8CC7161F"
"8A15A1C1-FDE9-4784-B58A-7A5CEE428CAB","761039B8-5E03-40F0-9997-DCB994413B72","E10889CC-5160-43CE-A90C-9737DA606482"
"065F2029-9FEA-40A4-943D-6889E5A6F313","765C034C-2142-448C-AA73-B3C5153EC965","480F3CA8-9E59-423D-8220-09FBB2F792C0"
"C34EC022-E55D-40E4-BAA0-1B7F32455254","76DDDB77-9E6D-4FDA-9E14-BC5ECA64D120","E78A6944-480E-424E-9394-F5DADE9858AE"
"05768FCA-9524-466E-8843-FEA2FDFD8C77","77187B8E-EDF1-4CA0-BBE8-B36F87A9FB02","20970079-1268-4015-8A7B-1358329EE63F"
"05768FCA-9524-466E-8843-FEA2FDFD8C77","77187B8E-EDF1-4CA0-BBE8-B36F87A9FB02","B85F51BE-046E-453C-BED6-1CF98AA2C49E"
"AE7A2E36-B96F-4D7C-BA91-88FC514785F9","77238D06-CC2D-4E1F-B37A-EA2AC566C241","1D5EF388-C78F-4710-83D0-0DF0B9A76B74"
"AE7A2E36-B96F-4D7C-BA91-88FC514785F9","77238D06-CC2D-4E1F-B37A-EA2AC566C241","1F34D725-C52E-4312-847F-A00E0BA2CD33"
"AE7A2E36-B96F-4D7C-BA91-88FC514785F9","77238D06-CC2D-4E1F-B37A-EA2AC566C241","3E3D3DB9-D2B9-4E2F-AC5F-A8D51BBF2B69"
"AE7A2E36-B96F-4D7C-BA91-88FC514785F9","77238D06-CC2D-4E1F-B37A-EA2AC566C241","4C813629-231B-468A-812F-37B2067F5EB0"
"AE7A2E36-B96F-4D7C-BA91-88FC514785F9","77238D06-CC2D-4E1F-B37A-EA2AC566C241","78EA8302-A314-440F-92F6-689E164E69A5"
"4E01B11C-380E-4C92-BCFD-0526CAD8DAC2","7774EA89-3BBD-460C-AA7B-99A30AB15201","1BE81901-3606-4D1F-A437-93F3EE35805A"
"4E01B11C-380E-4C92-BCFD-0526CAD8DAC2","7774EA89-3BBD-460C-AA7B-99A30AB15201","3B427FB8-8B9D-47C5-A77F-E2F13E6302E8"
"4E01B11C-380E-4C92-BCFD-0526CAD8DAC2","7774EA89-3BBD-460C-AA7B-99A30AB15201","665CC5DF-3889-402F-8B32-E8C882473E65"
"4E01B11C-380E-4C92-BCFD-0526CAD8DAC2","7774EA89-3BBD-460C-AA7B-99A30AB15201","CC4938C3-C4A6-471B-8E93-46B691C5D23E"
"4E01B11C-380E-4C92-BCFD-0526CAD8DAC2","7774EA89-3BBD-460C-AA7B-99A30AB15201","D66DF4C5-B548-4741-9504-18BFF4C6DACD"
"4E01B11C-380E-4C92-BCFD-0526CAD8DAC2","7774EA89-3BBD-460C-AA7B-99A30AB15201","E44E842B-5E32-4015-87F8-24ED6BE6DC78"
"1CCB9812-6FA5-4624-9B8A-CC92259F068F","77C121AF-538A-49DF-87B9-22DCD0BFB90E","07DF9843-F9A6-4E00-ACCD-02C7F9FEED78"
"1CCB9812-6FA5-4624-9B8A-CC92259F068F","77C121AF-538A-49DF-87B9-22DCD0BFB90E","0BEDF24F-EA5A-4B0F-B430-F0EBC96EE1B7"
"1CCB9812-6FA5-4624-9B8A-CC92259F068F","77C121AF-538A-49DF-87B9-22DCD0BFB90E","259F8C34-E593-49E6-AA53-E6457C57C792"
"1CCB9812-6FA5-4624-9B8A-CC92259F068F","77C121AF-538A-49DF-87B9-22DCD0BFB90E","2813D8F1-05E1-4047-B16E-73B09B54375E"
"1CCB9812-6FA5-4624-9B8A-CC92259F068F","77C121AF-538A-49DF-87B9-22DCD0BFB90E","29779CCB-B105-4803-9484-74FB2793FB40"
"1CCB9812-6FA5-4624-9B8A-CC92259F068F","77C121AF-538A-49DF-87B9-22DCD0BFB90E","3656588E-8805-44D7-A4D5-708463075778"
"1CCB9812-6FA5-4624-9B8A-CC92259F068F","77C121AF-538A-49DF-87B9-22DCD0BFB90E","4C32137E-A482-4C7F-AEF9-52C246B9649E"
"1CCB9812-6FA5-4624-9B8A-CC92259F068F","77C121AF-538A-49DF-87B9-22DCD0BFB90E","876896BB-86F6-4E9D-9559-4A13A6FCC557"
"1CCB9812-6FA5-4624-9B8A-CC92259F068F","77C121AF-538A-49DF-87B9-22DCD0BFB90E","98CEC8C0-2102-47E4-99E6-E39BA70E73E2"
"1CCB9812-6FA5-4624-9B8A-CC92259F068F","77C121AF-538A-49DF-87B9-22DCD0BFB90E","A1D24A70-5415-4CFB-AAB4-52F26605FC2C"
"1CCB9812-6FA5-4624-9B8A-CC92259F068F","77C121AF-538A-49DF-87B9-22DCD0BFB90E","A39B0026-F1C1-482F-BC85-2BFB1E6DDB25"
"1CCB9812-6FA5-4624-9B8A-CC92259F068F","77C121AF-538A-49DF-87B9-22DCD0BFB90E","B203583E-BBC7-45A6-9787-D09763837834"
"1CCB9812-6FA5-4624-9B8A-CC92259F068F","77C121AF-538A-49DF-87B9-22DCD0BFB90E","B9005641-DDF0-4609-B40C-D5ADA80F6442"
"1CCB9812-6FA5-4624-9B8A-CC92259F068F","77C121AF-538A-49DF-87B9-22DCD0BFB90E","BA3A877B-6335-45CE-A449-FF0BE46AEF60"
"1CCB9812-6FA5-4624-9B8A-CC92259F068F","77C121AF-538A-49DF-87B9-22DCD0BFB90E","D077BE51-A0BD-4F4F-947F-5BA12823EEE1"
"1CCB9812-6FA5-4624-9B8A-CC92259F068F","77C121AF-538A-49DF-87B9-22DCD0BFB90E","D7B9571F-77D8-484B-916D-F826B6A771F5"
"1CCB9812-6FA5-4624-9B8A-CC92259F068F","77C121AF-538A-49DF-87B9-22DCD0BFB90E","F5387521-4C3E-42B4-91F4-AA50A03F1B0E"
"1CCB9812-6FA5-4624-9B8A-CC92259F068F","77C121AF-538A-49DF-87B9-22DCD0BFB90E","F68C4714-1AC7-476C-998C-BA87E7BB32B6"
"1CCB9812-6FA5-4624-9B8A-CC92259F068F","77C121AF-538A-49DF-87B9-22DCD0BFB90E","F950366B-770B-4EB8-94E9-C7E10DCF7330"
"1CCB9812-6FA5-4624-9B8A-CC92259F068F","77C121AF-538A-49DF-87B9-22DCD0BFB90E","F97BE29C-28B1-42DC-9F7C-06758E2EE68F"
"1CCB9812-6FA5-4624-9B8A-CC92259F068F","77C121AF-538A-49DF-87B9-22DCD0BFB90E","FB4DFEA1-49D5-414D-9BB3-CB2BA5FD6581"
"1CCB9812-6FA5-4624-9B8A-CC92259F068F","77C121AF-538A-49DF-87B9-22DCD0BFB90E","FF540876-7661-47AC-83E2-BC55493C0C2A"
"CCF0D274-D37D-497E-A740-F7FDFDC6B522","77CA894D-739B-4482-80E3-A35A11264DAA","9929eaf3-4402-497d-bed7-0114b247dd2a"
"CCF0D274-D37D-497E-A740-F7FDFDC6B522","77CA894D-739B-4482-80E3-A35A11264DAA","dc79c59d-8522-4e6b-8d47-bcdc6db231c5"
"3701AFA4-178D-43EA-885B-1AC0C4E331E6","77ED4ECB-31F2-4581-8D36-2EA3FACEF1F5","E89AB41C-4A85-48EB-810D-6178FD8D08BA"
"786591E7-CA70-42A2-8212-0A45825E87F7","7880AA14-905A-46A5-BCBD-512F8F5D7C01","2890A938-F825-4218-9414-10A0942E03E3"
"786591E7-CA70-42A2-8212-0A45825E87F7","7880AA14-905A-46A5-BCBD-512F8F5D7C01","B759B5BF-A7E8-4BE9-96B3-F1F1F7E14267"
"7050980A-0B89-4A59-B292-8464CEEF4C38","78C0962E-6103-49CC-91F5-A6B8B80775E3","29E263EB-CB47-4979-9AFE-D11870647D3B"
"7050980A-0B89-4A59-B292-8464CEEF4C38","78C0962E-6103-49CC-91F5-A6B8B80775E3","3F77AB86-9161-4490-A8B5-7DB2EFDFB65B"
"7050980A-0B89-4A59-B292-8464CEEF4C38","78C0962E-6103-49CC-91F5-A6B8B80775E3","4D2B02AA-A484-4293-9A57-DF3CA1F4E6A0"
"7050980A-0B89-4A59-B292-8464CEEF4C38","78C0962E-6103-49CC-91F5-A6B8B80775E3","66EF271F-F7BE-420C-8BC1-CEB76160A3DD"
"7050980A-0B89-4A59-B292-8464CEEF4C38","78C0962E-6103-49CC-91F5-A6B8B80775E3","859A3038-5EAF-43A4-B1C4-2FA7D3EF71F4"
"E358DBC5-EC5F-4CFC-892A-338E05946490","78E4DFCD-9F5B-4001-BF64-1160E865340A","3A8646FF-18D4-45EC-9571-280B12D474D4"
"6B3B9318-0E7C-4DA4-9C0B-53B2930B2478","79631611-A413-47B3-A48C-C8288ED5BE25","5EFB57AB-F324-4CF2-8113-88DE6D582463"
"6B3B9318-0E7C-4DA4-9C0B-53B2930B2478","79631611-A413-47B3-A48C-C8288ED5BE25","684B280D-88C3-48EE-B9C8-DCD11A0EF32E"
"6B3B9318-0E7C-4DA4-9C0B-53B2930B2478","79631611-A413-47B3-A48C-C8288ED5BE25","7c414118-faae-4be8-9063-02d141f8db64"
"6B3B9318-0E7C-4DA4-9C0B-53B2930B2478","79631611-A413-47B3-A48C-C8288ED5BE25","80782E14-1364-4C08-BA1B-EC69F37DAD4D"
"6B3B9318-0E7C-4DA4-9C0B-53B2930B2478","79631611-A413-47B3-A48C-C8288ED5BE25","900ebeca-bc44-4f33-b172-212ab3ab2b39"
"6B3B9318-0E7C-4DA4-9C0B-53B2930B2478","79631611-A413-47B3-A48C-C8288ED5BE25","96f3172f-308a-4a7c-bace-3134ec207f83"
"A7A16072-D39C-43CA-A909-353DF151EE6D","797E1171-C084-4737-A993-6AD52B313058","4F3936FD-EA63-4191-976D-9D8BC08D6974"
"A7A16072-D39C-43CA-A909-353DF151EE6D","797E1171-C084-4737-A993-6AD52B313058","7B63B380-5E49-4609-8E78-F58DD7B7764E"
"A7A16072-D39C-43CA-A909-353DF151EE6D","797E1171-C084-4737-A993-6AD52B313058","A5C4C36F-75DC-4AC6-AB34-DCEEB05D8F4E"
"593DA366-B4FE-49FD-9BAB-C3BF356FC734","79A8006D-76A9-43C5-8012-72861C3A2B2B","1465D1C8-49DC-40ED-AB8E-393DC02C1917"
"593DA366-B4FE-49FD-9BAB-C3BF356FC734","79A8006D-76A9-43C5-8012-72861C3A2B2B","38B69D24-FEBB-4949-9F8C-B7640789D915"
"593DA366-B4FE-49FD-9BAB-C3BF356FC734","79A8006D-76A9-43C5-8012-72861C3A2B2B","45319680-1638-4FE5-832E-B7906232DB9E"
"593DA366-B4FE-49FD-9BAB-C3BF356FC734","79A8006D-76A9-43C5-8012-72861C3A2B2B","6C67B044-0221-4BD2-B14B-505927BC357B"
"593DA366-B4FE-49FD-9BAB-C3BF356FC734","79A8006D-76A9-43C5-8012-72861C3A2B2B","6FCFA945-A56A-4826-9576-569779861411"
"593DA366-B4FE-49FD-9BAB-C3BF356FC734","79A8006D-76A9-43C5-8012-72861C3A2B2B","9C0DB554-1B86-4919-89C0-2841159A6BE7"
"593DA366-B4FE-49FD-9BAB-C3BF356FC734","79A8006D-76A9-43C5-8012-72861C3A2B2B","C4BDE543-3FC7-4F5E-88E8-8F26DFF577C2"
"BBCHStadium","79C336CA90711E93A19928ED9881D63E5000","43e03f9a-0860-4249-a545-472a193a90d9"
"C013D320-7252-48FE-BC13-D98550645687","79CDFE0D-95D9-4352-BF22-9F3378F4D6A0","1A126900-185F-472D-8DA4-63D4CF484C4D"
"C013D320-7252-48FE-BC13-D98550645687","79CDFE0D-95D9-4352-BF22-9F3378F4D6A0","3844786F-01DF-4ACD-A6BA-DDF9D74251A1"
"C013D320-7252-48FE-BC13-D98550645687","79CDFE0D-95D9-4352-BF22-9F3378F4D6A0","D108DCE5-1709-4DCF-A412-6712BE0C3461"
"BBCHStadium","7A4214AD1A5C4BC9F18F8F736DCF2E446992","019d3e4b-e231-4153-ad5a-2a4b1f285003"
"566CFF79-8679-42AC-99F5-11414981F3A6","7AA92D5E-0F0E-43EE-91EB-0CAAD90FDED0","0401EF40-393B-4783-8673-6AE7A5C441C2"
"566CFF79-8679-42AC-99F5-11414981F3A6","7AA92D5E-0F0E-43EE-91EB-0CAAD90FDED0","0442D8A5-B763-4796-BAB9-C29BAB7E8B4E"
"566CFF79-8679-42AC-99F5-11414981F3A6","7AA92D5E-0F0E-43EE-91EB-0CAAD90FDED0","0C0610D9-C398-41FD-A14C-3B9ED289EB3D"
"566CFF79-8679-42AC-99F5-11414981F3A6","7AA92D5E-0F0E-43EE-91EB-0CAAD90FDED0","1D9A2F19-63A8-4B79-AB9C-3F5C4D9508F0"
"566CFF79-8679-42AC-99F5-11414981F3A6","7AA92D5E-0F0E-43EE-91EB-0CAAD90FDED0","1F0677D5-1A89-4930-AD95-9FCB2794E1DE"
"566CFF79-8679-42AC-99F5-11414981F3A6","7AA92D5E-0F0E-43EE-91EB-0CAAD90FDED0","28ED75CF-AE4B-43F3-BFAB-0B1C170A2F0A"
"566CFF79-8679-42AC-99F5-11414981F3A6","7AA92D5E-0F0E-43EE-91EB-0CAAD90FDED0","2C190C53-DB77-458D-9669-99112F43C5AA"
"566CFF79-8679-42AC-99F5-11414981F3A6","7AA92D5E-0F0E-43EE-91EB-0CAAD90FDED0","4D1253DB-37CE-4B05-AF98-088D6A1A03B6"
"566CFF79-8679-42AC-99F5-11414981F3A6","7AA92D5E-0F0E-43EE-91EB-0CAAD90FDED0","50940D6E-229E-45FF-814C-F5B7C4C6AE4E"
"566CFF79-8679-42AC-99F5-11414981F3A6","7AA92D5E-0F0E-43EE-91EB-0CAAD90FDED0","6A3106EA-4D90-4B8B-B3E8-93B3F595D6E3"
"566CFF79-8679-42AC-99F5-11414981F3A6","7AA92D5E-0F0E-43EE-91EB-0CAAD90FDED0","6AD132A5-1337-4A60-A331-46C6FC87327D"
"566CFF79-8679-42AC-99F5-11414981F3A6","7AA92D5E-0F0E-43EE-91EB-0CAAD90FDED0","703E2C58-A9A0-4470-805B-AC3B1A440276"
"566CFF79-8679-42AC-99F5-11414981F3A6","7AA92D5E-0F0E-43EE-91EB-0CAAD90FDED0","7844AD7B-89F0-4F25-95FA-FF220DEEA942"
"566CFF79-8679-42AC-99F5-11414981F3A6","7AA92D5E-0F0E-43EE-91EB-0CAAD90FDED0","8107FFC5-149E-469C-8588-EC7050CD1A6B"
"566CFF79-8679-42AC-99F5-11414981F3A6","7AA92D5E-0F0E-43EE-91EB-0CAAD90FDED0","9F79AF3D-F42D-4BC3-950E-955BE48A851C"
"566CFF79-8679-42AC-99F5-11414981F3A6","7AA92D5E-0F0E-43EE-91EB-0CAAD90FDED0","A94C48D2-B7D3-4AC0-BA51-CEDDB7AF5870"
"566CFF79-8679-42AC-99F5-11414981F3A6","7AA92D5E-0F0E-43EE-91EB-0CAAD90FDED0","DCF11F68-901E-4E6D-99D3-D9363BD0BD15"
"AF8C59EB-FB5B-4A43-A65D-F42AB7FEE0D9","7B2F589E-6D13-4971-8CD4-9E878702E3B1","7C1F4DD8-24E2-4E5C-AF10-FF672CED5B54"
"9F950679-6028-41CB-98B7-1689DE53A4D1","7B3E3C54-6003-47EC-A43B-66EB87731B03","62F7E05E-C125-4DFE-A84F-E12B561E04F4"
"9F950679-6028-41CB-98B7-1689DE53A4D1","7B3E3C54-6003-47EC-A43B-66EB87731B03","74C38750-448B-4F08-981D-7B80A6F4EB68"
"17553C39-9AA8-449B-8F8F-1F0B6CDBF8BD","7BA56E39-539F-4CD6-A33A-9581A619E373","044F3D97-4CE8-47B1-B660-F40A430CA004"
"17553C39-9AA8-449B-8F8F-1F0B6CDBF8BD","7BA56E39-539F-4CD6-A33A-9581A619E373","E9247F8F-50B5-42D6-B09B-41AE0BB8C9D5"
"83351A31-3337-4844-BEED-DB1D05079BDD","7BEC2824-B691-4C5A-92E9-BFDD25CDB641","3A1EA66C-C279-4554-90DB-186151FB8FD1"
"83351A31-3337-4844-BEED-DB1D05079BDD","7BEC2824-B691-4C5A-92E9-BFDD25CDB641","8F9DEA12-743D-46CC-825E-F3A56E2441DC"
"83351A31-3337-4844-BEED-DB1D05079BDD","7BEC2824-B691-4C5A-92E9-BFDD25CDB641","B0FC522F-1924-4D00-A3F2-3C7C96CE014A"
"INTERVALL","7C3798027CFAEF19957E9460C03D1C3613FA","0522445d-9e83-4475-be0e-61eed31032c9"
"INTERVALL","7C7EE260C602445F1905C1FD89B258841D8D","812250fe-0823-4798-ac6f-c6ad5caff239"
"777FC8A5-23D8-406D-9D2D-A2D2AED13154","7C828736-B22C-4B62-8900-58CEA5335C77","289E6993-88DA-44B3-822C-37397F150FB0"
"777FC8A5-23D8-406D-9D2D-A2D2AED13154","7C828736-B22C-4B62-8900-58CEA5335C77","2F00C59C-B66E-443E-A6ED-C6BBC5586927"
"777FC8A5-23D8-406D-9D2D-A2D2AED13154","7C828736-B22C-4B62-8900-58CEA5335C77","51A26809-7E20-4D32-AFA1-1CAFF8D64A09"
"777FC8A5-23D8-406D-9D2D-A2D2AED13154","7C828736-B22C-4B62-8900-58CEA5335C77","AEF61A50-531A-4763-A719-324DD1F8B69A"
"777FC8A5-23D8-406D-9D2D-A2D2AED13154","7C828736-B22C-4B62-8900-58CEA5335C77","D6666896-D52E-4531-A53F-E32B8F955C6B"
"6C914BF3-F312-4660-BD14-3FB630C77956","7C9C3C6B-13CC-4AF6-BC4A-55C52F93A9CB","F8AAC4CA-D445-4226-B62B-317D688804AE"
"BBCHStadium","7D06200F0F9AB66DD09F87C1E7B8E6DB1ACF","a62dc596-e085-4b70-b7ff-f6d0c27f88c6"
"A42DE779-570D-4C13-98F1-41E6264BA58C","7DD21461-B737-4ABF-AEF4-1E3785C6ADCA","10B51DD9-9851-42A2-9CDD-BBF47336264F"
"A42DE779-570D-4C13-98F1-41E6264BA58C","7DD21461-B737-4ABF-AEF4-1E3785C6ADCA","ACE58CA7-9AA4-41B2-939A-7C765A84D843"
"CFCBFF12-21C1-4120-98C0-6EA66023A4C5","7DE35C8D-5EB0-4DB7-993F-9BF2E451E10D","CA964F27-F836-459D-AD4E-3EE0A6BD2744"
"BD11F213-2B79-4099-BC0C-970578C045B9","7E29A17C-BE63-4C43-987B-E040183B84DA","b1fe78ae-b067-47bb-b283-dca2bb47c771"
"BD11F213-2B79-4099-BC0C-970578C045B9","7E29A17C-BE63-4C43-987B-E040183B84DA","BEFDC424-8FCD-421E-B130-8396F1F35672"
"36D1FDA0-E307-48D5-8353-32E166D34C27","7EDE4A8F-8D0F-477A-8250-0A7390AD5498","49F79C4C-E6E6-43D2-A4ED-0B2AF68CD45E"
"36D1FDA0-E307-48D5-8353-32E166D34C27","7EDE4A8F-8D0F-477A-8250-0A7390AD5498","4D06F45A-4147-4ED8-B9D3-B58448DC5E19"
"36D1FDA0-E307-48D5-8353-32E166D34C27","7EDE4A8F-8D0F-477A-8250-0A7390AD5498","58F153F2-D4E3-462E-929D-F3C147C52268"
"36D1FDA0-E307-48D5-8353-32E166D34C27","7EDE4A8F-8D0F-477A-8250-0A7390AD5498","8D37094A-3E84-48CB-B86E-0FC0871ECDDC"
"047DDD70-BB2F-4CA0-9441-B92CE2B05970","7F0617CD-5C6F-42FC-8FB3-0FE0157EF479","93D04E23-227E-413A-BF29-56CE738155CC"
"74DDCBB7-5162-49FA-880A-D34403100D5C","7F817F31-C654-456D-AA4D-FAD670179C88","BAB4AB95-64A3-40D7-919C-984C13DA659C"
"E651AADC-18C2-46FA-AA8D-459847424EBA","7F909159-A473-4170-BF07-BB47B8E782A0","12FEA273-C6BC-4628-B6FE-93A8506998C8"
"E651AADC-18C2-46FA-AA8D-459847424EBA","7F909159-A473-4170-BF07-BB47B8E782A0","57E6F89F-EF9F-4496-965F-8480114DF0EE"
"E651AADC-18C2-46FA-AA8D-459847424EBA","7F909159-A473-4170-BF07-BB47B8E782A0","5AE44194-EF67-4DA9-9EE8-B23F8150311F"
"INTERVALL","7FE10BBBFD7F6BA7F0554EA3C3A741F3E782","8f237bfc-85f6-4ecd-b3ed-1f50a1373f6f"
"ABD49971-4B2E-4B82-B93D-3A160DC3230D","7FF3FAD5-6E2E-4E3A-A6DA-8AD7AB6FD1AE","A3A8A55C-BC16-49EE-9681-244EA4C6F6D0"
"5C59C5E3-A813-49FC-B529-722082EE79EE","7FFF0C60-8FAD-47D6-87C2-C6155AC99571","0988C774-C132-4A76-A433-1975ADC8B5CD"
"5C59C5E3-A813-49FC-B529-722082EE79EE","7FFF0C60-8FAD-47D6-87C2-C6155AC99571","14A6E288-03E3-4145-8799-2DAD9C3E248D"
"5C59C5E3-A813-49FC-B529-722082EE79EE","7FFF0C60-8FAD-47D6-87C2-C6155AC99571","1E33DB30-1819-4CDF-9861-3021099252E5"
"5C59C5E3-A813-49FC-B529-722082EE79EE","7FFF0C60-8FAD-47D6-87C2-C6155AC99571","2BB41A02-A441-4252-B155-A687DA553CD0"
"5C59C5E3-A813-49FC-B529-722082EE79EE","7FFF0C60-8FAD-47D6-87C2-C6155AC99571","360A3852-A963-465A-9789-B7CF69FF4D39"
"5C59C5E3-A813-49FC-B529-722082EE79EE","7FFF0C60-8FAD-47D6-87C2-C6155AC99571","3BC6BEF5-471C-4BCD-BF1E-AB793C6542D0"
"5C59C5E3-A813-49FC-B529-722082EE79EE","7FFF0C60-8FAD-47D6-87C2-C6155AC99571","3D23E7CE-D7C3-4F21-9DE6-FC6833D745B0"
"5C59C5E3-A813-49FC-B529-722082EE79EE","7FFF0C60-8FAD-47D6-87C2-C6155AC99571","47E6D578-A5E7-4829-9536-36868EAE1364"
"5C59C5E3-A813-49FC-B529-722082EE79EE","7FFF0C60-8FAD-47D6-87C2-C6155AC99571","48610184-AABD-4F3F-846F-4BC92D590ECB"
"5C59C5E3-A813-49FC-B529-722082EE79EE","7FFF0C60-8FAD-47D6-87C2-C6155AC99571","500F2021-8247-4033-A55D-AC636DBE1135"
"5C59C5E3-A813-49FC-B529-722082EE79EE","7FFF0C60-8FAD-47D6-87C2-C6155AC99571","55834B3C-9DB2-4560-9182-F70BF3FDBE5D"
"5C59C5E3-A813-49FC-B529-722082EE79EE","7FFF0C60-8FAD-47D6-87C2-C6155AC99571","55C38051-D0C5-47DD-80D7-9277629FF35B"
"5C59C5E3-A813-49FC-B529-722082EE79EE","7FFF0C60-8FAD-47D6-87C2-C6155AC99571","5697908A-ACA6-4B69-862C-3ADDCB5E20A5"
"5C59C5E3-A813-49FC-B529-722082EE79EE","7FFF0C60-8FAD-47D6-87C2-C6155AC99571","6123C380-F549-4A99-BC44-BD296451A4EA"
"5C59C5E3-A813-49FC-B529-722082EE79EE","7FFF0C60-8FAD-47D6-87C2-C6155AC99571","69C58200-86F8-43D0-A541-D4A1011D617F"
"5C59C5E3-A813-49FC-B529-722082EE79EE","7FFF0C60-8FAD-47D6-87C2-C6155AC99571","7511CF35-0A86-42D0-A000-F6DFEF45611B"
"5C59C5E3-A813-49FC-B529-722082EE79EE","7FFF0C60-8FAD-47D6-87C2-C6155AC99571","779F794A-44F4-414F-A0A6-B230DDF6D4C6"
"5C59C5E3-A813-49FC-B529-722082EE79EE","7FFF0C60-8FAD-47D6-87C2-C6155AC99571","7A31B525-538A-403C-ABF9-CD96CDA2A6DE"
"5C59C5E3-A813-49FC-B529-722082EE79EE","7FFF0C60-8FAD-47D6-87C2-C6155AC99571","8068653B-C0D2-4F5A-8FF9-2ABF9EB810B4"
"5C59C5E3-A813-49FC-B529-722082EE79EE","7FFF0C60-8FAD-47D6-87C2-C6155AC99571","87FA8CA0-DBFD-458A-9053-45FE2064C07A"
"5C59C5E3-A813-49FC-B529-722082EE79EE","7FFF0C60-8FAD-47D6-87C2-C6155AC99571","893EA9D0-1801-4499-BBC4-9271B0A366C7"
"5C59C5E3-A813-49FC-B529-722082EE79EE","7FFF0C60-8FAD-47D6-87C2-C6155AC99571","951113A7-DF2B-4200-88E0-6A9F2F033E74"
"5C59C5E3-A813-49FC-B529-722082EE79EE","7FFF0C60-8FAD-47D6-87C2-C6155AC99571","9C987DD6-3AA8-4B39-93B9-E8E56AE7E3DE"
"5C59C5E3-A813-49FC-B529-722082EE79EE","7FFF0C60-8FAD-47D6-87C2-C6155AC99571","9F5F9280-82F3-4A28-8AB0-94B607767B45"
"5C59C5E3-A813-49FC-B529-722082EE79EE","7FFF0C60-8FAD-47D6-87C2-C6155AC99571","A47F4C6E-B077-426F-8931-F41578AE2ED4"
"5C59C5E3-A813-49FC-B529-722082EE79EE","7FFF0C60-8FAD-47D6-87C2-C6155AC99571","BC9A3790-56B3-4138-9471-9DF2F4D73AE3"
"5C59C5E3-A813-49FC-B529-722082EE79EE","7FFF0C60-8FAD-47D6-87C2-C6155AC99571","C38FDCD5-95B5-4441-8F59-C874119A5850"
"5C59C5E3-A813-49FC-B529-722082EE79EE","7FFF0C60-8FAD-47D6-87C2-C6155AC99571","C5077178-36D2-4C15-AC7C-B42C82AE4B48"
"5C59C5E3-A813-49FC-B529-722082EE79EE","7FFF0C60-8FAD-47D6-87C2-C6155AC99571","D79E32AA-3375-4ECA-B461-AB5623E4BE49"
"5C59C5E3-A813-49FC-B529-722082EE79EE","7FFF0C60-8FAD-47D6-87C2-C6155AC99571","DAC27A45-5293-4075-94D4-BCFDD7431594"
"5C59C5E3-A813-49FC-B529-722082EE79EE","7FFF0C60-8FAD-47D6-87C2-C6155AC99571","E0FA04E8-9769-4082-B1DC-60CB04220056"
"5C59C5E3-A813-49FC-B529-722082EE79EE","7FFF0C60-8FAD-47D6-87C2-C6155AC99571","EE75A9CF-31F6-4547-B2F8-1DAE21FD81F5"
"5C59C5E3-A813-49FC-B529-722082EE79EE","7FFF0C60-8FAD-47D6-87C2-C6155AC99571","F7CBBD05-CA93-4AAC-96D1-6095DA532140"
"89731BEF-EC1F-418E-999B-982B4AC0FBBF","81EE29C4-17EB-44F2-A588-84DA43589B3D","5AFCD8EA-8BE6-4CF9-88D7-B401C2A9EA57"
"89731BEF-EC1F-418E-999B-982B4AC0FBBF","81EE29C4-17EB-44F2-A588-84DA43589B3D","9BDE2A96-825F-40F6-B7E7-1E557A883045"
"89731BEF-EC1F-418E-999B-982B4AC0FBBF","81EE29C4-17EB-44F2-A588-84DA43589B3D","b207f8ff-a8d3-45d5-a794-bce252b8723c"
"89731BEF-EC1F-418E-999B-982B4AC0FBBF","81EE29C4-17EB-44F2-A588-84DA43589B3D","C1CD935A-8279-4E43-81D8-E9052AFD628F"
"BBCHStadium","81FF0C774B2B31BC958196B6B0FE2EABB09B","becdde7e-d77f-4834-aa0d-cae9153fa318"
"A578DFE1-4004-478C-AB84-16654A83D14C","827D10A8-0B86-4BB5-8D86-68876349ED35","1DD3896F-2389-4EAE-9555-34B198AFF14C"
"A578DFE1-4004-478C-AB84-16654A83D14C","827D10A8-0B86-4BB5-8D86-68876349ED35","3E022013-3D24-488F-ABF8-447800994FFF"
"A578DFE1-4004-478C-AB84-16654A83D14C","827D10A8-0B86-4BB5-8D86-68876349ED35","3F64ED77-BFAF-47D3-BDB2-29D2A48BA7FF"
"A578DFE1-4004-478C-AB84-16654A83D14C","827D10A8-0B86-4BB5-8D86-68876349ED35","3FB590E2-3F05-48F4-A89C-FF9E326C1D10"
"A578DFE1-4004-478C-AB84-16654A83D14C","827D10A8-0B86-4BB5-8D86-68876349ED35","6053ED3B-0845-4FF0-B5E2-8CC9E5A80187"
"A578DFE1-4004-478C-AB84-16654A83D14C","827D10A8-0B86-4BB5-8D86-68876349ED35","848191FB-C1E4-43BA-B24C-D95B7F888242"
"A578DFE1-4004-478C-AB84-16654A83D14C","827D10A8-0B86-4BB5-8D86-68876349ED35","8712D7ED-A20B-4641-91DE-B847E153A44F"
"A578DFE1-4004-478C-AB84-16654A83D14C","827D10A8-0B86-4BB5-8D86-68876349ED35","9DA24D74-BF75-4C26-A14C-A84A0B058B89"
"A578DFE1-4004-478C-AB84-16654A83D14C","827D10A8-0B86-4BB5-8D86-68876349ED35","A1A9C761-82CD-4966-B956-8FE34A7FE0F8"
"A578DFE1-4004-478C-AB84-16654A83D14C","827D10A8-0B86-4BB5-8D86-68876349ED35","AB7E27C7-C11C-4EEB-9A35-0B344873ACCD"
"A578DFE1-4004-478C-AB84-16654A83D14C","827D10A8-0B86-4BB5-8D86-68876349ED35","C79BD7EE-D7C3-4144-BFAB-ACE5C60767B6"
"A578DFE1-4004-478C-AB84-16654A83D14C","827D10A8-0B86-4BB5-8D86-68876349ED35","DCA47AD4-8F0E-4817-99EB-B45453E7E927"
"A578DFE1-4004-478C-AB84-16654A83D14C","827D10A8-0B86-4BB5-8D86-68876349ED35","FF01689F-895F-4100-A03E-7E7DE92E5595"
"1D8EE6ED-3804-44BF-9D17-E9BC09C520F8","83044361-B325-4535-B99C-50F84728A458","7F68B208-755F-4F7C-90EA-70E4CB4752A4"
"F7737301-1BC8-4ADC-B2B7-2C9AC3EFB6AF","833151FA-772A-4CCD-8F93-35DDB156F984","495E58E2-8591-4DA6-BF6B-407B8CF98557"
"F7737301-1BC8-4ADC-B2B7-2C9AC3EFB6AF","833151FA-772A-4CCD-8F93-35DDB156F984","BACE14D2-7AAD-4874-9E41-9FF506C65D43"
"F7737301-1BC8-4ADC-B2B7-2C9AC3EFB6AF","833151FA-772A-4CCD-8F93-35DDB156F984","C21F3B1D-70C6-4A59-A8D2-F31F8241FFBB"
"95373850-0454-4FF7-8416-217A6CBCACDF","83408598-1B25-4BA9-9829-D4941FBECA90","537F10ED-8CC3-4951-9D06-6113C51B3A5D"
"95373850-0454-4FF7-8416-217A6CBCACDF","83408598-1B25-4BA9-9829-D4941FBECA90","56B885E5-62E2-492F-81D3-BEA9537858B1"
"95373850-0454-4FF7-8416-217A6CBCACDF","83408598-1B25-4BA9-9829-D4941FBECA90","570D7218-EB25-4202-B881-9049E9C9181C"
"95F60520-1245-45CA-9476-7D8BEC6C5B6A","8350B76B-775C-4FDF-BD9A-7D00C6EDEB4A","6F878A7A-EF1C-437A-8E0D-51EAA6DF233B"
"95F60520-1245-45CA-9476-7D8BEC6C5B6A","8350B76B-775C-4FDF-BD9A-7D00C6EDEB4A","84CB8372-1E96-4BF9-A903-6D68DCD9BB30"
"95F60520-1245-45CA-9476-7D8BEC6C5B6A","8350B76B-775C-4FDF-BD9A-7D00C6EDEB4A","C6C2A092-EC1D-4FF9-9377-319E8CD4BE02"
"95F60520-1245-45CA-9476-7D8BEC6C5B6A","8350B76B-775C-4FDF-BD9A-7D00C6EDEB4A","D9E2EAB4-0489-4FAF-BA2D-6226F191CAAA"
"774F7D4D-D43C-46BF-BC2B-664A8948206A","836A85F4-2340-49A2-AD79-B3F213387F90","E01B5C07-D09C-475B-A783-A6915049AF86"
"PER","8463B5B009652F8BCA1309BDEB75B1CBBF2B","0522445d-9e83-4475-be0e-61eed31032c9"
"EEE883BE-DA2C-4D5B-B5F2-F67B0E921462","84CCE2CA-B926-4EA5-899A-20E17592598C","01CDED89-D1E6-4A2D-AC45-85F237389459"
"EEE883BE-DA2C-4D5B-B5F2-F67B0E921462","84CCE2CA-B926-4EA5-899A-20E17592598C","2E1FA735-25D9-4CFE-B95C-6FE38FF7D9EA"
"EEE883BE-DA2C-4D5B-B5F2-F67B0E921462","84CCE2CA-B926-4EA5-899A-20E17592598C","33DCAD89-E307-41B4-A717-D13311D29062"
"EEE883BE-DA2C-4D5B-B5F2-F67B0E921462","84CCE2CA-B926-4EA5-899A-20E17592598C","4c10daf4-510d-47d5-9b89-2fe60cce255e"
"EEE883BE-DA2C-4D5B-B5F2-F67B0E921462","84CCE2CA-B926-4EA5-899A-20E17592598C","4E70F17A-EE3D-42CF-BD4A-FEDC8B32C7D9"
"EEE883BE-DA2C-4D5B-B5F2-F67B0E921462","84CCE2CA-B926-4EA5-899A-20E17592598C","6ACAE7C5-F3ED-4914-9B6D-51830CDBBE2E"
"EEE883BE-DA2C-4D5B-B5F2-F67B0E921462","84CCE2CA-B926-4EA5-899A-20E17592598C","6F69FEF1-376B-4604-9C6B-9BE3D57C08F9"
"EEE883BE-DA2C-4D5B-B5F2-F67B0E921462","84CCE2CA-B926-4EA5-899A-20E17592598C","6FEDE14B-D8AE-4160-B539-6763C0BDC9E7"
"EEE883BE-DA2C-4D5B-B5F2-F67B0E921462","84CCE2CA-B926-4EA5-899A-20E17592598C","76DF77BF-82F9-4F53-B183-AB6270D30E32"
"EEE883BE-DA2C-4D5B-B5F2-F67B0E921462","84CCE2CA-B926-4EA5-899A-20E17592598C","807E41C2-0CE3-4283-A598-2C45915D0121"
"EEE883BE-DA2C-4D5B-B5F2-F67B0E921462","84CCE2CA-B926-4EA5-899A-20E17592598C","8538F989-A36D-40A7-ACA1-97D4B639C307"
"EEE883BE-DA2C-4D5B-B5F2-F67B0E921462","84CCE2CA-B926-4EA5-899A-20E17592598C","98BD5273-2D91-45D6-A27B-EDD19183A6E4"
"EEE883BE-DA2C-4D5B-B5F2-F67B0E921462","84CCE2CA-B926-4EA5-899A-20E17592598C","9E2425A8-DE6F-4A12-8BFC-1B2C9F18B51F"
"EEE883BE-DA2C-4D5B-B5F2-F67B0E921462","84CCE2CA-B926-4EA5-899A-20E17592598C","B1465DDB-C82C-4EF1-A694-7BAF1BD8C095"
"EEE883BE-DA2C-4D5B-B5F2-F67B0E921462","84CCE2CA-B926-4EA5-899A-20E17592598C","DD120DE9-0D83-4C77-B6BE-64F717EEC778"
"EEE883BE-DA2C-4D5B-B5F2-F67B0E921462","84CCE2CA-B926-4EA5-899A-20E17592598C","E2A12BAC-AAA4-473A-9B11-3619F3C66CFC"
"EEE883BE-DA2C-4D5B-B5F2-F67B0E921462","84CCE2CA-B926-4EA5-899A-20E17592598C","E48607C3-7BDC-4232-A988-A9B05944E80C"
"EEE883BE-DA2C-4D5B-B5F2-F67B0E921462","84CCE2CA-B926-4EA5-899A-20E17592598C","E57E828F-9A22-42A2-B47B-F7E4B2631CFB"
"EEE883BE-DA2C-4D5B-B5F2-F67B0E921462","84CCE2CA-B926-4EA5-899A-20E17592598C","EE875943-C924-4609-8967-F478AE588D33"
"EEE883BE-DA2C-4D5B-B5F2-F67B0E921462","84CCE2CA-B926-4EA5-899A-20E17592598C","EF1D771B-03E7-4B95-BCBF-6ED79761375E"
"EEE883BE-DA2C-4D5B-B5F2-F67B0E921462","84CCE2CA-B926-4EA5-899A-20E17592598C","FFF2771A-E5D5-492D-86BD-3F471BC8D79A"
"11475745-8608-4FF6-9471-1D609DBACBE5","856775D8-5A41-4E34-ACED-D79FA9B5CB9F","5FA5C3F4-11B4-4E86-94B3-A2852B07BC90"
"11475745-8608-4FF6-9471-1D609DBACBE5","856775D8-5A41-4E34-ACED-D79FA9B5CB9F","92BA46EC-FF63-410A-87B1-7F6BB62801EC"
"11475745-8608-4FF6-9471-1D609DBACBE5","856775D8-5A41-4E34-ACED-D79FA9B5CB9F","AD768AFB-2A5A-44FC-AA6C-7B8043A7113D"
"9EB415F4-D3C5-4EC7-B47F-3F7D1A0C8B7A","86944626-AE30-4B30-82B8-084BAF59276A","01AC8BB2-B698-481D-A82B-718DA58D1625"
"9EB415F4-D3C5-4EC7-B47F-3F7D1A0C8B7A","86944626-AE30-4B30-82B8-084BAF59276A","45A739A7-FFCE-4541-8A6B-E8B93BDF5B75"
"2671AA08-1F0D-436F-AFC7-1504575DC7C8","86A712F0-7065-4F8D-B2BB-677A0C5ED66E","4BA78AEA-5879-45E7-A577-026E327C838B"
"F8BF8C9B-433B-48C1-AA68-84243FD58258","86C32B4F-E49D-4349-BFEF-C6E53D329418","04441424-7E7D-49F3-8902-E2843FB2794C"
"F8BF8C9B-433B-48C1-AA68-84243FD58258","86C32B4F-E49D-4349-BFEF-C6E53D329418","0B4B8561-2F26-4555-8F84-C4C601908FF9"
"F8BF8C9B-433B-48C1-AA68-84243FD58258","86C32B4F-E49D-4349-BFEF-C6E53D329418","1E1E7F51-425D-4475-B668-D45883917D90"
"F8BF8C9B-433B-48C1-AA68-84243FD58258","86C32B4F-E49D-4349-BFEF-C6E53D329418","52AA25BF-D77E-435D-921A-63ED7D7CA3C8"
"F8BF8C9B-433B-48C1-AA68-84243FD58258","86C32B4F-E49D-4349-BFEF-C6E53D329418","530373aa-9847-4029-adb8-78487afe8d92"
"9F369F39-2B92-4C64-B462-7C9B2A56EBAC","3DA8E746-4DAE-4C1E-A65F-11A781C8FBA9","33E761B8-C0A3-40CE-9DC2-3761E6DA172D"
"9F369F39-2B92-4C64-B462-7C9B2A56EBAC","3DA8E746-4DAE-4C1E-A65F-11A781C8FBA9","3FC53E48-F624-4DDC-B9E1-7F560D9DCE67"
"9F369F39-2B92-4C64-B462-7C9B2A56EBAC","3DA8E746-4DAE-4C1E-A65F-11A781C8FBA9","50CB7361-CBAE-4468-ADDF-D70E58B2708D"
"9F369F39-2B92-4C64-B462-7C9B2A56EBAC","3DA8E746-4DAE-4C1E-A65F-11A781C8FBA9","5A79F14D-792D-4F1D-BDCE-5D3BE0181294"
"9F369F39-2B92-4C64-B462-7C9B2A56EBAC","3DA8E746-4DAE-4C1E-A65F-11A781C8FBA9","6CD8C89A-DE01-49D9-9FAA-F7C12DCEF9A2"
"9F369F39-2B92-4C64-B462-7C9B2A56EBAC","3DA8E746-4DAE-4C1E-A65F-11A781C8FBA9","7E76EFEA-A403-47A3-A168-C60CE51821C0"
"9F369F39-2B92-4C64-B462-7C9B2A56EBAC","3DA8E746-4DAE-4C1E-A65F-11A781C8FBA9","855CE30A-0E60-4143-8355-719E4342B32C"
"9F369F39-2B92-4C64-B462-7C9B2A56EBAC","3DA8E746-4DAE-4C1E-A65F-11A781C8FBA9","906A6A1D-1863-48FA-9546-389B28C676D3"
"9F369F39-2B92-4C64-B462-7C9B2A56EBAC","3DA8E746-4DAE-4C1E-A65F-11A781C8FBA9","99B66789-48D5-48A1-B3D1-B0B865C82CBD"
"9F369F39-2B92-4C64-B462-7C9B2A56EBAC","3DA8E746-4DAE-4C1E-A65F-11A781C8FBA9","AAD6D735-834F-48DD-9DDE-8AB49B50CE3D"
"9F369F39-2B92-4C64-B462-7C9B2A56EBAC","3DA8E746-4DAE-4C1E-A65F-11A781C8FBA9","B03FDBC3-113C-449C-BFAA-972428FBAA65"
"9F369F39-2B92-4C64-B462-7C9B2A56EBAC","3DA8E746-4DAE-4C1E-A65F-11A781C8FBA9","B86AC20A-3715-4C9C-9BCA-226736650C01"
"9F369F39-2B92-4C64-B462-7C9B2A56EBAC","3DA8E746-4DAE-4C1E-A65F-11A781C8FBA9","BAEF614B-29C2-4B7F-8285-52EE9C186260"
"9F369F39-2B92-4C64-B462-7C9B2A56EBAC","3DA8E746-4DAE-4C1E-A65F-11A781C8FBA9","E4E7DEB0-D592-470D-91E5-40340CB2C276"
"9F369F39-2B92-4C64-B462-7C9B2A56EBAC","3DA8E746-4DAE-4C1E-A65F-11A781C8FBA9","F5A0DE0C-FB40-4BE4-8127-7D6CCBF02779"
"9F369F39-2B92-4C64-B462-7C9B2A56EBAC","3DA8E746-4DAE-4C1E-A65F-11A781C8FBA9","F672FB6B-D6CD-4628-8879-B16FFAB32D77"
"23152958-B1E2-4E1E-92CF-28922DEAC052","3E4BF072-EE46-4D6C-BF22-B2DD67C5C338","A6AA779F-F9EC-41DD-8F9D-5258676A65FF"
"DCD2FBF8-8801-445C-A00A-85142444797C","3E8CF3B8-7A94-442E-A06C-D3927AC76752","A8D45347-83E7-4E0E-8B85-2382A2E119EA"
"DCD2FBF8-8801-445C-A00A-85142444797C","3E8CF3B8-7A94-442E-A06C-D3927AC76752","F39AA4F7-9BA2-47D3-B9C6-FE7CFDB4FD36"
"29AFD410-EF26-4839-AF0A-C286F584179B","3ECBBE70-7182-45E3-948B-318095232294","E70F4F09-F667-4C2F-A3BC-D30E92AEE92D"
"9A21D4B4-8A35-44FD-BFB6-947693EC5EFE","3ED9D241-BF7D-459A-A2E3-990F86C63099","3C6B6A5E-FC1E-4B8D-A565-7228C0C2C425"
"9A21D4B4-8A35-44FD-BFB6-947693EC5EFE","3ED9D241-BF7D-459A-A2E3-990F86C63099","40C05CA4-0A81-40F8-B105-2E276FA4CCE6"
"9A21D4B4-8A35-44FD-BFB6-947693EC5EFE","3ED9D241-BF7D-459A-A2E3-990F86C63099","B035673F-3EB5-4960-A082-6106D27B3455"
"9A21D4B4-8A35-44FD-BFB6-947693EC5EFE","3ED9D241-BF7D-459A-A2E3-990F86C63099","F58A3030-1728-4E2F-BDE0-03D5A008FD4D"
"35DB566B-1615-4287-B9E3-D6AEBF82AF71","3F2FBF91-6F10-4398-A292-44155139CE84","27197D73-6DA5-4BAC-84B8-6E5B3CA3710E"
"35DB566B-1615-4287-B9E3-D6AEBF82AF71","3F2FBF91-6F10-4398-A292-44155139CE84","2EE0F8F9-02B1-4F06-8C24-CA7C8E57B40D"
"35DB566B-1615-4287-B9E3-D6AEBF82AF71","3F2FBF91-6F10-4398-A292-44155139CE84","3148A623-0607-421F-88C4-3E52E0098247"
"6E74A7BF-F40F-44FD-88B8-D11FD1D9A074","9F54E660-CC74-475C-907D-7A0065D2A641","7E6C9A74-293C-4AB2-BBE3-EB42667EA809"
"6E74A7BF-F40F-44FD-88B8-D11FD1D9A074","9F54E660-CC74-475C-907D-7A0065D2A641","8AB2972F-F4C8-4769-B2E6-10B896D6C521"
"6E74A7BF-F40F-44FD-88B8-D11FD1D9A074","9F54E660-CC74-475C-907D-7A0065D2A641","947C9CA5-824F-41E8-9F6A-05A6BE88F9ED"
"6E74A7BF-F40F-44FD-88B8-D11FD1D9A074","9F54E660-CC74-475C-907D-7A0065D2A641","97DC3437-66A6-49BC-9ADF-15C23C2484F3"
"6E74A7BF-F40F-44FD-88B8-D11FD1D9A074","9F54E660-CC74-475C-907D-7A0065D2A641","9C931FC3-4437-4D75-BF47-966A5FD8FC8E"
"6E74A7BF-F40F-44FD-88B8-D11FD1D9A074","9F54E660-CC74-475C-907D-7A0065D2A641","A1D561ED-6566-4F7D-B0F8-DB44E55C02E7"
"6E74A7BF-F40F-44FD-88B8-D11FD1D9A074","9F54E660-CC74-475C-907D-7A0065D2A641","D4468DD7-7B10-48F6-8EBB-6E4AC8FDF3B5"
"6E74A7BF-F40F-44FD-88B8-D11FD1D9A074","9F54E660-CC74-475C-907D-7A0065D2A641","D9A8F306-F582-41C0-994F-4E943CB9F3A1"
"6E74A7BF-F40F-44FD-88B8-D11FD1D9A074","9F54E660-CC74-475C-907D-7A0065D2A641","DFFE970B-7B66-4B2B-8867-5559169CF2BD"
"6E74A7BF-F40F-44FD-88B8-D11FD1D9A074","9F54E660-CC74-475C-907D-7A0065D2A641","F15EFF79-EB98-4FEE-8383-19CB2DBACAC0"
"6E74A7BF-F40F-44FD-88B8-D11FD1D9A074","9F54E660-CC74-475C-907D-7A0065D2A641","F4A828A7-1655-4575-B98A-4CA25BED158A"
"6E74A7BF-F40F-44FD-88B8-D11FD1D9A074","9F54E660-CC74-475C-907D-7A0065D2A641","F9E82F7F-F177-45A1-925D-D646040718AB"
"C960BD4A-6732-452B-8332-B14ABA662696","9F56A71C-D43D-4761-9F85-F7A3A49AB23D","46BC1328-42AD-49F6-8F32-DE45A7EB67EB"
"C960BD4A-6732-452B-8332-B14ABA662696","9F56A71C-D43D-4761-9F85-F7A3A49AB23D","7F6A3571-A69F-4977-8C26-BF495082F455"
"C960BD4A-6732-452B-8332-B14ABA662696","9F56A71C-D43D-4761-9F85-F7A3A49AB23D","A81E144F-4D4C-4218-B1F7-80D34AE52FC0"
"C960BD4A-6732-452B-8332-B14ABA662696","9F56A71C-D43D-4761-9F85-F7A3A49AB23D","B0397A40-42DA-45F7-A54A-981FF7FBBFB5"
"6D60F9A7-D70A-48F4-BE9E-DB7AEBCEDCE3","9FFA84BB-0005-42E0-AD09-3CD180E229E4","724E1C32-D615-4C08-9A0A-88E9EA914A79"
"6D60F9A7-D70A-48F4-BE9E-DB7AEBCEDCE3","9FFA84BB-0005-42E0-AD09-3CD180E229E4","74F21EAC-244B-476B-B3CC-CE27FE612404"
"6D60F9A7-D70A-48F4-BE9E-DB7AEBCEDCE3","9FFA84BB-0005-42E0-AD09-3CD180E229E4","7A70DFB6-07A8-4E39-BA4F-2ADBC61AA762"
"6D60F9A7-D70A-48F4-BE9E-DB7AEBCEDCE3","9FFA84BB-0005-42E0-AD09-3CD180E229E4","87A15012-4615-4A62-B6E0-0FDB6708FD11"
"6D60F9A7-D70A-48F4-BE9E-DB7AEBCEDCE3","9FFA84BB-0005-42E0-AD09-3CD180E229E4","968FD236-92F7-4E30-9686-9F5FEAF15AA5"
"6D60F9A7-D70A-48F4-BE9E-DB7AEBCEDCE3","9FFA84BB-0005-42E0-AD09-3CD180E229E4","DB8E6A28-657B-4AD6-AE9C-35604E386607"
"82F1C16A-6628-4C3F-81B8-2927FE34B068","A06098B0-0439-4C6B-A94D-F55389311A9F","E139DD28-0858-4BB2-AC2A-AE7455B7BA68"
"EFA759D7-5841-4CC4-A308-CFFF54F1F261","A06443A2-6D0E-4C99-8010-2F3E5A15E91C","87F1754D-BDC5-41A5-B34D-B26E065C1F6E"
"BBCHStadium","A0A127167FC5614D7A3E200D2833F926152C","bfaa70ed-a705-49e9-bb14-90c70c2161f9"
"1518034D-4F42-4A2B-9EA6-8CDA1D4C6441","A0BA03EE-3FCE-4190-8456-CBC4104DF316","7CDFE4AB-36E0-40D7-8D6D-F3953E24BDF2"
"1518034D-4F42-4A2B-9EA6-8CDA1D4C6441","A0BA03EE-3FCE-4190-8456-CBC4104DF316","95BEF197-FE12-4A73-BC39-1F91D8D3F1D7"
"BBCHStadium","A1709423DCBAC76551E143B2C6FDC817D04F","07015bcf-f6a5-4c0a-a42f-943509d7cc76"
"INTERVALL","A20E5378DECD6E9A922663D6DCE94D93E26A","f382cb52-563d-4d2f-8d5a-8127de1e0d7a"
"695DDFA0-4BCE-442A-8AD3-C27CAB8AFB60","A2103A98-E891-483E-AB39-D1644BA0F07E","4B636074-F40B-40A4-A068-05C84342BBDA"
"695DDFA0-4BCE-442A-8AD3-C27CAB8AFB60","A2103A98-E891-483E-AB39-D1644BA0F07E","ABBC6AA7-6009-43EF-946A-769C1FB92A84"
"695DDFA0-4BCE-442A-8AD3-C27CAB8AFB60","A2103A98-E891-483E-AB39-D1644BA0F07E","BE9F31DA-24A5-4DDA-AA87-F4E6D6D01BD7"
"D1D3C66B-84CE-42F1-9A03-4A9B80651E27","A2153D8E-DA8E-4B11-B9D3-6E8117E7BDE1","D2F52276-C3EE-424F-BA47-BB1B0EBE4E5C"
"A8C7025C-0FDF-44F1-B3DE-EC3915DE061E","A219D663-5470-4291-9598-99BDCC82FA74","22A86C48-6261-4694-AF91-23134C773B28"
"825E7E47-E7C3-4147-841F-578354D2DB92","A2851583-4E0C-4CEC-966D-DC37D505FED9","5DEDF64D-EB29-418F-A332-033B8C09914D"
"C990D26D-D461-4ABC-ADC7-8B7330C118AB","A28DE60B-AB73-4048-AC05-734C6527C0E4","08A6A05A-2923-4D4D-BD8B-C41E9CBAFD93"
"C990D26D-D461-4ABC-ADC7-8B7330C118AB","A28DE60B-AB73-4048-AC05-734C6527C0E4","BB1D4531-D674-459A-8B92-2BE6A9AAEC5C"
"C990D26D-D461-4ABC-ADC7-8B7330C118AB","A28DE60B-AB73-4048-AC05-734C6527C0E4","cb470056-aae1-4270-9cdd-69701a18bda7"
"C990D26D-D461-4ABC-ADC7-8B7330C118AB","A28DE60B-AB73-4048-AC05-734C6527C0E4","e9a4e49f-af77-4cb7-9645-2c65cb134ac1"
"D4A64688-AE25-4CF4-B5DB-13903CA88785","A2A3AF0C-AF1E-4286-A63C-3A423A8F7172","DF9D7C09-63DD-44EE-8AFC-9B78BC417CA3"
"EEE51996-2436-45E2-8C65-2C56FC452439","A38A2DAC-41BD-4EA1-83F8-AC9CE8071118","CF9716D5-3D0D-414B-B75D-3591C58ECCDC"
"EEE51996-2436-45E2-8C65-2C56FC452439","A38A2DAC-41BD-4EA1-83F8-AC9CE8071118","D1F86BAE-266F-4104-9964-450B9504969C"
"ED519093-BD88-4255-A3CC-C0EACF2EBDCA","A397BB2F-5069-433B-9F25-C33ACCCEA8BF","173E0C9A-CD39-4EEF-B7A5-AD3DF54B9256"
"ED519093-BD88-4255-A3CC-C0EACF2EBDCA","A397BB2F-5069-433B-9F25-C33ACCCEA8BF","193E4FEF-4888-4D51-8236-99D7CF0BB139"
"12A55445-7341-4B13-8C8D-3DC92113372F","A406B74A-8C15-4ECD-B796-237E6749CE20","D14362EC-0243-4DC3-A804-0DAB5AF646B7"
"D5DA86DB-A594-40CB-93AD-4B257DE7EAAB","A49EE39A-F662-4EE7-B17B-CEA4CD07A891","03242679-7CDA-42B4-8FA6-11D9E8AC3006"
"D5DA86DB-A594-40CB-93AD-4B257DE7EAAB","A49EE39A-F662-4EE7-B17B-CEA4CD07A891","083D872F-ACA8-4604-A100-FCF926497FEF"
"D5DA86DB-A594-40CB-93AD-4B257DE7EAAB","A49EE39A-F662-4EE7-B17B-CEA4CD07A891","138DF514-620B-4EB1-9BF6-A33B3BAC7CA1"
"D5DA86DB-A594-40CB-93AD-4B257DE7EAAB","A49EE39A-F662-4EE7-B17B-CEA4CD07A891","290966F2-52F0-4543-8ECE-A38E43E4A402"
"D5DA86DB-A594-40CB-93AD-4B257DE7EAAB","A49EE39A-F662-4EE7-B17B-CEA4CD07A891","44DD50F7-2CC8-452D-9BBA-EF7733CC4923"
"D5DA86DB-A594-40CB-93AD-4B257DE7EAAB","A49EE39A-F662-4EE7-B17B-CEA4CD07A891","5F9C0674-DB59-437D-AA51-0C6FADB34B0E"
"D5DA86DB-A594-40CB-93AD-4B257DE7EAAB","A49EE39A-F662-4EE7-B17B-CEA4CD07A891","67142E42-B4D5-468A-8B31-F7F4DE8E84FA"
"D5DA86DB-A594-40CB-93AD-4B257DE7EAAB","A49EE39A-F662-4EE7-B17B-CEA4CD07A891","A9238B95-C622-4F4A-8688-D015D45E7358"
"D5DA86DB-A594-40CB-93AD-4B257DE7EAAB","A49EE39A-F662-4EE7-B17B-CEA4CD07A891","B085F51B-BF05-4F87-BFDE-A56B2742AE3F"
"D5DA86DB-A594-40CB-93AD-4B257DE7EAAB","A49EE39A-F662-4EE7-B17B-CEA4CD07A891","B73D9297-F38B-4F02-8907-49FBD587009B"
"D5DA86DB-A594-40CB-93AD-4B257DE7EAAB","A49EE39A-F662-4EE7-B17B-CEA4CD07A891","C91C2AA3-6B80-4C13-AC80-78D76087EE5B"
"D5DA86DB-A594-40CB-93AD-4B257DE7EAAB","A49EE39A-F662-4EE7-B17B-CEA4CD07A891","E9313A51-AF01-4E60-9462-F483BBDC44BB"
"6563A7B6-4F99-4720-9839-FDB76FE05F5A","A4A33BA5-E971-448C-A580-D8B94CA084F7","3E30A9EF-8D52-49BF-BEC8-532FE94795EE"
"6563A7B6-4F99-4720-9839-FDB76FE05F5A","A4A33BA5-E971-448C-A580-D8B94CA084F7","D6183D3F-9718-43DA-B067-AC8AC566B0BF"
"7828B68F-A093-4010-818C-F8BC5C74520C","A4BE6F01-DEFE-4C4B-8CBC-6E3DCF77FA6C","02F720B5-7985-4364-B7BE-E87C9E9C92F2"
"7FAA4029-461E-4998-B5A5-E5161066CC88","A538EEDE-C76A-4CFD-B103-4E460AE24339","FD7EB1AA-1C8D-4FA3-9E4F-7C5D561F7BC8"
"79659CFF-A8E0-448D-8032-7F6FB57CE04D","A560AF12-DBF0-4514-AD69-D50E9C4DB426","F58B6C46-436D-4A8D-92AD-4F39EFA6D7B0"
"56442F00-1B77-4FE0-9FFC-92365512D19C","A6105537-8F98-44AD-952C-91207AC754F0","74F9BEC0-CAD3-4394-B9D5-3AD2B71BEC70"
"7A6650EF-AC7D-49FA-AF77-D1E16CA15CA9","A654D141-7D33-499C-A31E-E5CD09BBD5B9","91F38CC8-6E00-49CF-8E2B-CFD164EA01EC"
"E0C33AA9-A36A-4BCC-8101-25143BC6FFF2","A6B55619-E486-4858-90D9-A52D26C63195","02afe59d-ff4a-445d-bb4f-8f890518df02"
"E0C33AA9-A36A-4BCC-8101-25143BC6FFF2","A6B55619-E486-4858-90D9-A52D26C63195","05B52855-6100-4D1E-9F60-206B0EC62C9F"
"E0C33AA9-A36A-4BCC-8101-25143BC6FFF2","A6B55619-E486-4858-90D9-A52D26C63195","1095B5CD-7F9F-45F2-9430-CD7DC5F57D68"
"E0C33AA9-A36A-4BCC-8101-25143BC6FFF2","A6B55619-E486-4858-90D9-A52D26C63195","13100a8b-680b-450b-ae88-fc80e4a4e678"
"E0C33AA9-A36A-4BCC-8101-25143BC6FFF2","A6B55619-E486-4858-90D9-A52D26C63195","176F5F3D-332C-4B93-87B9-9C5CCCA3C717"
"E0C33AA9-A36A-4BCC-8101-25143BC6FFF2","A6B55619-E486-4858-90D9-A52D26C63195","24EA3BF2-EEA7-491E-9E5D-D09B521B13B7"
"E0C33AA9-A36A-4BCC-8101-25143BC6FFF2","A6B55619-E486-4858-90D9-A52D26C63195","33B26CF7-42BA-4972-9012-FBEE9FB916DB"
"E0C33AA9-A36A-4BCC-8101-25143BC6FFF2","A6B55619-E486-4858-90D9-A52D26C63195","33CC34F3-7504-4C44-A71B-147994DFA0AA"
"E0C33AA9-A36A-4BCC-8101-25143BC6FFF2","A6B55619-E486-4858-90D9-A52D26C63195","3BABD10B-7A8D-4735-8DA7-06879D37534D"
"E0C33AA9-A36A-4BCC-8101-25143BC6FFF2","A6B55619-E486-4858-90D9-A52D26C63195","551325D2-93EB-455A-B765-4803825B4FD9"
"E0C33AA9-A36A-4BCC-8101-25143BC6FFF2","A6B55619-E486-4858-90D9-A52D26C63195","6AFE0DBE-4543-48D2-A6A1-E0D65D240D76"
"E0C33AA9-A36A-4BCC-8101-25143BC6FFF2","A6B55619-E486-4858-90D9-A52D26C63195","6CBFE935-F03B-4DA4-A966-3539AC966116"
"E0C33AA9-A36A-4BCC-8101-25143BC6FFF2","A6B55619-E486-4858-90D9-A52D26C63195","7C64F48C-D163-4098-A113-6267F5771A8F"
"E0C33AA9-A36A-4BCC-8101-25143BC6FFF2","A6B55619-E486-4858-90D9-A52D26C63195","A17B3663-1F44-42A4-9066-A99F88E0A6D1"
"E0C33AA9-A36A-4BCC-8101-25143BC6FFF2","A6B55619-E486-4858-90D9-A52D26C63195","A8C1458F-9C40-4C17-8FCC-A181D73F39C3"
"E0C33AA9-A36A-4BCC-8101-25143BC6FFF2","A6B55619-E486-4858-90D9-A52D26C63195","AEBBDBAD-405E-4C24-A160-899F5A939BBD"
"E0C33AA9-A36A-4BCC-8101-25143BC6FFF2","A6B55619-E486-4858-90D9-A52D26C63195","CB38E120-2D21-482E-B0F2-54CFF10BFCF9"
"E0C33AA9-A36A-4BCC-8101-25143BC6FFF2","A6B55619-E486-4858-90D9-A52D26C63195","D6234153-8CFA-4BC7-A25C-2F0029AFD6C4"
"E0C33AA9-A36A-4BCC-8101-25143BC6FFF2","A6B55619-E486-4858-90D9-A52D26C63195","DBFCF25B-9F25-4B3D-BA85-9A191CB528FB"
"E0C33AA9-A36A-4BCC-8101-25143BC6FFF2","A6B55619-E486-4858-90D9-A52D26C63195","DCD614AD-E555-4329-830B-242223851FF6"
"E0C33AA9-A36A-4BCC-8101-25143BC6FFF2","A6B55619-E486-4858-90D9-A52D26C63195","E159F5C4-A7AF-440B-8D03-81C4C59FD8D7"
"E0C33AA9-A36A-4BCC-8101-25143BC6FFF2","A6B55619-E486-4858-90D9-A52D26C63195","E26694AC-BF12-495F-95CC-7918312E2A0C"
"E0C33AA9-A36A-4BCC-8101-25143BC6FFF2","A6B55619-E486-4858-90D9-A52D26C63195","e333e3ba-58a8-46dd-aa4b-c22258df460d"
"5C6D1435-A6AC-4876-BD26-D0D809E20522","A6E3E3DF-65CD-482D-B7A7-CA0CB00AE053","42E752EE-4A7D-4B10-B9E4-837F2215E5DE"
"FC4C8810-7F81-44EC-9B42-A8D334859F77","A7D63BA4-8E5F-4336-9995-5768033B6D45","00D7F524-DCC8-4359-83E3-E6F614CF011C"
"FC4C8810-7F81-44EC-9B42-A8D334859F77","A7D63BA4-8E5F-4336-9995-5768033B6D45","051D9755-813C-48C3-83BA-78C7F91C433B"
"FC4C8810-7F81-44EC-9B42-A8D334859F77","A7D63BA4-8E5F-4336-9995-5768033B6D45","072E4758-A9D2-4ACA-A112-0245F616A980"
"FC4C8810-7F81-44EC-9B42-A8D334859F77","A7D63BA4-8E5F-4336-9995-5768033B6D45","0782C55C-E40A-48F8-9366-142A4638EF6D"
"FC4C8810-7F81-44EC-9B42-A8D334859F77","A7D63BA4-8E5F-4336-9995-5768033B6D45","08F09A05-4156-4AEB-83FA-7E8DE0344F35"
"FC4C8810-7F81-44EC-9B42-A8D334859F77","A7D63BA4-8E5F-4336-9995-5768033B6D45","0FB8680A-AD62-458F-B6FF-A419077A86CA"
"FC4C8810-7F81-44EC-9B42-A8D334859F77","A7D63BA4-8E5F-4336-9995-5768033B6D45","1CB8EB8D-D3FE-4689-81E1-F1D78853220F"
"FC4C8810-7F81-44EC-9B42-A8D334859F77","A7D63BA4-8E5F-4336-9995-5768033B6D45","291568E3-F25E-4853-A983-170671BA8434"
"FC4C8810-7F81-44EC-9B42-A8D334859F77","A7D63BA4-8E5F-4336-9995-5768033B6D45","2AA89945-7729-4786-8A52-F2C5C6097C08"
"FC4C8810-7F81-44EC-9B42-A8D334859F77","A7D63BA4-8E5F-4336-9995-5768033B6D45","39CF1CBE-7A7B-4EE8-B56B-1AB2375B2DB2"
"FC4C8810-7F81-44EC-9B42-A8D334859F77","A7D63BA4-8E5F-4336-9995-5768033B6D45","3E9A99F0-39CA-4FE2-B314-B21A986E6398"
"FC4C8810-7F81-44EC-9B42-A8D334859F77","A7D63BA4-8E5F-4336-9995-5768033B6D45","48461800-5871-4521-AD8F-431E7D0016D2"
"FC4C8810-7F81-44EC-9B42-A8D334859F77","A7D63BA4-8E5F-4336-9995-5768033B6D45","4C618424-5C80-41CE-8BD4-83DF8A1471DA"
"FC4C8810-7F81-44EC-9B42-A8D334859F77","A7D63BA4-8E5F-4336-9995-5768033B6D45","4EDB9F74-3650-4FEA-90D1-F5811E1B472E"
"FC4C8810-7F81-44EC-9B42-A8D334859F77","A7D63BA4-8E5F-4336-9995-5768033B6D45","4F28364E-EC91-42FF-9EE5-09BA23A7815F"
"FC4C8810-7F81-44EC-9B42-A8D334859F77","A7D63BA4-8E5F-4336-9995-5768033B6D45","4F5FEA23-0CD6-4F4A-B1A2-539B69D8604A"
"FC4C8810-7F81-44EC-9B42-A8D334859F77","A7D63BA4-8E5F-4336-9995-5768033B6D45","530EF92C-0F72-4110-995E-8E4DFD6D2C40"
"FC4C8810-7F81-44EC-9B42-A8D334859F77","A7D63BA4-8E5F-4336-9995-5768033B6D45","566A043D-D03D-4D1D-B2AF-347B74E0DDFB"
"FC4C8810-7F81-44EC-9B42-A8D334859F77","A7D63BA4-8E5F-4336-9995-5768033B6D45","67902575-326A-474D-A412-123E538957D8"
"FC4C8810-7F81-44EC-9B42-A8D334859F77","A7D63BA4-8E5F-4336-9995-5768033B6D45","728D0458-35A7-412B-9969-EF87C1E3836A"
"FC4C8810-7F81-44EC-9B42-A8D334859F77","A7D63BA4-8E5F-4336-9995-5768033B6D45","7432C4B7-379A-4344-8A85-284E1E1E3B9D"
"FC4C8810-7F81-44EC-9B42-A8D334859F77","A7D63BA4-8E5F-4336-9995-5768033B6D45","7941A30F-6942-4754-A1C2-2EC8D5D648DB"
"FC4C8810-7F81-44EC-9B42-A8D334859F77","A7D63BA4-8E5F-4336-9995-5768033B6D45","79FEEF64-D1F4-4601-B0C8-8DD32B6D57B7"
"FC4C8810-7F81-44EC-9B42-A8D334859F77","A7D63BA4-8E5F-4336-9995-5768033B6D45","7E82591C-9649-4DFC-96FD-195B7B318F07"
"FC4C8810-7F81-44EC-9B42-A8D334859F77","A7D63BA4-8E5F-4336-9995-5768033B6D45","7EFF4FC2-DEFA-435E-9646-EB63E0356F87"
"FC4C8810-7F81-44EC-9B42-A8D334859F77","A7D63BA4-8E5F-4336-9995-5768033B6D45","86E6F47A-406D-420C-8EB8-0E5D68201263"
"FC4C8810-7F81-44EC-9B42-A8D334859F77","A7D63BA4-8E5F-4336-9995-5768033B6D45","8766EA3C-AC32-4E28-ABE5-CAB7F6E1C6FD"
"FC4C8810-7F81-44EC-9B42-A8D334859F77","A7D63BA4-8E5F-4336-9995-5768033B6D45","87EDF53B-68C5-4F23-9B35-B66B975E6D41"
"FC4C8810-7F81-44EC-9B42-A8D334859F77","A7D63BA4-8E5F-4336-9995-5768033B6D45","8D1DDE57-6401-4CAF-B211-EF1044C86E56"
"FC4C8810-7F81-44EC-9B42-A8D334859F77","A7D63BA4-8E5F-4336-9995-5768033B6D45","9622ECB7-A274-45CA-9FF2-D6C417EAF25D"
"FC4C8810-7F81-44EC-9B42-A8D334859F77","A7D63BA4-8E5F-4336-9995-5768033B6D45","9E922E39-E0AE-4F1E-B6F1-E593D6E410A6"
"FC4C8810-7F81-44EC-9B42-A8D334859F77","A7D63BA4-8E5F-4336-9995-5768033B6D45","A0850017-1632-4CB0-8B7A-484F0BD2EA7C"
"FC4C8810-7F81-44EC-9B42-A8D334859F77","A7D63BA4-8E5F-4336-9995-5768033B6D45","A23F4D1E-2C8D-44CB-8A32-17E20D4657F8"
"FC4C8810-7F81-44EC-9B42-A8D334859F77","A7D63BA4-8E5F-4336-9995-5768033B6D45","A320F7E4-9749-4D89-8875-3A72DF1D6DFF"
"FC4C8810-7F81-44EC-9B42-A8D334859F77","A7D63BA4-8E5F-4336-9995-5768033B6D45","AF6BD1E8-4187-4128-B6F6-64795A00207E"
"FC4C8810-7F81-44EC-9B42-A8D334859F77","A7D63BA4-8E5F-4336-9995-5768033B6D45","AFB3D5BB-A6FD-46B0-A9C2-5C113D0E5B06"
"FC4C8810-7F81-44EC-9B42-A8D334859F77","A7D63BA4-8E5F-4336-9995-5768033B6D45","BD12F838-E7D7-4023-8FCF-17B936204BF7"
"FC4C8810-7F81-44EC-9B42-A8D334859F77","A7D63BA4-8E5F-4336-9995-5768033B6D45","BDB45FB7-15C8-4741-8963-FFAB6F35E480"
"FC4C8810-7F81-44EC-9B42-A8D334859F77","A7D63BA4-8E5F-4336-9995-5768033B6D45","C03A1843-6335-4317-B950-AF7E0C083812"
"FC4C8810-7F81-44EC-9B42-A8D334859F77","A7D63BA4-8E5F-4336-9995-5768033B6D45","C247E184-CBD9-4929-8CAB-2AF95F17DF75"
"FC4C8810-7F81-44EC-9B42-A8D334859F77","A7D63BA4-8E5F-4336-9995-5768033B6D45","C6F297CB-997C-42B1-91C3-01AACCF5AF0D"
"FC4C8810-7F81-44EC-9B42-A8D334859F77","A7D63BA4-8E5F-4336-9995-5768033B6D45","CCB3BE09-001C-4303-AC09-A51ECCCD1F40"
"FC4C8810-7F81-44EC-9B42-A8D334859F77","A7D63BA4-8E5F-4336-9995-5768033B6D45","CDDF2195-5C67-4270-9191-BD3CD35A50FE"
"FC4C8810-7F81-44EC-9B42-A8D334859F77","A7D63BA4-8E5F-4336-9995-5768033B6D45","DB4EB361-12EB-43C5-A71B-C201F44D1FA9"
"FC4C8810-7F81-44EC-9B42-A8D334859F77","A7D63BA4-8E5F-4336-9995-5768033B6D45","DD2D0471-DFA8-4385-9EC6-E0447E366078"
"FC4C8810-7F81-44EC-9B42-A8D334859F77","A7D63BA4-8E5F-4336-9995-5768033B6D45","DD47661A-D3DF-4ABD-A858-0B1C3BD40355"
"FC4C8810-7F81-44EC-9B42-A8D334859F77","A7D63BA4-8E5F-4336-9995-5768033B6D45","E5CBAC4A-786C-4001-B1CD-B248438DC316"
"FC4C8810-7F81-44EC-9B42-A8D334859F77","A7D63BA4-8E5F-4336-9995-5768033B6D45","E80D8846-D4AD-42E9-B63C-C2048B5CA0D3"
"FC4C8810-7F81-44EC-9B42-A8D334859F77","A7D63BA4-8E5F-4336-9995-5768033B6D45","EB9CD6E7-D0ED-42EF-A35B-C0929027F773"
"FC4C8810-7F81-44EC-9B42-A8D334859F77","A7D63BA4-8E5F-4336-9995-5768033B6D45","F0798762-44CA-4C4E-80AA-3572161026D4"
"DF2F985E-E4A0-469B-A8AD-E7F4A95AFA33","A7F1C021-C00A-46B1-BF98-40F1FA19AAA3","AE93477D-2FC3-4D56-8E96-02E57DB95B71"
"DF2F985E-E4A0-469B-A8AD-E7F4A95AFA33","A7F1C021-C00A-46B1-BF98-40F1FA19AAA3","B361B02A-9397-4F30-AA15-1F8794C09E8F"
"9B3A9A63-FCD4-4FCB-ACFE-424EB2ADD941","A821D1A3-92CC-44AA-8227-AB57E040E32A","6A070259-D850-430C-8021-7578A72C881A"
"7F65572D-A5F9-41B9-857B-3BC373A0EA23","A888F49A-47FC-4583-AF49-B8FE4BB689EA","0A4AAA86-D967-48F3-9542-31512CFB996A"
"7F65572D-A5F9-41B9-857B-3BC373A0EA23","A888F49A-47FC-4583-AF49-B8FE4BB689EA","27361DC2-2D61-4D1C-BAA9-4F937A0BD823"
"7F65572D-A5F9-41B9-857B-3BC373A0EA23","A888F49A-47FC-4583-AF49-B8FE4BB689EA","46027111-1428-4B31-A9A7-CFF1D4AE1414"
"FCE9EA99-39AB-4C51-8ADE-9A9A15F13884","A892B210-59CE-44A7-866F-596A0CBE2D33","DFA99217-AE90-48EB-89BC-D22E7ED34989"
"C009A553-FEED-4CE0-AE3A-09AD3B7222C2","A8B55E24-798D-4EEB-B7AB-A7C8E199A81A","69A71515-32B0-4E86-B75C-7743047BF237"
"INTERVALL","A903475736AA56C85CECDA22C57DF7EFAE25","830455ed-b42a-430d-b968-03f247adfb66"
"EB246F52-4C76-4EB2-ABE4-8F27C6DE538C","A979B0A3-2DE1-4C37-87B5-10943B36DC95","021E2CBF-45EC-4DEE-9CD4-321DE2BBD961"
"EB246F52-4C76-4EB2-ABE4-8F27C6DE538C","A979B0A3-2DE1-4C37-87B5-10943B36DC95","63B23814-3AA4-4F5A-BCAE-D3DEE89BAB28"
"EB246F52-4C76-4EB2-ABE4-8F27C6DE538C","A979B0A3-2DE1-4C37-87B5-10943B36DC95","83E7FB7B-6A99-420C-8DE7-A0F11AF6908C"
"EB246F52-4C76-4EB2-ABE4-8F27C6DE538C","A979B0A3-2DE1-4C37-87B5-10943B36DC95","9C625762-5977-4722-803A-6D1C0DCEA1A3"
"EB246F52-4C76-4EB2-ABE4-8F27C6DE538C","A979B0A3-2DE1-4C37-87B5-10943B36DC95","C780F334-164E-4228-8C14-6EEEB5F965E8"
"EB246F52-4C76-4EB2-ABE4-8F27C6DE538C","A979B0A3-2DE1-4C37-87B5-10943B36DC95","C7AEBEF8-2285-40A1-A89D-FF3F02EEE2A2"
"99F26F0C-F21E-42C4-8566-7C69E19CFE52","A9A6DC29-9462-443A-A111-4BCB9F3AE1A8","00FDEA67-2BF8-4E3A-92FD-89AAFD72A53B"
"99F26F0C-F21E-42C4-8566-7C69E19CFE52","A9A6DC29-9462-443A-A111-4BCB9F3AE1A8","1fcdb030-e67e-4fa4-8ca1-62068cef6106"
"57FFA119-19A1-497D-BB88-42A23A3BE8D5","AA9978EC-3679-41E5-A65F-BFF40B4657EE","2077AE7E-DB60-4804-ADDB-9401B0863F56"
"57FFA119-19A1-497D-BB88-42A23A3BE8D5","AA9978EC-3679-41E5-A65F-BFF40B4657EE","B745E536-283A-47E7-88C0-22999DC041E9"
"PER","AA99DB0BBED6234C69A20DE8C96D716ED2CF","5838356a-8d65-42d0-8230-b93f873ea78f"
"PER","AAAEB478AF216F9210B89ECC4EA2A67BAAFB","9b86f4ec-ff0c-45bb-805e-a7c2c5985ab1"
"FE3139E6-A22A-4EC4-8179-220D7ADB8CCC","AAEF30AF-E4C0-4CF1-911D-C2DFB85B450D","3397AF09-470B-4E5E-B82B-5AE6CDC95B0F"
"FE3139E6-A22A-4EC4-8179-220D7ADB8CCC","AAEF30AF-E4C0-4CF1-911D-C2DFB85B450D","3DF127A8-8032-4CA6-8408-482C9FFF5DA9"
"FE3139E6-A22A-4EC4-8179-220D7ADB8CCC","AAEF30AF-E4C0-4CF1-911D-C2DFB85B450D","4D92F702-2A38-455A-AC21-A2DFD91A9173"
"FE3139E6-A22A-4EC4-8179-220D7ADB8CCC","AAEF30AF-E4C0-4CF1-911D-C2DFB85B450D","7D0C3A61-9447-426D-81B5-D7B345C0987A"
"FE3139E6-A22A-4EC4-8179-220D7ADB8CCC","AAEF30AF-E4C0-4CF1-911D-C2DFB85B450D","8C7CCB5D-FFF7-4107-AACA-DF67C09D336D"
"84A71837-FE2F-4302-A029-A30C435888E2","AC121A46-1259-4EC4-ABE4-3AFC2B194BB6","35C02F4D-4F5F-4A73-9452-D93598424977"
"84A71837-FE2F-4302-A029-A30C435888E2","AC121A46-1259-4EC4-ABE4-3AFC2B194BB6","4EC26AC5-8059-4376-B054-9A8E4A22101D"
"84A71837-FE2F-4302-A029-A30C435888E2","AC121A46-1259-4EC4-ABE4-3AFC2B194BB6","694D32C5-845F-4758-9F52-254D6E6A66FB"
"84A71837-FE2F-4302-A029-A30C435888E2","AC121A46-1259-4EC4-ABE4-3AFC2B194BB6","F98E3FEB-7A45-4904-9657-41AB962C63F6"
"6AD19618-128E-474D-A916-C9E4C5AC4ABF","AC247B9F-424F-4AAF-9F6E-78027FE4C071","1CCB1CF8-2DA6-4D8D-AE4B-88EE2876B2C6"
"6AD19618-128E-474D-A916-C9E4C5AC4ABF","AC247B9F-424F-4AAF-9F6E-78027FE4C071","298193D6-D055-4092-8857-15414F8057A9"
"6AD19618-128E-474D-A916-C9E4C5AC4ABF","AC247B9F-424F-4AAF-9F6E-78027FE4C071","30A953A4-6CE7-4962-973F-CF5A552727C6"
"6AD19618-128E-474D-A916-C9E4C5AC4ABF","AC247B9F-424F-4AAF-9F6E-78027FE4C071","495CA848-D86F-45A3-AE50-708FF1038F2C"
"6AD19618-128E-474D-A916-C9E4C5AC4ABF","AC247B9F-424F-4AAF-9F6E-78027FE4C071","88B5D87C-A788-4067-8DD3-608636732296"
"6AD19618-128E-474D-A916-C9E4C5AC4ABF","AC247B9F-424F-4AAF-9F6E-78027FE4C071","D606F7C3-DF2F-40F1-86F8-07D07E753780"
"6AD19618-128E-474D-A916-C9E4C5AC4ABF","AC247B9F-424F-4AAF-9F6E-78027FE4C071","df44c607-acb2-4afb-a8f7-7ad1f9eb1717"
"55230AEE-A13F-41A0-8D61-161D631788FC","AC8045D9-80F9-46A6-94C6-60B7279FDED2","3BFFE6E2-200A-44E7-98FF-1C7473EBFA4E"
"55230AEE-A13F-41A0-8D61-161D631788FC","AC8045D9-80F9-46A6-94C6-60B7279FDED2","60FCC869-8ECD-494D-AE20-07AF250F60A2"
"55230AEE-A13F-41A0-8D61-161D631788FC","AC8045D9-80F9-46A6-94C6-60B7279FDED2","720B442D-FE07-47C4-B167-EF1ECA23A3BE"
"55230AEE-A13F-41A0-8D61-161D631788FC","AC8045D9-80F9-46A6-94C6-60B7279FDED2","83885B2D-1B0F-4250-B227-90AE13F973D9"
"E5E0B104-98CC-4D3F-B2EF-42E111245273","AC95F90D-3D1A-4212-AF6F-3C19AC1855FE","4F28364E-EC91-42FF-9EE5-09BA23A7815F"
"E5E0B104-98CC-4D3F-B2EF-42E111245273","AC95F90D-3D1A-4212-AF6F-3C19AC1855FE","67902575-326A-474D-A412-123E538957D8"
"45AA3135-C962-45CB-95CB-37836D838C55","ACA7871E-314F-4E30-BB14-3901DEDD8CAB","6CD5EC04-7BD5-431D-B1D2-CBBE245178C6"
"45AA3135-C962-45CB-95CB-37836D838C55","ACA7871E-314F-4E30-BB14-3901DEDD8CAB","AB6FC93D-D311-4622-A750-7BA28291D2EF"
"45AA3135-C962-45CB-95CB-37836D838C55","ACA7871E-314F-4E30-BB14-3901DEDD8CAB","C1394AA6-6CC1-4B70-A1A0-794BD73C27E8"
"26D4E9CF-0A44-4856-A575-80248B27D3E8","ACF1EFC2-AE8C-4D61-8C34-192F5584A3AA","08134917-A5B4-48AD-B935-80DF54A0F571"
"26D4E9CF-0A44-4856-A575-80248B27D3E8","ACF1EFC2-AE8C-4D61-8C34-192F5584A3AA","124852F0-937D-473E-899F-970CE7B16DC5"
"26D4E9CF-0A44-4856-A575-80248B27D3E8","ACF1EFC2-AE8C-4D61-8C34-192F5584A3AA","141A6015-A59A-420B-B6C1-3F765BAA3FB8"
"26D4E9CF-0A44-4856-A575-80248B27D3E8","ACF1EFC2-AE8C-4D61-8C34-192F5584A3AA","28ecc7e0-4cd8-482f-844a-3cd1c70983bf"
"26D4E9CF-0A44-4856-A575-80248B27D3E8","ACF1EFC2-AE8C-4D61-8C34-192F5584A3AA","2F2591CC-2251-4F95-B1F3-8E15548E11E0"
"26D4E9CF-0A44-4856-A575-80248B27D3E8","ACF1EFC2-AE8C-4D61-8C34-192F5584A3AA","300EBCC9-ACB2-4473-A526-92FF2E4327DB"
"26D4E9CF-0A44-4856-A575-80248B27D3E8","ACF1EFC2-AE8C-4D61-8C34-192F5584A3AA","31E3ED17-80ED-4772-B2B7-AC34A3AFCD78"
"26D4E9CF-0A44-4856-A575-80248B27D3E8","ACF1EFC2-AE8C-4D61-8C34-192F5584A3AA","36B616CA-F566-4011-913B-4862C3621519"
"26D4E9CF-0A44-4856-A575-80248B27D3E8","ACF1EFC2-AE8C-4D61-8C34-192F5584A3AA","397DC467-7D61-4A0B-888F-AD9A1717378C"
"26D4E9CF-0A44-4856-A575-80248B27D3E8","ACF1EFC2-AE8C-4D61-8C34-192F5584A3AA","41944F0B-6654-4467-BA37-398BD7AB76AD"
"26D4E9CF-0A44-4856-A575-80248B27D3E8","ACF1EFC2-AE8C-4D61-8C34-192F5584A3AA","6BCF9CD8-B8D8-40AF-94F4-8383013A0BD2"
"26D4E9CF-0A44-4856-A575-80248B27D3E8","ACF1EFC2-AE8C-4D61-8C34-192F5584A3AA","76C4523D-79E3-4B53-B1BF-988699E432F0"
"26D4E9CF-0A44-4856-A575-80248B27D3E8","ACF1EFC2-AE8C-4D61-8C34-192F5584A3AA","7BF2C548-6AAB-403E-B6FE-45A8C1CEDCD2"
"26D4E9CF-0A44-4856-A575-80248B27D3E8","ACF1EFC2-AE8C-4D61-8C34-192F5584A3AA","7CE92BBA-2D87-4E46-B0F4-E77D5B84B567"
"26D4E9CF-0A44-4856-A575-80248B27D3E8","ACF1EFC2-AE8C-4D61-8C34-192F5584A3AA","86E8C3AD-0745-4901-BA46-F038C82BB943"
"26D4E9CF-0A44-4856-A575-80248B27D3E8","ACF1EFC2-AE8C-4D61-8C34-192F5584A3AA","8B8AAB5D-8B07-4035-9A01-E9A19EBD61CE"
"26D4E9CF-0A44-4856-A575-80248B27D3E8","ACF1EFC2-AE8C-4D61-8C34-192F5584A3AA","a154f682-cd29-45fe-8a26-3430e5802cf5"
"26D4E9CF-0A44-4856-A575-80248B27D3E8","ACF1EFC2-AE8C-4D61-8C34-192F5584A3AA","BAC3B78B-718A-4F79-BC2C-6179933AD8D0"
"26D4E9CF-0A44-4856-A575-80248B27D3E8","ACF1EFC2-AE8C-4D61-8C34-192F5584A3AA","C58309F1-A64C-43A2-8500-D1D18E990BF9"
"26D4E9CF-0A44-4856-A575-80248B27D3E8","ACF1EFC2-AE8C-4D61-8C34-192F5584A3AA","CDC8A797-C7FA-4DD4-BC8E-8E901A54D4E9"
"26D4E9CF-0A44-4856-A575-80248B27D3E8","ACF1EFC2-AE8C-4D61-8C34-192F5584A3AA","D73C1854-1354-48BE-B6AF-18C42493EC31"
"26D4E9CF-0A44-4856-A575-80248B27D3E8","ACF1EFC2-AE8C-4D61-8C34-192F5584A3AA","DB2B0611-F02C-4960-9010-D3A0ACA0F134"
"26D4E9CF-0A44-4856-A575-80248B27D3E8","ACF1EFC2-AE8C-4D61-8C34-192F5584A3AA","EDFE4C2E-ED4B-4055-AAC5-A7BB3AB1AFBA"
"26D4E9CF-0A44-4856-A575-80248B27D3E8","ACF1EFC2-AE8C-4D61-8C34-192F5584A3AA","F40F10C0-3C6A-43E0-893A-9EA741202365"
"26D4E9CF-0A44-4856-A575-80248B27D3E8","ACF1EFC2-AE8C-4D61-8C34-192F5584A3AA","F6783B50-08C4-448B-9EAB-AD22478BBB7F"
"26D4E9CF-0A44-4856-A575-80248B27D3E8","ACF1EFC2-AE8C-4D61-8C34-192F5584A3AA","FA0D2DF8-1D32-4612-831C-960822603547"
"07F32980-D0F8-4BD2-B729-DF6F41D0A1D8","ACFF5A6D-15AF-46F7-B90A-1F4DD05D1D23","7AB73AC2-3E00-487C-AA14-69B1BDBEA093"
"09C1D709-FF97-4DA9-BEEA-866657E61C34","AD853215-79BE-41DA-8545-AEAEF8F923F3","AA775314-A048-4A99-A9B9-4E192C4F255E"
"4527FD4C-5ADA-4E25-AB96-A963EFA4376A","ADD16D19-5BCB-4179-8F0A-30FB3236474A","79C8DDDD-A3D3-44C1-A309-6E5AE8A31FAB"
"F5070565-A6D9-4FFA-BC08-0DD0810F9982","AE09B111-409F-4C6E-B96C-9A77D1A7803B","1E2D5002-E989-45F3-AE2D-2A1A16D35D59"
"F5070565-A6D9-4FFA-BC08-0DD0810F9982","AE09B111-409F-4C6E-B96C-9A77D1A7803B","2A8AF7B4-BBC6-4D6A-ABB2-DD4ADB8A45AC"
"F5070565-A6D9-4FFA-BC08-0DD0810F9982","AE09B111-409F-4C6E-B96C-9A77D1A7803B","3CED2FEB-F433-4E41-8070-82781D66A578"
"F5070565-A6D9-4FFA-BC08-0DD0810F9982","AE09B111-409F-4C6E-B96C-9A77D1A7803B","519D3A39-D652-4D3E-BE02-3EE984AE7F44"
"F5070565-A6D9-4FFA-BC08-0DD0810F9982","AE09B111-409F-4C6E-B96C-9A77D1A7803B","5320B261-738E-4E98-B158-A105B0C2C63C"
"F5070565-A6D9-4FFA-BC08-0DD0810F9982","AE09B111-409F-4C6E-B96C-9A77D1A7803B","75551876-C892-4663-971D-3145FA2903CF"
"F5070565-A6D9-4FFA-BC08-0DD0810F9982","AE09B111-409F-4C6E-B96C-9A77D1A7803B","93965B31-3AD2-4DE0-AF55-AACEE917A18A"
"F5070565-A6D9-4FFA-BC08-0DD0810F9982","AE09B111-409F-4C6E-B96C-9A77D1A7803B","9DC47F25-4094-40B4-9309-CFE7BE49D8FE"
"F5070565-A6D9-4FFA-BC08-0DD0810F9982","AE09B111-409F-4C6E-B96C-9A77D1A7803B","b1fe78ae-b067-47bb-b283-dca2bb47c771"
"F5070565-A6D9-4FFA-BC08-0DD0810F9982","AE09B111-409F-4C6E-B96C-9A77D1A7803B","BA2B3AA7-3CD7-471D-87ED-1ABA8522DC89"
"F5070565-A6D9-4FFA-BC08-0DD0810F9982","AE09B111-409F-4C6E-B96C-9A77D1A7803B","BEFDC424-8FCD-421E-B130-8396F1F35672"
"F5070565-A6D9-4FFA-BC08-0DD0810F9982","AE09B111-409F-4C6E-B96C-9A77D1A7803B","D0AF21CF-F185-4395-8157-C801EE6A9D3F"
"F5070565-A6D9-4FFA-BC08-0DD0810F9982","AE09B111-409F-4C6E-B96C-9A77D1A7803B","EEA69A00-3E42-4B7A-9DD7-731CA3D7A315"
"94A93E75-640D-4725-BCA9-FB0D0EF84085","AE33D184-0354-4D66-8C75-4F1CF202760D","674B0153-FD82-42DB-B4C4-373618DEEC5C"
"94A93E75-640D-4725-BCA9-FB0D0EF84085","AE33D184-0354-4D66-8C75-4F1CF202760D","C51502CE-1CE0-4DDF-8B6C-2FCE575911A0"
"94A93E75-640D-4725-BCA9-FB0D0EF84085","AE33D184-0354-4D66-8C75-4F1CF202760D","CD08AA11-B77D-4542-83DC-037985C0D723"
"15353443-AE65-47C5-81E4-331B45A1FBCA","AE465D88-49F7-413A-BA2C-09F5BFAD8B7F","afcd1f95-28fb-44f3-ab3a-a5a2ffc90157"
"6745BAC8-9CA0-4CC4-A8E0-DD536388A003","AE5F768E-65BD-4480-8A0A-A0796129B730","010A919B-57C0-4E27-9DAA-8D3E33705DB9"
"6745BAC8-9CA0-4CC4-A8E0-DD536388A003","AE5F768E-65BD-4480-8A0A-A0796129B730","132FEEA0-C378-495F-8AE1-F92087A7F81A"
"6745BAC8-9CA0-4CC4-A8E0-DD536388A003","AE5F768E-65BD-4480-8A0A-A0796129B730","240A3EEA-7E75-4ADF-993E-DBD9EF750383"
"6745BAC8-9CA0-4CC4-A8E0-DD536388A003","AE5F768E-65BD-4480-8A0A-A0796129B730","48E9352E-7DE7-432C-BDDA-7DE0A2084C78"
"6745BAC8-9CA0-4CC4-A8E0-DD536388A003","AE5F768E-65BD-4480-8A0A-A0796129B730","498E12FF-DB13-49DA-B9FC-9B75756B93D5"
"6745BAC8-9CA0-4CC4-A8E0-DD536388A003","AE5F768E-65BD-4480-8A0A-A0796129B730","612F1EBE-9593-4881-A61C-B89CA76A7F68"
"6745BAC8-9CA0-4CC4-A8E0-DD536388A003","AE5F768E-65BD-4480-8A0A-A0796129B730","8049FD49-990F-4314-A04A-547AB87658B1"
"6745BAC8-9CA0-4CC4-A8E0-DD536388A003","AE5F768E-65BD-4480-8A0A-A0796129B730","804D951E-F32A-4A67-8DD1-9D11BE3C6533"
"6745BAC8-9CA0-4CC4-A8E0-DD536388A003","AE5F768E-65BD-4480-8A0A-A0796129B730","82CF8FE8-4B68-4872-81B7-1CDAB8D6AAF8"
"6745BAC8-9CA0-4CC4-A8E0-DD536388A003","AE5F768E-65BD-4480-8A0A-A0796129B730","9D653BB1-5972-4E63-A81B-771758D24A1C"
"6745BAC8-9CA0-4CC4-A8E0-DD536388A003","AE5F768E-65BD-4480-8A0A-A0796129B730","BCBB14F8-ECD0-4FBF-82BF-F0FFCA5CA1BA"
"6745BAC8-9CA0-4CC4-A8E0-DD536388A003","AE5F768E-65BD-4480-8A0A-A0796129B730","E3998FC1-4448-4091-9303-6060636B8ED9"
"6745BAC8-9CA0-4CC4-A8E0-DD536388A003","AE5F768E-65BD-4480-8A0A-A0796129B730","E85C19F2-1A4F-4580-9F6F-A6573C261DEC"
"6745BAC8-9CA0-4CC4-A8E0-DD536388A003","AE5F768E-65BD-4480-8A0A-A0796129B730","F7C0C695-5C95-42C6-826C-8CDD66D57866"
"6745BAC8-9CA0-4CC4-A8E0-DD536388A003","AE5F768E-65BD-4480-8A0A-A0796129B730","FC79D3F9-AC0D-42D7-ABE5-62B10FE548DE"
"CD490713-62D2-4353-BD5E-983EE553D0B2","AE5FB5FC-8C5E-440B-9D1B-C7AA19682B68","B5416781-DBA3-4F9F-A443-B62CB174D43B"
"CD490713-62D2-4353-BD5E-983EE553D0B2","AE5FB5FC-8C5E-440B-9D1B-C7AA19682B68","CE92C1EC-082F-4047-90C1-777CC04C53C5"
"CD490713-62D2-4353-BD5E-983EE553D0B2","AE5FB5FC-8C5E-440B-9D1B-C7AA19682B68","F23B9E3B-2DF2-4EC5-87FF-F07B005545CD"
"CD490713-62D2-4353-BD5E-983EE553D0B2","AE5FB5FC-8C5E-440B-9D1B-C7AA19682B68","F97B3424-3610-4A81-8ED2-69630C34EDC7"
"26B42B4C-0F28-4B1D-A065-8967B1C5FF9B","AE69A76B-2EAC-454F-AF98-962356E2C2EA","87AAF328-A1E6-48BA-A37A-CBBF3914567D"
"26B42B4C-0F28-4B1D-A065-8967B1C5FF9B","AE69A76B-2EAC-454F-AF98-962356E2C2EA","c83f9ad6-b979-4c3b-a17a-9835d0ea89c2"
"910AF0A1-AD28-4180-AA23-E681E94E1FA3","AEBC7310-29BD-414E-9EE2-3CEADED14189","3724A4F6-D4A1-428D-B2CF-B34E40453984"
"910AF0A1-AD28-4180-AA23-E681E94E1FA3","AEBC7310-29BD-414E-9EE2-3CEADED14189","423DBA49-9304-43B7-BF46-86C0068C3BE3"
"910AF0A1-AD28-4180-AA23-E681E94E1FA3","AEBC7310-29BD-414E-9EE2-3CEADED14189","71951E24-75F0-450C-8C66-F37787DE78BC"
"910AF0A1-AD28-4180-AA23-E681E94E1FA3","AEBC7310-29BD-414E-9EE2-3CEADED14189","A6D85469-DF99-4457-A3C4-557625FC8142"
"910AF0A1-AD28-4180-AA23-E681E94E1FA3","AEBC7310-29BD-414E-9EE2-3CEADED14189","FCC7E6F1-9E77-476F-AC72-E25EEEDB7D53"
"382625E3-AEF3-4656-876A-4EE998FF8507","6E39EDE7-072B-43D6-8DF3-8A42DB383D19","87B630D9-6165-442B-AC41-4556F8F2CADA"
"382625E3-AEF3-4656-876A-4EE998FF8507","6E39EDE7-072B-43D6-8DF3-8A42DB383D19","92DFBE21-7F6D-4BC0-A619-F9D82BDEF044"
"AC56490E-A27F-4A1F-90F4-2FFD7CDDEB5D","6EDA702A-5B79-44DD-8E70-E372C0B92503","079FADE0-8156-4312-9351-04912DDB451B"
"AC56490E-A27F-4A1F-90F4-2FFD7CDDEB5D","6EDA702A-5B79-44DD-8E70-E372C0B92503","47364404-5691-48E2-89CD-F51EA0E73C33"
"AC56490E-A27F-4A1F-90F4-2FFD7CDDEB5D","6EDA702A-5B79-44DD-8E70-E372C0B92503","50E62913-CA28-401C-8D48-6FDC9A625E4D"
"AC56490E-A27F-4A1F-90F4-2FFD7CDDEB5D","6EDA702A-5B79-44DD-8E70-E372C0B92503","5682A005-5154-48FF-A5B1-6E174C905771"
"AC56490E-A27F-4A1F-90F4-2FFD7CDDEB5D","6EDA702A-5B79-44DD-8E70-E372C0B92503","6A3DF974-992F-4BE9-ACDD-3490CE64BB26"
"AC56490E-A27F-4A1F-90F4-2FFD7CDDEB5D","6EDA702A-5B79-44DD-8E70-E372C0B92503","7C67681C-AF4C-408B-ACA3-245B14C19686"
"AC56490E-A27F-4A1F-90F4-2FFD7CDDEB5D","6EDA702A-5B79-44DD-8E70-E372C0B92503","EFFD1C23-80E0-4527-96B2-4E87C10C498B"
"460542FE-94CE-4B89-AFE6-4ED40304307E","6EEBF80E-D438-4E90-B709-36FF42B8E3B5","4D878ABF-DE85-4A01-96E4-1726C4CAD318"
"460542FE-94CE-4B89-AFE6-4ED40304307E","6EEBF80E-D438-4E90-B709-36FF42B8E3B5","90EFEEF5-8A15-4844-A628-FE685417CDB5"
"6AFB3CCA-E2AA-4F5C-A2B7-366157B195FF","6F9189C9-AD96-4377-BDBD-2C198E052E17","1E1AF5EB-99F5-4AAB-8E60-2F2FF8A899A3"
"6AFB3CCA-E2AA-4F5C-A2B7-366157B195FF","6F9189C9-AD96-4377-BDBD-2C198E052E17","52A7E59B-469F-44F7-B192-B1E0F9000520"
"6AFB3CCA-E2AA-4F5C-A2B7-366157B195FF","6F9189C9-AD96-4377-BDBD-2C198E052E17","73E07EFB-8561-43E6-8373-C5DEAA727493"
"6AFB3CCA-E2AA-4F5C-A2B7-366157B195FF","6F9189C9-AD96-4377-BDBD-2C198E052E17","ED278007-EC3B-4485-BDFD-CE5A31B59238"
"6AFB3CCA-E2AA-4F5C-A2B7-366157B195FF","6F9189C9-AD96-4377-BDBD-2C198E052E17","FB86F519-8890-42EB-A3E7-AC42B5741B46"
"61A5327B-584B-4840-8207-ABD0B3E3BAC8","6FBFC4FE-B567-40D5-8EB7-2B7705C0A4FE","0358C071-A277-4703-B8B2-7B8134BCA5AF"
"61A5327B-584B-4840-8207-ABD0B3E3BAC8","6FBFC4FE-B567-40D5-8EB7-2B7705C0A4FE","B68B01E1-9B1B-4E17-B408-AC41E1C67B64"
"PER","6FEA23B41D69165F85F664CB168810A0D0E3","9e7cafd5-dcb8-4743-8ca8-87da090c5ec0"
"FBE035C5-2C36-414A-B2EA-08CDF375CB31","6FEE497F-DEC7-4A55-A78A-3B3F4CAE9291","08407c2b-4527-4e03-be1b-68b4cd666963"
"78569E58-C9B4-4D19-8981-423DF9C596D7","703006AE-4BCB-4BE0-87A0-4F241C28534C","1FF2999A-BC31-45BB-9280-2424D0050E16"
"5BF86182-8576-4DDB-8E35-F3EEA202C480","707544FD-15A4-463A-9E30-28E38A3CD5BF","1CB6000C-DE26-47DE-8444-D45C5BC636A9"
"5BF86182-8576-4DDB-8E35-F3EEA202C480","707544FD-15A4-463A-9E30-28E38A3CD5BF","2E307CEF-EADF-4F49-B4FC-89CFECD6B49B"
"DB7603CC-6F95-4F49-B11B-84BEBA6819FC","CBDEE709-715A-4CDE-9526-F48CB20D2D6C","F46C98EA-F548-4CA2-9D45-68A4717DBF36"
"DB7603CC-6F95-4F49-B11B-84BEBA6819FC","CBDEE709-715A-4CDE-9526-F48CB20D2D6C","F72336AD-6BED-444B-8C49-43788F083FCF"
"90B56CE2-0BFB-454A-9BC5-6FEF922C54FF","CBE64A41-0FDB-4B23-BD49-689B728A8F08","993CC84F-2E05-4A4C-BD38-C75362F8A43C"
"90B56CE2-0BFB-454A-9BC5-6FEF922C54FF","CBE64A41-0FDB-4B23-BD49-689B728A8F08","CB293E7E-2096-4729-B94A-B96471296796"
"90B56CE2-0BFB-454A-9BC5-6FEF922C54FF","CBE64A41-0FDB-4B23-BD49-689B728A8F08","EFA6828D-935F-48F6-A7FD-91FA75B6FF2F"
"5BC61EDF-9C55-43CD-87DA-D9F85C360B37","CC238D5F-CE24-4E50-BD50-08FDD9D86FB7","0E50C451-9D7C-4DB5-95E4-F787719AE5A7"
"5BC61EDF-9C55-43CD-87DA-D9F85C360B37","CC238D5F-CE24-4E50-BD50-08FDD9D86FB7","45580A51-2D1E-49EF-AF2C-288F9EA0F631"
"5BC61EDF-9C55-43CD-87DA-D9F85C360B37","CC238D5F-CE24-4E50-BD50-08FDD9D86FB7","5F29B6E4-215B-4251-A3CE-96C4B4890E62"
"5BC61EDF-9C55-43CD-87DA-D9F85C360B37","CC238D5F-CE24-4E50-BD50-08FDD9D86FB7","7DF3DB33-4321-4EA8-A869-B454C45417F3"
"5BC61EDF-9C55-43CD-87DA-D9F85C360B37","CC238D5F-CE24-4E50-BD50-08FDD9D86FB7","7EC783F4-7FDB-4E65-A9C4-C91D19914B7A"
"5BC61EDF-9C55-43CD-87DA-D9F85C360B37","CC238D5F-CE24-4E50-BD50-08FDD9D86FB7","8235CB78-AF2F-4686-9F0E-2F59A8A106E1"
"5BC61EDF-9C55-43CD-87DA-D9F85C360B37","CC238D5F-CE24-4E50-BD50-08FDD9D86FB7","843ABBC0-F599-4F1F-942A-D86E3A37383A"
"5BC61EDF-9C55-43CD-87DA-D9F85C360B37","CC238D5F-CE24-4E50-BD50-08FDD9D86FB7","8BADB330-8CC8-4AA7-85F5-1A6DDD6C5428"
"5BC61EDF-9C55-43CD-87DA-D9F85C360B37","CC238D5F-CE24-4E50-BD50-08FDD9D86FB7","966D72CB-0420-46DA-A6A5-49D44A87FAAC"
"5BC61EDF-9C55-43CD-87DA-D9F85C360B37","CC238D5F-CE24-4E50-BD50-08FDD9D86FB7","9C8F44E9-FAA8-4F7B-8444-6825E90C0B15"
"5BC61EDF-9C55-43CD-87DA-D9F85C360B37","CC238D5F-CE24-4E50-BD50-08FDD9D86FB7","9CCE49AF-CD50-4BEE-B172-CC091182AFCC"
"5BC61EDF-9C55-43CD-87DA-D9F85C360B37","CC238D5F-CE24-4E50-BD50-08FDD9D86FB7","A80739F3-039C-448C-B491-58887C9FDFB6"
"PER","CC319212F3C4B8FF53FD533B1D2542A0C682","676dbcbf-d110-4233-8c97-939e5bbb95f4"
"03D32F53-BD30-440C-8108-C1C133D9A5C4","CC3D1DF9-423D-4E75-9E4B-1ED19F6458C5","86c9c87f-cf70-46b3-a901-11b5fc5f24ee"
"03D32F53-BD30-440C-8108-C1C133D9A5C4","CC3D1DF9-423D-4E75-9E4B-1ED19F6458C5","dc01a935-736c-41e7-9db9-17ee89f69d8a"
"9F0E955F-03B2-4646-B410-7BB78EF1E258","CCB40A06-9750-4B43-A371-9B18CF67C6EC","3B4E21FC-0918-49EE-8F3E-220FEC3DFA10"
"9F0E955F-03B2-4646-B410-7BB78EF1E258","CCB40A06-9750-4B43-A371-9B18CF67C6EC","9CEDF254-72F7-471A-A23F-1A531063833F"
"PER","CD536DF8486164D17EF1DE6C79092067712D","cf877424-14ab-49ad-aefc-7db01dc9336b"
"D5980002-00F0-4B74-9869-011E60EFBD5A","CD9A722C-5C6E-45A7-94C5-5A7F7962490C","AC932DEC-2DFB-451A-BD9A-945CF417E1DD"
"D5980002-00F0-4B74-9869-011E60EFBD5A","CD9A722C-5C6E-45A7-94C5-5A7F7962490C","E5194435-ED64-42D8-B5E9-65A689C37310"
"2ADC08AA-FD71-46EC-9957-9AC823D9A846","CDC63FC5-A0BC-4A0B-A593-0BE1B8D8F651","4481ba97-54b5-4027-a00c-52dba3863c86"
"72C4FF06-7385-4D88-9091-387939DAE43A","CF0123F0-3569-4689-92E0-B5CE69CF3E7F","0360D03F-54B8-46AB-B700-6BF73DAB9394"
"72C4FF06-7385-4D88-9091-387939DAE43A","CF0123F0-3569-4689-92E0-B5CE69CF3E7F","0BB91C54-33A4-4FD4-9C46-31ED9A41F72D"
"72C4FF06-7385-4D88-9091-387939DAE43A","CF0123F0-3569-4689-92E0-B5CE69CF3E7F","16867E55-75B3-45C8-A820-B10BA0E32260"
"72C4FF06-7385-4D88-9091-387939DAE43A","CF0123F0-3569-4689-92E0-B5CE69CF3E7F","179F1810-2249-414F-B37D-824E27B2276C"
"72C4FF06-7385-4D88-9091-387939DAE43A","CF0123F0-3569-4689-92E0-B5CE69CF3E7F","31E2983A-988F-41AA-A46C-CAB1014A2729"
"72C4FF06-7385-4D88-9091-387939DAE43A","CF0123F0-3569-4689-92E0-B5CE69CF3E7F","33B12002-AB87-4C7F-B698-88D47254E5AD"
"72C4FF06-7385-4D88-9091-387939DAE43A","CF0123F0-3569-4689-92E0-B5CE69CF3E7F","33F8AA34-D27B-4303-8E37-E6AC113A8F72"
"72C4FF06-7385-4D88-9091-387939DAE43A","CF0123F0-3569-4689-92E0-B5CE69CF3E7F","49E5F244-AB66-42B2-8809-D3D3A3E37BAF"
"72C4FF06-7385-4D88-9091-387939DAE43A","CF0123F0-3569-4689-92E0-B5CE69CF3E7F","4B1A2320-89C1-4E78-A4A5-C28A54075593"
"72C4FF06-7385-4D88-9091-387939DAE43A","CF0123F0-3569-4689-92E0-B5CE69CF3E7F","54E5B349-E18A-4F16-9C32-73FF9858A688"
"72C4FF06-7385-4D88-9091-387939DAE43A","CF0123F0-3569-4689-92E0-B5CE69CF3E7F","61131EAB-3BEE-4DC4-BAE4-9C05CF37BB4C"
"72C4FF06-7385-4D88-9091-387939DAE43A","CF0123F0-3569-4689-92E0-B5CE69CF3E7F","6A3A0971-69D4-4CA3-A5C5-4F6B683EB3DD"
"72C4FF06-7385-4D88-9091-387939DAE43A","CF0123F0-3569-4689-92E0-B5CE69CF3E7F","73F1E148-C4B7-4934-9DD8-A7AFE1A39B39"
"72C4FF06-7385-4D88-9091-387939DAE43A","CF0123F0-3569-4689-92E0-B5CE69CF3E7F","785831E1-4771-41C5-858F-929AD0BC31DA"
"72C4FF06-7385-4D88-9091-387939DAE43A","CF0123F0-3569-4689-92E0-B5CE69CF3E7F","7C91A6A3-44FA-4A3A-8042-90FB8B53EF4E"
"72C4FF06-7385-4D88-9091-387939DAE43A","CF0123F0-3569-4689-92E0-B5CE69CF3E7F","93A1D391-B4A4-4D35-824D-00216A3CACB5"
"72C4FF06-7385-4D88-9091-387939DAE43A","CF0123F0-3569-4689-92E0-B5CE69CF3E7F","B05BFF1C-E157-4C30-8B7A-FEB25694133A"
"72C4FF06-7385-4D88-9091-387939DAE43A","CF0123F0-3569-4689-92E0-B5CE69CF3E7F","C9F12657-7A91-468C-BCE0-65A75F4F5768"
"72C4FF06-7385-4D88-9091-387939DAE43A","CF0123F0-3569-4689-92E0-B5CE69CF3E7F","DF95E0A2-B388-4DBF-A5EA-729EDFF8AD6C"
"72C4FF06-7385-4D88-9091-387939DAE43A","CF0123F0-3569-4689-92E0-B5CE69CF3E7F","E2E8F884-5EA0-4AE2-B558-D63F3C0C54B1"
"72C4FF06-7385-4D88-9091-387939DAE43A","CF0123F0-3569-4689-92E0-B5CE69CF3E7F","E30FFF66-5A79-4A85-B59B-1324502573C1"
"72C4FF06-7385-4D88-9091-387939DAE43A","CF0123F0-3569-4689-92E0-B5CE69CF3E7F","FD3F6545-F589-4100-A917-809D75425C63"
"58B54983-7ABF-4B7C-B8DD-410949C1E93F","CFE44A13-C5E1-454C-89C1-AFD6E56104C7","8B83537E-5783-4291-B795-4AB4834012BB"
"7BB380EB-E0F9-491C-AE27-C493A8F9EA43","CFFC3520-F7CE-4BC9-A48C-1EB90D33C0B0","D8B8CDB8-DD06-4B1A-BFCD-05BEAF385CF4"
"ADAEABBD-D53E-4355-AAF0-9C5C14DD671A","D0032218-0B97-4171-B23D-0B20C966BFC4","D3BD8477-4FD9-4525-A58A-36ABE2D9AB0B"
"40826397-A479-4DE9-BC17-B0C9AA80AEC2","D02C5996-419C-4894-9751-3A2E5F61A5BD","831634DE-8F21-49D5-8CB9-9000A5492D4A"
"0416296C-2798-458A-AE20-8FDD4D98CEE9","D097F4E2-CD7B-453F-A835-22D7D559B1E5","1A14B2AD-D777-4E92-B9B1-015F3EBE7CD2"
"E9CD0ED2-ACB8-4DC2-9F1E-3642BF55C14D","D0A705B9-14DE-44E5-BD57-434C3E5D91EE","4274A636-2A03-4075-B5E9-67B0B29BDA7D"
"E9CD0ED2-ACB8-4DC2-9F1E-3642BF55C14D","D0A705B9-14DE-44E5-BD57-434C3E5D91EE","8415ADD6-E1F6-451C-AEC7-A75B25131F62"
"PER","D0F19B939A5F1633CD846916CBA7FCF24903","bfaa70ed-a705-49e9-bb14-90c70c2161f9"
"9FA668C1-D0EC-4095-81EF-95B570E91573","D0FEB83D-AF91-4216-93C6-79E334F77D51","31140648-5E07-4A67-8B59-A01A96AEAEDA"
"9FA668C1-D0EC-4095-81EF-95B570E91573","D0FEB83D-AF91-4216-93C6-79E334F77D51","36F000B9-D355-4DDC-95B2-440C2F575F3C"
"9FA668C1-D0EC-4095-81EF-95B570E91573","D0FEB83D-AF91-4216-93C6-79E334F77D51","8A7C3338-82E8-4334-B076-29C08476A347"
"9FA668C1-D0EC-4095-81EF-95B570E91573","D0FEB83D-AF91-4216-93C6-79E334F77D51","9900DB02-7733-4D40-BCDE-6F1CA22D305E"
"9FA668C1-D0EC-4095-81EF-95B570E91573","D0FEB83D-AF91-4216-93C6-79E334F77D51","9A7ABA46-8C2F-4566-AEDA-142C98C7765F"
"74DCBA16-2346-4665-A8E2-3159ABCB23B2","D14737A3-EFEE-4B81-B1D9-0C11764D2089","C41E38DF-5412-43F3-A64B-1A7FE66A178E"
"53E3AA7F-BA12-474A-9771-2C657FAA637B","D199A992-D95D-4AD5-B04F-F35EFEE33D7B","4451C85B-91E3-4AC4-8402-89ADD0B53F98"
"53E3AA7F-BA12-474A-9771-2C657FAA637B","D199A992-D95D-4AD5-B04F-F35EFEE33D7B","952C3FC0-B241-4EC8-A5D0-3D1A95AA8C3C"
"554B2900-D1E2-453D-BA07-360EA546C471","D1CF745B-B26F-41E7-B2D7-5B906F9D1076","4A413AED-3C1B-4482-9A2A-BC43C1AE8044"
"1C02F0AC-C249-420D-A863-C86C0A0A3113","D2BB995E-0A2B-4E33-9166-103B367E6A63","D6F8F8EA-F3C7-4E56-B3ED-43AA94023506"
"15801585-FCCD-418A-8155-5DB5F7A8BA16","D2CCCBC5-C9B9-413B-873B-5D439BFEF586","B271A175-7F72-48F0-BA6F-2BD7B38CF62F"
"FA7E7197-1982-4FF8-8ABD-A685C6BD9433","D33C3D9E-70ED-4822-99A0-7A123DDD33FD","1188F4E3-07B1-4DDD-AFD3-1AB103FB40CE"
"FA7E7197-1982-4FF8-8ABD-A685C6BD9433","D33C3D9E-70ED-4822-99A0-7A123DDD33FD","A35C9968-33BA-43CC-892C-05B74822D4FF"
"FA7E7197-1982-4FF8-8ABD-A685C6BD9433","D33C3D9E-70ED-4822-99A0-7A123DDD33FD","AABCEFFC-00EE-4632-87C1-6F2B509F1F88"
"FA7E7197-1982-4FF8-8ABD-A685C6BD9433","D33C3D9E-70ED-4822-99A0-7A123DDD33FD","E0B335A4-EAC3-457E-952C-B7B3B54564DD"
"2FC1DA79-463D-4E30-A456-8651F7A19246","D35CD3EC-A8DA-466B-A195-AE4DE23E855E","39E4A3BD-19F6-4A6B-98F3-D9BF984AFEC6"
"2FC1DA79-463D-4E30-A456-8651F7A19246","D35CD3EC-A8DA-466B-A195-AE4DE23E855E","DFE8D3D1-8B78-4A99-BCA5-CDEFEB0A7239"
"463384C1-1469-4C57-ABF0-251B95D161A5","D39A68F4-9D89-478D-817D-92CB18171605","1C453333-3DF0-4BA5-9BBE-5E7AF4DB9E64"
"463384C1-1469-4C57-ABF0-251B95D161A5","D39A68F4-9D89-478D-817D-92CB18171605","3A336E09-5823-45B7-B503-DB6CCD86D5CC"
"463384C1-1469-4C57-ABF0-251B95D161A5","D39A68F4-9D89-478D-817D-92CB18171605","8A95373B-AFB0-4368-B895-F6673C6B2652"
"28B78741-7FA8-4252-BAA0-A06ED1B535A1","D3C8B3DD-F68B-441A-9030-1448C2329F60","06A62588-AD61-4190-BAA9-3AFD8BF219B1"
"28B78741-7FA8-4252-BAA0-A06ED1B535A1","D3C8B3DD-F68B-441A-9030-1448C2329F60","1A844BBA-C932-4172-8B47-E9E3A532D0FF"
"28B78741-7FA8-4252-BAA0-A06ED1B535A1","D3C8B3DD-F68B-441A-9030-1448C2329F60","27F2C5F9-1835-4168-9657-63280D0C120B"
"28B78741-7FA8-4252-BAA0-A06ED1B535A1","D3C8B3DD-F68B-441A-9030-1448C2329F60","4D8ADDDE-8901-4417-85CA-CD761E4CC3BA"
"28B78741-7FA8-4252-BAA0-A06ED1B535A1","D3C8B3DD-F68B-441A-9030-1448C2329F60","5B6C96FD-5F7C-4315-9934-B357ABB614BB"
"28B78741-7FA8-4252-BAA0-A06ED1B535A1","D3C8B3DD-F68B-441A-9030-1448C2329F60","85BBDA57-AED7-45C1-946D-839CE45E0C53"
"28B78741-7FA8-4252-BAA0-A06ED1B535A1","D3C8B3DD-F68B-441A-9030-1448C2329F60","8AC3841C-4FA8-4797-B1EA-6B350412FBEE"
"28B78741-7FA8-4252-BAA0-A06ED1B535A1","D3C8B3DD-F68B-441A-9030-1448C2329F60","8DC02D9C-D096-450D-A36D-1F14B01C1826"
"28B78741-7FA8-4252-BAA0-A06ED1B535A1","D3C8B3DD-F68B-441A-9030-1448C2329F60","92509F80-395C-4FF5-9EA0-BA77F464BD78"
"28B78741-7FA8-4252-BAA0-A06ED1B535A1","D3C8B3DD-F68B-441A-9030-1448C2329F60","93CB498F-077F-4ABC-95CB-536B276C2962"
"28B78741-7FA8-4252-BAA0-A06ED1B535A1","D3C8B3DD-F68B-441A-9030-1448C2329F60","9E1DA1EE-343A-4232-8E48-51C075B3FA88"
"28B78741-7FA8-4252-BAA0-A06ED1B535A1","D3C8B3DD-F68B-441A-9030-1448C2329F60","A2019B57-BD0A-4E88-965F-4812A45541D4"
"28B78741-7FA8-4252-BAA0-A06ED1B535A1","D3C8B3DD-F68B-441A-9030-1448C2329F60","CEE91D4E-6DBD-4113-983B-B8BC724772C8"
"28B78741-7FA8-4252-BAA0-A06ED1B535A1","D3C8B3DD-F68B-441A-9030-1448C2329F60","CF0FFF62-BD55-4EDB-9842-9CA9188D2A90"
"28B78741-7FA8-4252-BAA0-A06ED1B535A1","D3C8B3DD-F68B-441A-9030-1448C2329F60","D192D60A-6A42-4EC8-BE7B-E3BC09F916B8"
"28B78741-7FA8-4252-BAA0-A06ED1B535A1","D3C8B3DD-F68B-441A-9030-1448C2329F60","F3B5C1FB-4509-4901-B192-EC2A0186EC10"
"28B78741-7FA8-4252-BAA0-A06ED1B535A1","D3C8B3DD-F68B-441A-9030-1448C2329F60","FEE62249-C13B-4385-A3D9-1A1EF9AC7108"
"C6A382DB-F91E-4E5A-8045-5EFA6480D9BF","D3D5C5DF-4C53-4C5B-8DD6-D460CD0BC4CF","FF01689F-895F-4100-A03E-7E7DE92E5595"
"52FF2730-84C0-4B57-973B-FCB45AB310D8","D40F4793-299C-4237-80DE-1E2EA35B5383","1329FFB1-B85B-443B-8624-7EB06CF725F9"
"52FF2730-84C0-4B57-973B-FCB45AB310D8","D40F4793-299C-4237-80DE-1E2EA35B5383","452A365F-1066-4814-8F83-B05C2FD83A58"
"52FF2730-84C0-4B57-973B-FCB45AB310D8","D40F4793-299C-4237-80DE-1E2EA35B5383","69791D98-0D10-4F2C-974B-126A6AC56433"
"52FF2730-84C0-4B57-973B-FCB45AB310D8","D40F4793-299C-4237-80DE-1E2EA35B5383","9A2AC5BF-9437-4FBD-A976-873B3EE574D2"
"52FF2730-84C0-4B57-973B-FCB45AB310D8","D40F4793-299C-4237-80DE-1E2EA35B5383","D6808417-5A9E-46F1-934F-6C92CD00A414"
"270E80B7-7DB8-4DA3-91C0-E833754D6F45","D438F579-36BF-454B-9F1F-1A04ED5D3D3E","D575B327-0F32-4F89-82DF-BFB561CF82C0"
"CBD9A9EC-BE73-4ACF-8C2B-16275637184E","D54B2FCD-6174-4A1C-B2D7-09671F90EAF3","6B6F706B-C8FC-4A2F-B92E-254A75F6486F"
"E3D1C7C9-F978-4CC3-B504-8BE7DF2F6728","D5D710FF-D6AC-44E1-8A5B-7C5BE43C6608","1A60B7D9-6B9D-4335-939F-630B8CF8F6CD"
"E3D1C7C9-F978-4CC3-B504-8BE7DF2F6728","D5D710FF-D6AC-44E1-8A5B-7C5BE43C6608","21B175B2-8913-4BF1-9AA2-AF29379DEBE3"
"E3D1C7C9-F978-4CC3-B504-8BE7DF2F6728","D5D710FF-D6AC-44E1-8A5B-7C5BE43C6608","2DAD5939-7EBB-48E8-882D-D0B9B60E06C3"
"E3D1C7C9-F978-4CC3-B504-8BE7DF2F6728","D5D710FF-D6AC-44E1-8A5B-7C5BE43C6608","3DC8A970-45E2-46D1-9372-6F8FCA9834A4"
"E3D1C7C9-F978-4CC3-B504-8BE7DF2F6728","D5D710FF-D6AC-44E1-8A5B-7C5BE43C6608","764EC50C-F8D7-4376-B954-5FC8EB9FF191"
"E3D1C7C9-F978-4CC3-B504-8BE7DF2F6728","D5D710FF-D6AC-44E1-8A5B-7C5BE43C6608","8F46F012-91D2-419C-ACBF-DD5B8B84F8D9"
"E3D1C7C9-F978-4CC3-B504-8BE7DF2F6728","D5D710FF-D6AC-44E1-8A5B-7C5BE43C6608","9819C06C-9444-486F-8526-74BB7B5BECF3"
"E3D1C7C9-F978-4CC3-B504-8BE7DF2F6728","D5D710FF-D6AC-44E1-8A5B-7C5BE43C6608","AABAAE74-4A73-427A-A57B-488C1D03E9FC"
"E3D1C7C9-F978-4CC3-B504-8BE7DF2F6728","D5D710FF-D6AC-44E1-8A5B-7C5BE43C6608","BAC1C437-4A5D-4DDE-8E68-A7F8C4297BA1"
"E3D1C7C9-F978-4CC3-B504-8BE7DF2F6728","D5D710FF-D6AC-44E1-8A5B-7C5BE43C6608","BDAD62E8-84F0-401C-BD85-AB3DFB508656"
"E3D1C7C9-F978-4CC3-B504-8BE7DF2F6728","D5D710FF-D6AC-44E1-8A5B-7C5BE43C6608","EAA0E75B-C8E3-404E-A4D9-B8ED4A2A11FD"
"E3D1C7C9-F978-4CC3-B504-8BE7DF2F6728","D5D710FF-D6AC-44E1-8A5B-7C5BE43C6608","F2D94F8E-02C6-4362-9040-D1F43ACE4E98"
"E3D1C7C9-F978-4CC3-B504-8BE7DF2F6728","D5D710FF-D6AC-44E1-8A5B-7C5BE43C6608","F69DE0DA-55D8-4A39-A426-9634F45CB027"
"E3D1C7C9-F978-4CC3-B504-8BE7DF2F6728","D5D710FF-D6AC-44E1-8A5B-7C5BE43C6608","FDC61161-87A5-4A24-B947-F559DFE22FD0"
"B993060B-4F7A-40A2-98C2-5DA9DFFB85DC","D5DA96EE-990C-4F82-93F6-67FE4345DDD8","03827E6A-8ED8-49F0-8B52-5834BE57173C"
"PER","D63A5A9BF7F9DF9DAED7434B5685B58CBE51","830455ed-b42a-430d-b968-03f247adfb66"
"839F231B-8090-4690-B101-5E16B42CE244","D64090DB-EF1C-4521-834E-D0D234EAFC0D","415AEF70-17F2-4B2B-9394-661C13C2D356"
"839F231B-8090-4690-B101-5E16B42CE244","D64090DB-EF1C-4521-834E-D0D234EAFC0D","E5246D47-9253-49E8-AAD9-A7ECC75833B5"
"2F6172AF-5D30-47C7-9AD3-2372CC695F1D","D659B4F2-442B-4343-81CF-E69019FC3461","028F2E82-F2E4-4516-B253-B26BD93C0A32"
"2F6172AF-5D30-47C7-9AD3-2372CC695F1D","D659B4F2-442B-4343-81CF-E69019FC3461","044378D2-5D34-43EB-917C-536AC8DF249F"
"2F6172AF-5D30-47C7-9AD3-2372CC695F1D","D659B4F2-442B-4343-81CF-E69019FC3461","65158CEB-CA84-44D1-B947-9987472E45EF"
"2F6172AF-5D30-47C7-9AD3-2372CC695F1D","D659B4F2-442B-4343-81CF-E69019FC3461","E55CD550-11FD-4873-A069-A1EDB634ABA4"
"3C8870B7-5DF2-4E79-B16A-C000FA5564C3","D65DCED8-86E5-4EF5-B207-E2C8E202F305","5948A521-9252-48DA-A0D4-E809642558B4"
"C4F5DDBF-D22E-4490-BF5F-58A6D6B4AF60","D678FFE4-593F-4F75-8936-FC84FEF8CE04","92F14051-1C23-495A-8AA5-FA1317FF99AF"
"PER","D692A7167E6D97E5C8FF56B605B89978EF3C","43e03f9a-0860-4249-a545-472a193a90d9"
"ED58316F-79AE-4ED2-8720-9A28626182F3","D6BB8C2E-9500-4E67-AFEC-0EC1090C4ACE","3CD98EE5-A53F-4742-A8A9-6CEDF9568DF5"
"ED58316F-79AE-4ED2-8720-9A28626182F3","D6BB8C2E-9500-4E67-AFEC-0EC1090C4ACE","8F161E25-8200-4744-B1A1-0020EECE0E01"
"ED58316F-79AE-4ED2-8720-9A28626182F3","D6BB8C2E-9500-4E67-AFEC-0EC1090C4ACE","A2C61B57-F2B5-4725-AE39-4B9A8D81E199"
"ED58316F-79AE-4ED2-8720-9A28626182F3","D6BB8C2E-9500-4E67-AFEC-0EC1090C4ACE","DE7EBA50-583E-486D-82EB-44EF8E17A2C5"
"63939065-3880-40E8-A4C8-3DD432F20A42","D7D8B74C-26D4-424F-A8BE-EC9790E2A6BE","07f16152-596d-4ae8-8f0e-ebe0c7685f6f"
"4228B763-B54C-4305-B784-8208EE8D2F38","D7F2B3D6-4211-4577-B0FA-EF806D3C2152","36EBB9DC-2802-487F-955A-929A6D6663B1"
"4228B763-B54C-4305-B784-8208EE8D2F38","D7F2B3D6-4211-4577-B0FA-EF806D3C2152","40141237-4927-43D3-AC2C-BFBC7EEBC7AA"
"4228B763-B54C-4305-B784-8208EE8D2F38","D7F2B3D6-4211-4577-B0FA-EF806D3C2152","f128adcd-1d04-42c9-b190-eb7e4d3eccf3"
"8BB37E77-8A24-42A7-8873-6AF4F1CD2773","D82E310D-7FDB-4E34-B8AB-ABCEFC4E7506","DC12DF4A-5370-4F7C-8B2F-EE25C143D19E"
"8BB37E77-8A24-42A7-8873-6AF4F1CD2773","D82E310D-7FDB-4E34-B8AB-ABCEFC4E7506","FA251670-124E-486A-B447-6788181683BE"
"82BA43FF-3C05-4520-A9C3-1CA9638204A0","D8474285-4411-4C32-8E8E-973931EEBA11","032336E7-DFB2-4517-A392-17C7F1B9FDD1"
"82BA43FF-3C05-4520-A9C3-1CA9638204A0","D8474285-4411-4C32-8E8E-973931EEBA11","05B54437-DA06-4FB6-8B3D-BA350491E38C"
"82BA43FF-3C05-4520-A9C3-1CA9638204A0","D8474285-4411-4C32-8E8E-973931EEBA11","0A700934-09C9-48F9-8347-B33A239974AB"
"82BA43FF-3C05-4520-A9C3-1CA9638204A0","D8474285-4411-4C32-8E8E-973931EEBA11","0E174466-11CD-4161-ACFB-3B4DBA0BB59E"
"82BA43FF-3C05-4520-A9C3-1CA9638204A0","D8474285-4411-4C32-8E8E-973931EEBA11","182F5D94-0C55-4E78-8C87-1C469805EA52"
"82BA43FF-3C05-4520-A9C3-1CA9638204A0","D8474285-4411-4C32-8E8E-973931EEBA11","1F5B0118-FCB8-4E6C-8C0F-E82BC2227A22"
"82BA43FF-3C05-4520-A9C3-1CA9638204A0","D8474285-4411-4C32-8E8E-973931EEBA11","218A2B69-FA5B-43C9-813F-90D6439E975D"
"82BA43FF-3C05-4520-A9C3-1CA9638204A0","D8474285-4411-4C32-8E8E-973931EEBA11","255624CD-BAB5-4148-93BF-8C6AD0977B16"
"82BA43FF-3C05-4520-A9C3-1CA9638204A0","D8474285-4411-4C32-8E8E-973931EEBA11","26E988B9-7975-403B-B345-B6A5CA8FA7E7"
"82BA43FF-3C05-4520-A9C3-1CA9638204A0","D8474285-4411-4C32-8E8E-973931EEBA11","2C50E66F-17EC-4563-9F5E-6D0E36DF28FC"
"82BA43FF-3C05-4520-A9C3-1CA9638204A0","D8474285-4411-4C32-8E8E-973931EEBA11","3E19F2AA-B525-4C47-8A49-A52D7D9C8192"
"82BA43FF-3C05-4520-A9C3-1CA9638204A0","D8474285-4411-4C32-8E8E-973931EEBA11","5B6B970A-32E5-400D-B692-27328DBC8D1E"
"82BA43FF-3C05-4520-A9C3-1CA9638204A0","D8474285-4411-4C32-8E8E-973931EEBA11","64664020-7934-43BA-A7C1-87EA78BB1839"
"82BA43FF-3C05-4520-A9C3-1CA9638204A0","D8474285-4411-4C32-8E8E-973931EEBA11","65D45D3E-915A-4D74-8B1D-F2C1B8655808"
"82BA43FF-3C05-4520-A9C3-1CA9638204A0","D8474285-4411-4C32-8E8E-973931EEBA11","6ADF39D9-5EAA-433D-A533-3A6FAAE716AA"
"82BA43FF-3C05-4520-A9C3-1CA9638204A0","D8474285-4411-4C32-8E8E-973931EEBA11","6D110EE8-E2DD-4907-B9EA-8026CF144F99"
"82BA43FF-3C05-4520-A9C3-1CA9638204A0","D8474285-4411-4C32-8E8E-973931EEBA11","6DC62BEE-B98D-4F1D-A9CC-A9086862258B"
"82BA43FF-3C05-4520-A9C3-1CA9638204A0","D8474285-4411-4C32-8E8E-973931EEBA11","7324877C-A5B3-4E56-A961-251FE7C7B7C7"
"82BA43FF-3C05-4520-A9C3-1CA9638204A0","D8474285-4411-4C32-8E8E-973931EEBA11","80B610B8-6CD7-480D-96EC-3307ECD0931C"
"82BA43FF-3C05-4520-A9C3-1CA9638204A0","D8474285-4411-4C32-8E8E-973931EEBA11","82E8B607-F75A-4433-98AF-952AF7AEA1C1"
"82BA43FF-3C05-4520-A9C3-1CA9638204A0","D8474285-4411-4C32-8E8E-973931EEBA11","85284B4C-A0DE-41C1-A8CF-0732932A947C"
"82BA43FF-3C05-4520-A9C3-1CA9638204A0","D8474285-4411-4C32-8E8E-973931EEBA11","8582F5DF-A2E9-463D-9A56-50452B872D54"
"82BA43FF-3C05-4520-A9C3-1CA9638204A0","D8474285-4411-4C32-8E8E-973931EEBA11","91F283EB-AB02-4BC5-94F7-EBD18FC36B6A"
"82BA43FF-3C05-4520-A9C3-1CA9638204A0","D8474285-4411-4C32-8E8E-973931EEBA11","92CF2A3B-02F9-4320-BDD7-3FF812C08126"
"82BA43FF-3C05-4520-A9C3-1CA9638204A0","D8474285-4411-4C32-8E8E-973931EEBA11","97C0BD38-194E-4E34-9C40-962EAC9EE0C7"
"82BA43FF-3C05-4520-A9C3-1CA9638204A0","D8474285-4411-4C32-8E8E-973931EEBA11","9A0EF571-EF68-4655-986D-AEEEE1CB1AA1"
"82BA43FF-3C05-4520-A9C3-1CA9638204A0","D8474285-4411-4C32-8E8E-973931EEBA11","A868E3DB-6008-4010-BE6A-A039C0495C11"
"82BA43FF-3C05-4520-A9C3-1CA9638204A0","D8474285-4411-4C32-8E8E-973931EEBA11","ADB285E3-F1A8-46CD-97D0-6ADC1B9F0BD4"
"82BA43FF-3C05-4520-A9C3-1CA9638204A0","D8474285-4411-4C32-8E8E-973931EEBA11","AEC18C70-B208-4C6B-A237-4B0A77F86CE1"
"82BA43FF-3C05-4520-A9C3-1CA9638204A0","D8474285-4411-4C32-8E8E-973931EEBA11","AFCC0A08-E431-473C-8472-30BD8815A219"
"82BA43FF-3C05-4520-A9C3-1CA9638204A0","D8474285-4411-4C32-8E8E-973931EEBA11","BD896505-3918-49AA-BDCD-CB51E8FFECDD"
"82BA43FF-3C05-4520-A9C3-1CA9638204A0","D8474285-4411-4C32-8E8E-973931EEBA11","EF40157B-D799-4FA9-8493-D0B04D405DC2"
"82BA43FF-3C05-4520-A9C3-1CA9638204A0","D8474285-4411-4C32-8E8E-973931EEBA11","F1FACC30-01AF-47B1-9DC7-3D6152FA6C95"
"82BA43FF-3C05-4520-A9C3-1CA9638204A0","D8474285-4411-4C32-8E8E-973931EEBA11","F6D653DD-B12A-430B-9722-8EC8D464352B"
"82BA43FF-3C05-4520-A9C3-1CA9638204A0","D8474285-4411-4C32-8E8E-973931EEBA11","FC0A4C1E-E2C7-4397-9048-957AA786B300"
"0CF7FB34-7904-4D36-AC35-61CEF93C7A01","D84C2570-5CF6-4ED0-A05B-00BD141071E2","3cb458d1-0aac-4c8e-baab-bb816d47cebd"
"84A7E477-37E1-4870-B6D5-19D714B40CAF","D8A87FE8-0AA9-4DAA-A8C7-420C54625BA5","32DFB982-636F-42A6-8E24-6BE18E92CB4E"
"84A7E477-37E1-4870-B6D5-19D714B40CAF","D8A87FE8-0AA9-4DAA-A8C7-420C54625BA5","61BD4C69-E329-4ECD-BB55-2D686786540D"
"4B5A7100-CE0E-4232-8C69-743B3D021EA6","D8E83612-A6FB-4D19-8B64-9F7E82870BC5","1E0DB9F6-0EE7-44A5-8A8E-3F8065403B09"
"4B5A7100-CE0E-4232-8C69-743B3D021EA6","D8E83612-A6FB-4D19-8B64-9F7E82870BC5","397F2C1B-C4F6-4FA1-8942-C164BCD59ADE"
"4B5A7100-CE0E-4232-8C69-743B3D021EA6","D8E83612-A6FB-4D19-8B64-9F7E82870BC5","9BB189F8-6638-4867-8AB6-BE44A57DE114"
"93605F09-7BC6-4800-B513-A7A585F80555","D91AF88B-D3B0-442A-85F6-4DC051CF9D4B","B3086762-8D3D-47E3-80D5-AC51D4102A37"
"93605F09-7BC6-4800-B513-A7A585F80555","D91AF88B-D3B0-442A-85F6-4DC051CF9D4B","D6A6C569-BB30-4E6D-B210-F9EE94F9E3A7"
"93605F09-7BC6-4800-B513-A7A585F80555","D91AF88B-D3B0-442A-85F6-4DC051CF9D4B","E629516E-5060-4D81-B2D4-FDB2D1D9991A"
"FDFB83EF-11CA-4C33-9B61-901F7F26E3FA","D950F76E-9EE3-4CA1-A799-AE323FD63621","181415BD-DA44-4272-B77B-84934FD4969C"
"FDFB83EF-11CA-4C33-9B61-901F7F26E3FA","D950F76E-9EE3-4CA1-A799-AE323FD63621","34277ce0-db93-46e9-a923-645ff850106b"
"FDFB83EF-11CA-4C33-9B61-901F7F26E3FA","D950F76E-9EE3-4CA1-A799-AE323FD63621","5F7BEA6A-2768-4A76-B26A-138777804461"
"AB269DFC-9066-4D9F-8AEA-9FF1430867DB","D957CB38-3763-4A01-A306-52DF936B0D64","10C2B37E-6FDA-4C29-8EE7-1D08C73B7E4E"
"INTERVALL","D99B5FA771B22458F97457B44A547D288C08","3f535fda-854a-4fca-8433-62a69e751a20"
"43F382A2-522B-4A8B-9C6B-914BE4B5F923","DA1B42D4-EF37-4269-97D3-85C3E33D3CBC","041E77CC-6880-4A26-A5A3-87E73992C382"
"43F382A2-522B-4A8B-9C6B-914BE4B5F923","DA1B42D4-EF37-4269-97D3-85C3E33D3CBC","06AF39CA-BB34-4558-84B0-A9A43693C250"
"43F382A2-522B-4A8B-9C6B-914BE4B5F923","DA1B42D4-EF37-4269-97D3-85C3E33D3CBC","06BFF4EC-B151-44DF-906B-5CF34A417471"
"43F382A2-522B-4A8B-9C6B-914BE4B5F923","DA1B42D4-EF37-4269-97D3-85C3E33D3CBC","1D0ADFFF-D253-4AD7-9945-26B8481110C0"
"43F382A2-522B-4A8B-9C6B-914BE4B5F923","DA1B42D4-EF37-4269-97D3-85C3E33D3CBC","51DDCD1D-1F95-4B70-A82B-5D0729146D43"
"43F382A2-522B-4A8B-9C6B-914BE4B5F923","DA1B42D4-EF37-4269-97D3-85C3E33D3CBC","5777A8B5-9E3A-4753-814A-29FD2A302D90"
"43F382A2-522B-4A8B-9C6B-914BE4B5F923","DA1B42D4-EF37-4269-97D3-85C3E33D3CBC","5E8BE0CD-C347-4534-B34A-84AA24FE2B0C"
"43F382A2-522B-4A8B-9C6B-914BE4B5F923","DA1B42D4-EF37-4269-97D3-85C3E33D3CBC","6D6C2129-CEEC-442A-A2D5-276DADDC4D6C"
"43F382A2-522B-4A8B-9C6B-914BE4B5F923","DA1B42D4-EF37-4269-97D3-85C3E33D3CBC","7035A69F-C1B8-4AEF-B284-DA1DFA7F2223"
"43F382A2-522B-4A8B-9C6B-914BE4B5F923","DA1B42D4-EF37-4269-97D3-85C3E33D3CBC","763107CF-C0D0-4DE4-AF9E-45B7985AAFF6"
"43F382A2-522B-4A8B-9C6B-914BE4B5F923","DA1B42D4-EF37-4269-97D3-85C3E33D3CBC","7F600806-468C-40C4-9833-1F4EB2001495"
"43F382A2-522B-4A8B-9C6B-914BE4B5F923","DA1B42D4-EF37-4269-97D3-85C3E33D3CBC","805B24F0-F108-42CC-ABFB-052F026C4018"
"43F382A2-522B-4A8B-9C6B-914BE4B5F923","DA1B42D4-EF37-4269-97D3-85C3E33D3CBC","8385D991-F2DB-4936-96EE-4BDB6218B4BF"
"43F382A2-522B-4A8B-9C6B-914BE4B5F923","DA1B42D4-EF37-4269-97D3-85C3E33D3CBC","8AF4D6CD-12EF-4ECD-9B6E-E3E2D7BABC51"
"43F382A2-522B-4A8B-9C6B-914BE4B5F923","DA1B42D4-EF37-4269-97D3-85C3E33D3CBC","9CBC8C11-F2D4-4E19-B5D1-01012D034B5E"
"43F382A2-522B-4A8B-9C6B-914BE4B5F923","DA1B42D4-EF37-4269-97D3-85C3E33D3CBC","C2F98501-6FCA-4947-9C7F-93B2EB8A80C7"
"43F382A2-522B-4A8B-9C6B-914BE4B5F923","DA1B42D4-EF37-4269-97D3-85C3E33D3CBC","C8CBC9D9-34D1-4D9A-9E7F-CE5D2BA5F9BE"
"43F382A2-522B-4A8B-9C6B-914BE4B5F923","DA1B42D4-EF37-4269-97D3-85C3E33D3CBC","D9928B80-BCE8-4376-8113-2AC44B06A061"
"43F382A2-522B-4A8B-9C6B-914BE4B5F923","DA1B42D4-EF37-4269-97D3-85C3E33D3CBC","DC61F1F0-F049-4B4B-B6DB-76E545FB7389"
"43F382A2-522B-4A8B-9C6B-914BE4B5F923","DA1B42D4-EF37-4269-97D3-85C3E33D3CBC","E3ECA15E-A3D0-45AD-AF01-D02C9DB28623"
"43F382A2-522B-4A8B-9C6B-914BE4B5F923","DA1B42D4-EF37-4269-97D3-85C3E33D3CBC","F25CB39C-ECDA-4202-BCA4-F00D9054CA16"
"43F382A2-522B-4A8B-9C6B-914BE4B5F923","DA1B42D4-EF37-4269-97D3-85C3E33D3CBC","F7F986D1-AB89-4823-9B5B-C386414CFF66"
"BBCHStadium","DA1D817344FC68673C4C2508CA86AFEC3535","330cb304-4d36-4ae9-b1f9-1d2f6f9ee1c9"
"PER","DA79B1B470620659BF3CEB4CC90E87DED244","1ea85627-fb5e-4433-a1e0-ecfa73bd2d28"
"6295A98A-61BA-4229-BAB1-5D1920E0C397","DA7BCFC8-C589-4EE3-B30B-9517EC33B290","C5EBA23E-FDF8-4083-BAFC-51B0BE89171F"
"25CDE466-B75A-466F-83AC-D22A9D053B0D","DA867DDD-E985-4E36-A9FB-67630CFD7CB2","20299D29-AEA9-4337-9892-4E3D51EAC498"
"25CDE466-B75A-466F-83AC-D22A9D053B0D","DA867DDD-E985-4E36-A9FB-67630CFD7CB2","794F8C80-9156-46D1-9420-CE1BF6262C31"
"C3B00EBB-BD4F-42BA-A504-2E811BD75533","DAC4D3CF-AADB-4E70-AB39-7F61D9D8FEA4","D2C81FAC-189F-41C6-8488-76EF29E2EB8F"
"F4DA1D39-A1BB-4CB4-955D-1FB1574A4CBB","DACD71C2-CD08-4B15-AD13-923351A8346A","0FB8680A-AD62-458F-B6FF-A419077A86CA"
"F4DA1D39-A1BB-4CB4-955D-1FB1574A4CBB","DACD71C2-CD08-4B15-AD13-923351A8346A","530EF92C-0F72-4110-995E-8E4DFD6D2C40"
"F4DA1D39-A1BB-4CB4-955D-1FB1574A4CBB","DACD71C2-CD08-4B15-AD13-923351A8346A","A320F7E4-9749-4D89-8875-3A72DF1D6DFF"
"F4DA1D39-A1BB-4CB4-955D-1FB1574A4CBB","DACD71C2-CD08-4B15-AD13-923351A8346A","CCB3BE09-001C-4303-AC09-A51ECCCD1F40"
"F4DA1D39-A1BB-4CB4-955D-1FB1574A4CBB","DACD71C2-CD08-4B15-AD13-923351A8346A","DD2D0471-DFA8-4385-9EC6-E0447E366078"
"F4DA1D39-A1BB-4CB4-955D-1FB1574A4CBB","DACD71C2-CD08-4B15-AD13-923351A8346A","E80D8846-D4AD-42E9-B63C-C2048B5CA0D3"
"8765D922-A840-432D-85F8-BF0791E15DE9","DACFA867-E36F-4589-BB43-FBCFA0E6CD26","5D80D65D-4A69-41A2-B729-FE4F6245BF62"
"8765D922-A840-432D-85F8-BF0791E15DE9","DACFA867-E36F-4589-BB43-FBCFA0E6CD26","614100BC-5C85-4E58-B2B9-CC3BD4A1A3FB"
"8765D922-A840-432D-85F8-BF0791E15DE9","DACFA867-E36F-4589-BB43-FBCFA0E6CD26","76B8E257-0673-4A41-ADC3-E99B38E472E0"
"8765D922-A840-432D-85F8-BF0791E15DE9","DACFA867-E36F-4589-BB43-FBCFA0E6CD26","8481BBD2-EEFE-4897-A213-84C70B80B55E"
"8765D922-A840-432D-85F8-BF0791E15DE9","DACFA867-E36F-4589-BB43-FBCFA0E6CD26","8ABDE36D-78A0-476C-93A9-160A7C4B0332"
"8765D922-A840-432D-85F8-BF0791E15DE9","DACFA867-E36F-4589-BB43-FBCFA0E6CD26","AE0578BF-B608-4821-A708-734E6478C88E"
"8765D922-A840-432D-85F8-BF0791E15DE9","DACFA867-E36F-4589-BB43-FBCFA0E6CD26","BCD2ED6B-0A2F-44BE-81BD-C897ADC9348F"
"8765D922-A840-432D-85F8-BF0791E15DE9","DACFA867-E36F-4589-BB43-FBCFA0E6CD26","BD8A6DDF-A67F-4C3B-BBA8-799706CBE1C0"
"8765D922-A840-432D-85F8-BF0791E15DE9","DACFA867-E36F-4589-BB43-FBCFA0E6CD26","DF3C4499-63B8-459F-AC97-9794C7412A44"
"8765D922-A840-432D-85F8-BF0791E15DE9","DACFA867-E36F-4589-BB43-FBCFA0E6CD26","FEBBED90-238E-4396-9AE7-65DE15F8B437"
"D6FD3143-6254-4ECC-8818-8431553DD110","DB000A79-7E61-4C17-B0AC-E67EA069A580","DBBFA74C-112D-4A9E-8B43-35AEB7B0E79F"
"4950CAC0-0D65-4766-AD80-5B7A59A01C2A","DB0A48CC-02D7-4F00-8051-2167A5C7011D","27293C7C-3A76-40FF-AE62-4ACE400CBBEE"
"4950CAC0-0D65-4766-AD80-5B7A59A01C2A","DB0A48CC-02D7-4F00-8051-2167A5C7011D","DB601EAA-6912-48D5-B238-C7F65222843D"
"A7EF10AE-068C-441D-844F-71ABE11D4F30","DB411953-2772-4628-A313-41370663AAA5","070F258F-D79D-4ADD-A748-5258F0C98B4C"
"A7EF10AE-068C-441D-844F-71ABE11D4F30","DB411953-2772-4628-A313-41370663AAA5","512FDD63-0A8A-4789-B640-9AF86D8880E8"
"AC0F8AFB-F9CD-48EA-807C-E2CC6D309F3E","DBE086E6-630C-40A2-B951-A79E09C4BB31","A2D788A0-2D0D-4ED3-ADA1-07AA3DDCA1BB"
"AC0F8AFB-F9CD-48EA-807C-E2CC6D309F3E","DBE086E6-630C-40A2-B951-A79E09C4BB31","E38E16C9-9BDB-471C-B8ED-66C0A1705BA1"
"2EFF2FE7-F37B-4381-BDA8-3A5573F1546A","DC78917E-49D4-4F94-8B99-3C15268FCCDF","F38C3EA6-D75E-4030-A1AB-690C51B1542A"
"954A0544-442A-48EA-B340-E16F8560E0D3","DD1CFDE7-5E1E-4152-BD35-160EAC8DD9D5","5DD9451B-80F6-4B0D-ABD9-A4F31F3EB8FD"
"954A0544-442A-48EA-B340-E16F8560E0D3","DD1CFDE7-5E1E-4152-BD35-160EAC8DD9D5","90A7A872-6D2F-4A26-B8D3-CCA7A370C88A"
"BBE89D19-25BE-4343-A6FE-07FE34F75E5D","DD619DD1-5613-4C4D-A845-654244824C89","06CE2FA6-9597-4006-B907-D6FD2EB88114"
"BBE89D19-25BE-4343-A6FE-07FE34F75E5D","DD619DD1-5613-4C4D-A845-654244824C89","0CC2DE53-D282-4EA5-BBFA-18DFFD251F9B"
"BBE89D19-25BE-4343-A6FE-07FE34F75E5D","DD619DD1-5613-4C4D-A845-654244824C89","18641DF1-58E3-4542-A283-F39D7582F753"
"BBE89D19-25BE-4343-A6FE-07FE34F75E5D","DD619DD1-5613-4C4D-A845-654244824C89","537E50B8-6E78-4614-B8AC-46385D0213B7"
"BBE89D19-25BE-4343-A6FE-07FE34F75E5D","DD619DD1-5613-4C4D-A845-654244824C89","EE9CB389-5CA6-4027-B2E2-B5F4C3287C84"
"BBE89D19-25BE-4343-A6FE-07FE34F75E5D","DD619DD1-5613-4C4D-A845-654244824C89","FF8F18C6-E170-4891-A767-5C4122AF89B0"
"10F46774-99AD-4C20-8C2F-68E19C4DF444","DD636962-DCDA-4926-9E55-90CB65771CAA","38C0E7A0-C328-4E47-A844-D944C789EE6E"
"10F46774-99AD-4C20-8C2F-68E19C4DF444","DD636962-DCDA-4926-9E55-90CB65771CAA","4C877639-B7B4-403F-8B96-1134FDA1EA89"
"10F46774-99AD-4C20-8C2F-68E19C4DF444","DD636962-DCDA-4926-9E55-90CB65771CAA","9142C4A9-BFE1-4B5E-9FAD-199EEEC74EDA"
"10F46774-99AD-4C20-8C2F-68E19C4DF444","DD636962-DCDA-4926-9E55-90CB65771CAA","9C50D15D-7226-4481-A4E3-DC95326B41CD"
"10F46774-99AD-4C20-8C2F-68E19C4DF444","DD636962-DCDA-4926-9E55-90CB65771CAA","C801CEF7-A048-496A-BA32-373050D4041F"
"10F46774-99AD-4C20-8C2F-68E19C4DF444","DD636962-DCDA-4926-9E55-90CB65771CAA","c8218c2d-a0e9-43a2-bb84-528514a95208"
"346C6B27-1C0E-4E63-A20C-F1D987E04F18","DDBD002A-8BD5-41CB-9711-61F6771CAA36","5C7EEDCA-D5BA-4A05-9FC0-7FD7ED8C47DA"
"60EEC412-45C2-4A5B-956F-BB0790346460","DDDD31CF-6499-4FF1-A7E7-0A17A057ADC9","529A600D-DB06-4130-9DE2-6CD68DBAEB29"
"C2E3CDE8-8EF1-4511-BE61-0BF9E8AFA92A","DE0079C5-EC7D-43FF-AFAB-953712D4983C","81C810A3-7817-4897-8F8B-69017525D720"
"C2E3CDE8-8EF1-4511-BE61-0BF9E8AFA92A","DE0079C5-EC7D-43FF-AFAB-953712D4983C","8D6644D9-92B5-470E-A30A-056F5273CCB0"
"59E060E5-E325-42D1-A327-707EEF604D8D","DED5D6BE-B5CF-4A9D-A165-57ADA8D39799","4B79463A-C69A-4CF8-93C3-8B27986B5FA0"
"INTERVALL","DFCEC32E1C6CBC136BA38E4E368C7750C26C","019d3e4b-e231-4153-ad5a-2a4b1f285003"
"3836AF98-5AB5-403A-B14B-408B1662F35F","DFD2CA06-88B0-47CB-96D9-FB2E32EF6228","00CC145D-5F4D-4100-AD3A-9259F459D933"
"3836AF98-5AB5-403A-B14B-408B1662F35F","DFD2CA06-88B0-47CB-96D9-FB2E32EF6228","0446C267-7E42-4349-8432-36CF20106C53"
"3836AF98-5AB5-403A-B14B-408B1662F35F","DFD2CA06-88B0-47CB-96D9-FB2E32EF6228","050DEEFC-E3D9-4499-9C4B-E03DD91EB26A"
"3836AF98-5AB5-403A-B14B-408B1662F35F","DFD2CA06-88B0-47CB-96D9-FB2E32EF6228","14C778F6-4E19-4700-99FE-1F1B00A0AE8B"
"3836AF98-5AB5-403A-B14B-408B1662F35F","DFD2CA06-88B0-47CB-96D9-FB2E32EF6228","16A85CF1-570F-4109-837A-41E0DBCF8A19"
"3836AF98-5AB5-403A-B14B-408B1662F35F","DFD2CA06-88B0-47CB-96D9-FB2E32EF6228","1CDE2EC7-F048-4231-9B55-2588DAE256C8"
"3836AF98-5AB5-403A-B14B-408B1662F35F","DFD2CA06-88B0-47CB-96D9-FB2E32EF6228","3BCD2F93-75BC-4164-8B76-4CB357D66A2F"
"3836AF98-5AB5-403A-B14B-408B1662F35F","DFD2CA06-88B0-47CB-96D9-FB2E32EF6228","40431846-E9A1-4C54-A324-D93074109718"
"3836AF98-5AB5-403A-B14B-408B1662F35F","DFD2CA06-88B0-47CB-96D9-FB2E32EF6228","F277B8C3-EA79-44C2-A010-AA39AEB59754"
"3836AF98-5AB5-403A-B14B-408B1662F35F","DFD2CA06-88B0-47CB-96D9-FB2E32EF6228","FBA6AE77-DB26-4EA0-9562-C6EFF1DAECA9"
"0731ACA3-5135-431E-BFC4-877C379DE17D","E00A4B6B-CF30-44A6-A022-B189FDB93302","0C29A35C-C4A2-4C90-80B0-E96CF93C29C2"
"0731ACA3-5135-431E-BFC4-877C379DE17D","E00A4B6B-CF30-44A6-A022-B189FDB93302","4034C0B3-4ACC-45A0-82DB-744D1D7606FE"
"0731ACA3-5135-431E-BFC4-877C379DE17D","E00A4B6B-CF30-44A6-A022-B189FDB93302","CC4EC0B8-963A-499E-ACAD-B90F9478EF11"
"7B9F66AF-569D-4FCF-888A-236EF6ADE1ED","E03E9FB0-5227-4140-8CE2-1E940CE0AB94","0247C6DA-533B-469B-B4C9-E75F6761293D"
"7B9F66AF-569D-4FCF-888A-236EF6ADE1ED","E03E9FB0-5227-4140-8CE2-1E940CE0AB94","2D8B24BA-E1DB-4231-AED3-B17C4D31CEED"
"7B9F66AF-569D-4FCF-888A-236EF6ADE1ED","E03E9FB0-5227-4140-8CE2-1E940CE0AB94","4AD51F57-C5CC-4133-9872-F26517AB8718"
"7B9F66AF-569D-4FCF-888A-236EF6ADE1ED","E03E9FB0-5227-4140-8CE2-1E940CE0AB94","5A8E08AE-3BAA-47E1-BED2-703BA23CC01D"
"7B9F66AF-569D-4FCF-888A-236EF6ADE1ED","E03E9FB0-5227-4140-8CE2-1E940CE0AB94","8AF0229A-FC53-4432-AA25-06BBA91E13DF"
"7B9F66AF-569D-4FCF-888A-236EF6ADE1ED","E03E9FB0-5227-4140-8CE2-1E940CE0AB94","9D6CB76E-2300-468F-AB3F-DB87E24F880C"
"7B9F66AF-569D-4FCF-888A-236EF6ADE1ED","E03E9FB0-5227-4140-8CE2-1E940CE0AB94","AFCBACCA-A3F5-4DF7-B1CC-43E0D059EA93"
"7B9F66AF-569D-4FCF-888A-236EF6ADE1ED","E03E9FB0-5227-4140-8CE2-1E940CE0AB94","cc0ffb8a-b654-450c-b332-457980696d46"
"7B9F66AF-569D-4FCF-888A-236EF6ADE1ED","E03E9FB0-5227-4140-8CE2-1E940CE0AB94","d0bf12a7-edca-425f-8786-707648c7d4a6"
"7B9F66AF-569D-4FCF-888A-236EF6ADE1ED","E03E9FB0-5227-4140-8CE2-1E940CE0AB94","E2815D05-7280-48E4-B297-28A8D45B4940"
"99CDF6EB-9454-45DA-BEA2-39A273BEEF50","E077D00E-D111-48C3-BA93-F7F199DE51F9","79C8DDDD-A3D3-44C1-A309-6E5AE8A31FAB"
"0E45ED24-6057-492C-8F5F-1558A2AAB850","E081CDE0-82E6-4B5E-862E-BE95F847A304","5948A521-9252-48DA-A0D4-E809642558B4"
"627FBB9F-C060-45B4-8216-5761C7D8F0DA","E0966AA3-9348-4CCF-8FFE-6D34B2A32391","05BD9B9A-EBF3-4AEF-9F18-882B07719A94"
"627FBB9F-C060-45B4-8216-5761C7D8F0DA","E0966AA3-9348-4CCF-8FFE-6D34B2A32391","065D9D4A-337F-4135-9665-19FE3EE064C8"
"627FBB9F-C060-45B4-8216-5761C7D8F0DA","E0966AA3-9348-4CCF-8FFE-6D34B2A32391","160854BF-41BE-4D39-BA80-13A12BAEA62B"
"627FBB9F-C060-45B4-8216-5761C7D8F0DA","E0966AA3-9348-4CCF-8FFE-6D34B2A32391","1B3439AC-8917-4873-917A-AB9D1E974ADA"
"627FBB9F-C060-45B4-8216-5761C7D8F0DA","E0966AA3-9348-4CCF-8FFE-6D34B2A32391","21365BC1-E1BE-40F3-8E9F-C7BAF2D7ECAA"
"627FBB9F-C060-45B4-8216-5761C7D8F0DA","E0966AA3-9348-4CCF-8FFE-6D34B2A32391","829F9D35-3967-4DC4-AC19-9DBB5CC43D47"
"627FBB9F-C060-45B4-8216-5761C7D8F0DA","E0966AA3-9348-4CCF-8FFE-6D34B2A32391","843F701A-5AD9-45BC-A769-606DD6EDE185"
"627FBB9F-C060-45B4-8216-5761C7D8F0DA","E0966AA3-9348-4CCF-8FFE-6D34B2A32391","8A44AA54-3427-479A-AC5E-713078F01CD7"
"627FBB9F-C060-45B4-8216-5761C7D8F0DA","E0966AA3-9348-4CCF-8FFE-6D34B2A32391","8F8720DB-B383-47CA-801A-06367A186239"
"627FBB9F-C060-45B4-8216-5761C7D8F0DA","E0966AA3-9348-4CCF-8FFE-6D34B2A32391","DBBFA74C-112D-4A9E-8B43-35AEB7B0E79F"
"627FBB9F-C060-45B4-8216-5761C7D8F0DA","E0966AA3-9348-4CCF-8FFE-6D34B2A32391","DC22715C-AAE1-4F87-B6B6-6C2D98A097C2"
"627FBB9F-C060-45B4-8216-5761C7D8F0DA","E0966AA3-9348-4CCF-8FFE-6D34B2A32391","F1031DF0-71C0-4A02-8497-4E006E4BB12D"
"627FBB9F-C060-45B4-8216-5761C7D8F0DA","E0966AA3-9348-4CCF-8FFE-6D34B2A32391","F13CE863-027D-4C84-B24E-0394DC783ED6"
"627FBB9F-C060-45B4-8216-5761C7D8F0DA","E0966AA3-9348-4CCF-8FFE-6D34B2A32391","FE7EF35F-7056-4E8C-8C1B-62A83B4A8D60"
"5d55c21d-6f0c-4cfe-a7f0-e135bdee36ab","e128172e-0338-4b83-b0de-b6e9ffd77b12","5b7c4c3b-9e9b-4030-ba5b-7eb17acb8754"
"F28F6344-B295-4F46-AFB1-98E7A4848C24","E1987868-F4A0-484E-B735-C565E69AC035","5d837464-9657-4bb9-9203-a801c56e97a6"
"F28F6344-B295-4F46-AFB1-98E7A4848C24","E1987868-F4A0-484E-B735-C565E69AC035","b42887b6-7e45-4a2d-8342-99b7660a2aae"
"F28F6344-B295-4F46-AFB1-98E7A4848C24","E1987868-F4A0-484E-B735-C565E69AC035","D9FFDBE4-BCB1-412D-B318-C77171EC6BC3"
"0DF9A1DA-D290-47A7-933B-8248043230AC","E1C9BA3E-9070-4B3B-8BCB-F576524832E8","27293C7C-3A76-40FF-AE62-4ACE400CBBEE"
"0DF9A1DA-D290-47A7-933B-8248043230AC","E1C9BA3E-9070-4B3B-8BCB-F576524832E8","7CDFE4AB-36E0-40D7-8D6D-F3953E24BDF2"
"0DF9A1DA-D290-47A7-933B-8248043230AC","E1C9BA3E-9070-4B3B-8BCB-F576524832E8","95BEF197-FE12-4A73-BC39-1F91D8D3F1D7"
"0DF9A1DA-D290-47A7-933B-8248043230AC","E1C9BA3E-9070-4B3B-8BCB-F576524832E8","9FC93061-BF82-48CE-9A6C-90E8C2C0A44B"
"0DF9A1DA-D290-47A7-933B-8248043230AC","E1C9BA3E-9070-4B3B-8BCB-F576524832E8","D520CFEE-E6A2-4B0C-A1A0-814DCC7A6342"
"0DF9A1DA-D290-47A7-933B-8248043230AC","E1C9BA3E-9070-4B3B-8BCB-F576524832E8","DB601EAA-6912-48D5-B238-C7F65222843D"
"75FE335E-8CD1-41D8-984D-98230C798D7F","E22F161C-2B25-42AA-A6D6-351644D38A6F","CFD48117-E405-42A6-A0BD-BCDBCDF45F2B"
"985B41C7-F356-46CE-95DC-B82977B89506","E31D2062-07E7-4EBD-BBE3-226396C7314A","0087b312-008d-4d34-9f48-62037ed95084"
"985B41C7-F356-46CE-95DC-B82977B89506","E31D2062-07E7-4EBD-BBE3-226396C7314A","15B89E11-5EA6-4643-B1E0-8F9F62D500E5"
"985B41C7-F356-46CE-95DC-B82977B89506","E31D2062-07E7-4EBD-BBE3-226396C7314A","2110B8E6-7581-407A-B78A-7D4F5A4196E2"
"985B41C7-F356-46CE-95DC-B82977B89506","E31D2062-07E7-4EBD-BBE3-226396C7314A","22A3DC76-D0DB-4A30-89FE-DAD284517298"
"985B41C7-F356-46CE-95DC-B82977B89506","E31D2062-07E7-4EBD-BBE3-226396C7314A","26313F30-40B6-4833-9765-445E43BF3122"
"985B41C7-F356-46CE-95DC-B82977B89506","E31D2062-07E7-4EBD-BBE3-226396C7314A","4DF37F44-E7A3-4FE5-A9F7-68A8317601B2"
"985B41C7-F356-46CE-95DC-B82977B89506","E31D2062-07E7-4EBD-BBE3-226396C7314A","57A8715B-2FC6-4E2A-A6C9-652DB1FCD2C0"
"985B41C7-F356-46CE-95DC-B82977B89506","E31D2062-07E7-4EBD-BBE3-226396C7314A","790DAED2-A61F-4B5A-8B8D-1D5397FD2981"
"985B41C7-F356-46CE-95DC-B82977B89506","E31D2062-07E7-4EBD-BBE3-226396C7314A","7B83EC65-DC1C-4158-9924-2D8CFFDEF51D"
"985B41C7-F356-46CE-95DC-B82977B89506","E31D2062-07E7-4EBD-BBE3-226396C7314A","BF73FAAD-018F-4EBE-BE96-58F1B1E5BFAA"
"985B41C7-F356-46CE-95DC-B82977B89506","E31D2062-07E7-4EBD-BBE3-226396C7314A","E1DA26F5-092A-4C60-89BF-6193B6248E92"
"944FD8C2-6447-4A81-B4B6-0C4CA710F769","E34DC487-F1A5-455B-877C-28BF3A39BD96","AB124E37-83DB-4D3B-B6E3-B2D8488AB168"
"944FD8C2-6447-4A81-B4B6-0C4CA710F769","E34DC487-F1A5-455B-877C-28BF3A39BD96","BB99E1C6-1300-4C58-B76E-0AFE35068AC9"
"3CC41109-6AED-4058-9F67-F03968B9DE9A","E35FA69A-98E9-4258-B0EE-870B2729C55D","009418D2-6615-4D4B-9C3B-BAE7CB2A620B"
"3CC41109-6AED-4058-9F67-F03968B9DE9A","E35FA69A-98E9-4258-B0EE-870B2729C55D","1DB5EEC0-2BA4-4552-B7F9-3295577C6B43"
"F9070C8B-C926-4B5B-8D27-5256E47F5B1D","E38D366D-2751-4FD7-86E6-3C4B5E6A408D","39A602B2-BD0F-41BA-92C0-E3B1AB72BCE2"
"F9070C8B-C926-4B5B-8D27-5256E47F5B1D","E38D366D-2751-4FD7-86E6-3C4B5E6A408D","6154E895-863C-4378-97E8-DF1949B4AF20"
"F9070C8B-C926-4B5B-8D27-5256E47F5B1D","E38D366D-2751-4FD7-86E6-3C4B5E6A408D","e0cf1eb6-2e34-47e0-b992-20d04d6ffcd0"
"2E747975-40F3-4157-9F19-E6CA2F9F2D8F","E38EE7F3-54D6-4150-9359-AECFA5750C25","0ECD4FCF-C5F3-4B93-9CCE-7A2EF2D6812B"
"2E747975-40F3-4157-9F19-E6CA2F9F2D8F","E38EE7F3-54D6-4150-9359-AECFA5750C25","12A479DF-6A1D-46AC-B2EF-10E2961DAC86"
"2E747975-40F3-4157-9F19-E6CA2F9F2D8F","E38EE7F3-54D6-4150-9359-AECFA5750C25","133CD9BA-252B-4E60-B7B2-D0149C8B5691"
"2E747975-40F3-4157-9F19-E6CA2F9F2D8F","E38EE7F3-54D6-4150-9359-AECFA5750C25","16E3EAC1-7821-4142-8C6E-240189309DF6"
"2E747975-40F3-4157-9F19-E6CA2F9F2D8F","E38EE7F3-54D6-4150-9359-AECFA5750C25","1CF436D9-D28E-4C05-8ECC-A24803AFDEDC"
"2E747975-40F3-4157-9F19-E6CA2F9F2D8F","E38EE7F3-54D6-4150-9359-AECFA5750C25","229AEC88-27C2-4013-85F9-896D3E1A7E77"
"2E747975-40F3-4157-9F19-E6CA2F9F2D8F","E38EE7F3-54D6-4150-9359-AECFA5750C25","24C3DE3F-8123-441D-94E7-F61699E31286"
"2E747975-40F3-4157-9F19-E6CA2F9F2D8F","E38EE7F3-54D6-4150-9359-AECFA5750C25","2C5D8035-AE02-471B-8E93-70174EA38C94"
"2E747975-40F3-4157-9F19-E6CA2F9F2D8F","E38EE7F3-54D6-4150-9359-AECFA5750C25","3347488B-AED4-43D8-8A06-AB570016109F"
"2E747975-40F3-4157-9F19-E6CA2F9F2D8F","E38EE7F3-54D6-4150-9359-AECFA5750C25","33EBC3EF-984B-4BCF-8652-9280A6699B1E"
"2E747975-40F3-4157-9F19-E6CA2F9F2D8F","E38EE7F3-54D6-4150-9359-AECFA5750C25","37086138-8270-4BFA-A505-44C8CCBCDBC9"
"2E747975-40F3-4157-9F19-E6CA2F9F2D8F","E38EE7F3-54D6-4150-9359-AECFA5750C25","3BDF6ACF-AE29-4BBB-BC44-865BBDFB57BC"
"2E747975-40F3-4157-9F19-E6CA2F9F2D8F","E38EE7F3-54D6-4150-9359-AECFA5750C25","4DA2BA17-CA2D-4FE7-899D-1934A07191CC"
"2E747975-40F3-4157-9F19-E6CA2F9F2D8F","E38EE7F3-54D6-4150-9359-AECFA5750C25","4E5806C9-DE63-4A65-B576-A1F9B92DB34E"
"2E747975-40F3-4157-9F19-E6CA2F9F2D8F","E38EE7F3-54D6-4150-9359-AECFA5750C25","54A60933-C424-4368-9582-C933AE1DB47F"
"2E747975-40F3-4157-9F19-E6CA2F9F2D8F","E38EE7F3-54D6-4150-9359-AECFA5750C25","5F095035-B688-46D7-8E41-F979B880E43E"
"2E747975-40F3-4157-9F19-E6CA2F9F2D8F","E38EE7F3-54D6-4150-9359-AECFA5750C25","64B07301-AF77-45C2-B931-664C72D360F6"
"2E747975-40F3-4157-9F19-E6CA2F9F2D8F","E38EE7F3-54D6-4150-9359-AECFA5750C25","64FB1EAB-1E55-445E-B2D5-A5189217FA82"
"2E747975-40F3-4157-9F19-E6CA2F9F2D8F","E38EE7F3-54D6-4150-9359-AECFA5750C25","6C17D90E-19CB-440F-9EAE-4BCF09832F80"
"2E747975-40F3-4157-9F19-E6CA2F9F2D8F","E38EE7F3-54D6-4150-9359-AECFA5750C25","726D0B15-BEAE-4D18-B814-01FDF5F49199"
"2E747975-40F3-4157-9F19-E6CA2F9F2D8F","E38EE7F3-54D6-4150-9359-AECFA5750C25","779BCE7C-D707-41F8-A7C6-2E9823795E77"
"2E747975-40F3-4157-9F19-E6CA2F9F2D8F","E38EE7F3-54D6-4150-9359-AECFA5750C25","802826DC-391D-4DD1-A333-830E2C19CF94"
"2E747975-40F3-4157-9F19-E6CA2F9F2D8F","E38EE7F3-54D6-4150-9359-AECFA5750C25","82FD45CE-4825-4301-B9B9-CA9FB21D7047"
"2E747975-40F3-4157-9F19-E6CA2F9F2D8F","E38EE7F3-54D6-4150-9359-AECFA5750C25","87C0A809-8AC8-4F90-A412-A12670520870"
"2E747975-40F3-4157-9F19-E6CA2F9F2D8F","E38EE7F3-54D6-4150-9359-AECFA5750C25","8A121FB0-6C19-4FC5-836E-0E9AA842662D"
"2E747975-40F3-4157-9F19-E6CA2F9F2D8F","E38EE7F3-54D6-4150-9359-AECFA5750C25","9356211C-2880-407C-8EAF-4264E013E3FB"
"2E747975-40F3-4157-9F19-E6CA2F9F2D8F","E38EE7F3-54D6-4150-9359-AECFA5750C25","AE903FD2-D720-4FFE-B4E9-45DD0EE00C2A"
"2E747975-40F3-4157-9F19-E6CA2F9F2D8F","E38EE7F3-54D6-4150-9359-AECFA5750C25","BA0796DB-D986-4A18-A11D-8DFC0AE94E0D"
"2E747975-40F3-4157-9F19-E6CA2F9F2D8F","E38EE7F3-54D6-4150-9359-AECFA5750C25","BE7C457B-7DBF-44B7-A7B1-3BF8043A8822"
"2E747975-40F3-4157-9F19-E6CA2F9F2D8F","E38EE7F3-54D6-4150-9359-AECFA5750C25","C03A1843-6335-4317-B950-AF7E0C083812"
"2E747975-40F3-4157-9F19-E6CA2F9F2D8F","E38EE7F3-54D6-4150-9359-AECFA5750C25","C4E3F226-5CA0-484A-8C7F-A33C3C23F924"
"2E747975-40F3-4157-9F19-E6CA2F9F2D8F","E38EE7F3-54D6-4150-9359-AECFA5750C25","C599D13A-5625-47BB-B394-6CCC7A3F12EC"
"2E747975-40F3-4157-9F19-E6CA2F9F2D8F","E38EE7F3-54D6-4150-9359-AECFA5750C25","D44D77E1-A1E3-4E4D-97BC-589426B2438A"
"2E747975-40F3-4157-9F19-E6CA2F9F2D8F","E38EE7F3-54D6-4150-9359-AECFA5750C25","ECA1EF15-BF6A-4F79-8371-4ED77F588999"
"2E747975-40F3-4157-9F19-E6CA2F9F2D8F","E38EE7F3-54D6-4150-9359-AECFA5750C25","F12B7260-43BA-4974-8E02-80D1D81E0658"
"2E747975-40F3-4157-9F19-E6CA2F9F2D8F","E38EE7F3-54D6-4150-9359-AECFA5750C25","F3981098-09E7-4CCF-97C7-0E3449E00606"
"2E747975-40F3-4157-9F19-E6CA2F9F2D8F","E38EE7F3-54D6-4150-9359-AECFA5750C25","FF70B013-5A35-47DE-9B51-6E6DC9D1E998"
"87DA0C96-1825-4D76-ADA7-4A5D7B2D1C43","E3C29F7E-C6DC-44A5-B8BF-6D398355DAED","74AD6C70-32D5-47E2-9AC8-DB687E9059C7"
"5D3B220B-6208-4A51-AFC4-85000E79C009","E3D7FD20-4375-410A-87DE-C58DF92309AC","5C91624C-A5A0-4F3C-8556-69CC36C2A8B9"
"5D3B220B-6208-4A51-AFC4-85000E79C009","E3D7FD20-4375-410A-87DE-C58DF92309AC","A22D4C89-8246-4FBC-8A1B-EE2A086EBBCB"
"2A505AA8-DC84-419C-9E13-505432935A03","E430D42D-299F-4A16-82B0-A7FA8A257CDA","0099DDFF-1FF8-4567-A338-E6D2EF3861D8"
"2A505AA8-DC84-419C-9E13-505432935A03","E430D42D-299F-4A16-82B0-A7FA8A257CDA","20e6ce3c-0625-48cc-b347-8ebb5a9ad64f"
"2A505AA8-DC84-419C-9E13-505432935A03","E430D42D-299F-4A16-82B0-A7FA8A257CDA","499a3fd6-a2f3-498c-bb32-c88bc592f639"
"2A505AA8-DC84-419C-9E13-505432935A03","E430D42D-299F-4A16-82B0-A7FA8A257CDA","A77152A4-F689-4ABE-9A75-8B21E4DE7042"
"D747009C-A149-4836-852A-E1DCC1082115","E496E1AB-CB47-4DDF-8479-81A4C617986E","1A3082BD-008E-4BB9-91C3-B73DCA278FDB"
"D747009C-A149-4836-852A-E1DCC1082115","E496E1AB-CB47-4DDF-8479-81A4C617986E","C009FA00-D79A-41E6-B5B8-C776A7E2E661"
"D747009C-A149-4836-852A-E1DCC1082115","E496E1AB-CB47-4DDF-8479-81A4C617986E","F8989387-60CB-4863-860E-DC71A44538E2"
"FEC46F84-0966-42E2-B92A-26F7D6E1D8F6","E504B70E-BEE2-4C40-A948-FAB9124E1962","CA4108D4-9546-4FCD-87C1-35A691644CF0"
"1CCDBB7F-4856-4314-A7A9-0E9576D98BC6","E5169BA0-12FC-4CED-A107-25E7A242178D","011DDF76-3CBA-47C9-B42A-E4CEE4667D86"
"F753D464-A6F8-4BDF-9366-E222EF4BBF4D","E5448FF3-0924-4E6D-BAE4-B158D8A54244","3FE05DF4-585C-41E8-8352-E115258AE43E"
"F753D464-A6F8-4BDF-9366-E222EF4BBF4D","E5448FF3-0924-4E6D-BAE4-B158D8A54244","b482a63d-33cc-4723-b80e-a4093b1a9246"
"F753D464-A6F8-4BDF-9366-E222EF4BBF4D","E5448FF3-0924-4E6D-BAE4-B158D8A54244","CE49BE3D-84A2-4015-BA07-0DF1E705ED6A"
"D415FD89-665E-4D9B-B869-5118971B7D30","E550BA71-E2E4-4DA8-9A62-7EBA616C7116","2D6C3F05-8C15-4154-88B6-4F6EAD527E00"
"D415FD89-665E-4D9B-B869-5118971B7D30","E550BA71-E2E4-4DA8-9A62-7EBA616C7116","87C4E9BC-C958-4BB6-B76A-FF4C3ADE3E19"
"D415FD89-665E-4D9B-B869-5118971B7D30","E550BA71-E2E4-4DA8-9A62-7EBA616C7116","DD47661A-D3DF-4ABD-A858-0B1C3BD40355"
"F51B781C-E4D1-4F05-98BD-71D39AE7ADBB","E5D03ECD-04BD-4679-BDD6-AB67C7AC0EC6","02ca3d0c-2eb5-47d5-b183-e3895190ce3b"
"F51B781C-E4D1-4F05-98BD-71D39AE7ADBB","E5D03ECD-04BD-4679-BDD6-AB67C7AC0EC6","05551DDB-D99A-4201-94BD-C2B3334B2B53"
"F51B781C-E4D1-4F05-98BD-71D39AE7ADBB","E5D03ECD-04BD-4679-BDD6-AB67C7AC0EC6","05C73E40-4756-4524-92C3-E78D619D4838"
"F51B781C-E4D1-4F05-98BD-71D39AE7ADBB","E5D03ECD-04BD-4679-BDD6-AB67C7AC0EC6","067EEE4C-4F6F-475B-A377-1CCC7AF817B1"
"F51B781C-E4D1-4F05-98BD-71D39AE7ADBB","E5D03ECD-04BD-4679-BDD6-AB67C7AC0EC6","0EFA8332-66BC-4592-92EC-71FBEEFF9280"
"F51B781C-E4D1-4F05-98BD-71D39AE7ADBB","E5D03ECD-04BD-4679-BDD6-AB67C7AC0EC6","1446188D-D9CB-4ECE-87D5-C208CAC7E1AB"
"F51B781C-E4D1-4F05-98BD-71D39AE7ADBB","E5D03ECD-04BD-4679-BDD6-AB67C7AC0EC6","151FF29F-6D6D-494D-9543-46D1963F5629"
"F51B781C-E4D1-4F05-98BD-71D39AE7ADBB","E5D03ECD-04BD-4679-BDD6-AB67C7AC0EC6","183ABF4F-B575-4A88-91D8-9F44E6CB752F"
"F51B781C-E4D1-4F05-98BD-71D39AE7ADBB","E5D03ECD-04BD-4679-BDD6-AB67C7AC0EC6","1a384919-c60f-4d74-8ebb-42c73e6c3205"
"F51B781C-E4D1-4F05-98BD-71D39AE7ADBB","E5D03ECD-04BD-4679-BDD6-AB67C7AC0EC6","1CB2D020-0F1A-411F-970E-8CEF54B622C1"
"F51B781C-E4D1-4F05-98BD-71D39AE7ADBB","E5D03ECD-04BD-4679-BDD6-AB67C7AC0EC6","2D082BDD-5287-454C-BB49-DDFE980ED358"
"F51B781C-E4D1-4F05-98BD-71D39AE7ADBB","E5D03ECD-04BD-4679-BDD6-AB67C7AC0EC6","3774997e-493c-4cf6-a7ab-32b90b23af33"
"F51B781C-E4D1-4F05-98BD-71D39AE7ADBB","E5D03ECD-04BD-4679-BDD6-AB67C7AC0EC6","38B564C2-36EE-4403-A66A-830045F26BE6"
"F51B781C-E4D1-4F05-98BD-71D39AE7ADBB","E5D03ECD-04BD-4679-BDD6-AB67C7AC0EC6","3de7f704-5982-4ecb-a47b-f8574317b2f8"
"F51B781C-E4D1-4F05-98BD-71D39AE7ADBB","E5D03ECD-04BD-4679-BDD6-AB67C7AC0EC6","3f16ddce-ac3c-4254-86e6-594c54b6d60d"
"F51B781C-E4D1-4F05-98BD-71D39AE7ADBB","E5D03ECD-04BD-4679-BDD6-AB67C7AC0EC6","7E2075FF-B257-4836-9F84-008BE2623016"
"F51B781C-E4D1-4F05-98BD-71D39AE7ADBB","E5D03ECD-04BD-4679-BDD6-AB67C7AC0EC6","7EDCC1D8-9674-4150-A262-B262D4A3760C"
"F51B781C-E4D1-4F05-98BD-71D39AE7ADBB","E5D03ECD-04BD-4679-BDD6-AB67C7AC0EC6","8246A1E5-AD65-44E2-B452-225B30BAD194"
"F51B781C-E4D1-4F05-98BD-71D39AE7ADBB","E5D03ECD-04BD-4679-BDD6-AB67C7AC0EC6","85DC8008-3A18-4E22-8FCB-E9782601C01F"
"F51B781C-E4D1-4F05-98BD-71D39AE7ADBB","E5D03ECD-04BD-4679-BDD6-AB67C7AC0EC6","911E8810-2E95-4366-9420-83BA40198F2A"
"F51B781C-E4D1-4F05-98BD-71D39AE7ADBB","E5D03ECD-04BD-4679-BDD6-AB67C7AC0EC6","94742C69-F497-408E-8CDB-E3C45F4D7ED3"
"F51B781C-E4D1-4F05-98BD-71D39AE7ADBB","E5D03ECD-04BD-4679-BDD6-AB67C7AC0EC6","9df3b4d6-cc2f-4d25-8f44-16f9e5807994"
"F51B781C-E4D1-4F05-98BD-71D39AE7ADBB","E5D03ECD-04BD-4679-BDD6-AB67C7AC0EC6","ABE69903-0E92-4F8D-8C92-980E3C893E07"
"F51B781C-E4D1-4F05-98BD-71D39AE7ADBB","E5D03ECD-04BD-4679-BDD6-AB67C7AC0EC6","B0B81895-64CC-46B5-8F16-53F6784BF2E6"
"F51B781C-E4D1-4F05-98BD-71D39AE7ADBB","E5D03ECD-04BD-4679-BDD6-AB67C7AC0EC6","B5D7FBBF-6C2E-41AD-BEB0-93D6BDFDBC3A"
"F51B781C-E4D1-4F05-98BD-71D39AE7ADBB","E5D03ECD-04BD-4679-BDD6-AB67C7AC0EC6","B60EDF67-B9BE-405F-BA82-B06EE1EFE6AF"
"F51B781C-E4D1-4F05-98BD-71D39AE7ADBB","E5D03ECD-04BD-4679-BDD6-AB67C7AC0EC6","B94354F5-C15D-45B6-A991-D1DB3B0FF8C5"
"F51B781C-E4D1-4F05-98BD-71D39AE7ADBB","E5D03ECD-04BD-4679-BDD6-AB67C7AC0EC6","ba35f825-5d65-4a3d-a846-5a02133d28a2"
"F51B781C-E4D1-4F05-98BD-71D39AE7ADBB","E5D03ECD-04BD-4679-BDD6-AB67C7AC0EC6","BC5A605B-474C-4273-8984-9D8F07B37602"
"F51B781C-E4D1-4F05-98BD-71D39AE7ADBB","E5D03ECD-04BD-4679-BDD6-AB67C7AC0EC6","BF6CFBFE-E0DB-4C6D-93C1-BB20D6816819"
"F51B781C-E4D1-4F05-98BD-71D39AE7ADBB","E5D03ECD-04BD-4679-BDD6-AB67C7AC0EC6","C2812006-710C-41ED-BB34-B52E59D1883B"
"F51B781C-E4D1-4F05-98BD-71D39AE7ADBB","E5D03ECD-04BD-4679-BDD6-AB67C7AC0EC6","CAB5CFA5-4BD9-4A5E-BACE-FBA57B2D14B9"
"F51B781C-E4D1-4F05-98BD-71D39AE7ADBB","E5D03ECD-04BD-4679-BDD6-AB67C7AC0EC6","CC8BC811-E4D1-4E92-8F25-7E6D5E6278B5"
"F51B781C-E4D1-4F05-98BD-71D39AE7ADBB","E5D03ECD-04BD-4679-BDD6-AB67C7AC0EC6","CCAC5912-FE01-42B8-8AAE-2D7C1B17BE73"
"F51B781C-E4D1-4F05-98BD-71D39AE7ADBB","E5D03ECD-04BD-4679-BDD6-AB67C7AC0EC6","CCDA8800-48C5-4AF1-98EF-D55EE7575CA9"
"F51B781C-E4D1-4F05-98BD-71D39AE7ADBB","E5D03ECD-04BD-4679-BDD6-AB67C7AC0EC6","CE06D643-2D29-45CA-B66E-49F8E51AD158"
"F51B781C-E4D1-4F05-98BD-71D39AE7ADBB","E5D03ECD-04BD-4679-BDD6-AB67C7AC0EC6","DDC8D703-E487-4CAB-AF9E-07227631AFEB"
"F51B781C-E4D1-4F05-98BD-71D39AE7ADBB","E5D03ECD-04BD-4679-BDD6-AB67C7AC0EC6","E10889CC-5160-43CE-A90C-9737DA606482"
"F51B781C-E4D1-4F05-98BD-71D39AE7ADBB","E5D03ECD-04BD-4679-BDD6-AB67C7AC0EC6","E7CCD9F6-84DF-4186-BD76-4222D7007E9F"
"F51B781C-E4D1-4F05-98BD-71D39AE7ADBB","E5D03ECD-04BD-4679-BDD6-AB67C7AC0EC6","EF5B0FDD-386D-4839-B6BE-DCA6AA4B84B0"
"F51B781C-E4D1-4F05-98BD-71D39AE7ADBB","E5D03ECD-04BD-4679-BDD6-AB67C7AC0EC6","f6cd98c1-e174-4bb3-be48-80ab6584ba25"
"F51B781C-E4D1-4F05-98BD-71D39AE7ADBB","E5D03ECD-04BD-4679-BDD6-AB67C7AC0EC6","FCFE8C6D-A20D-4ED7-B9D0-EF7A151D0F80"
"F51B781C-E4D1-4F05-98BD-71D39AE7ADBB","E5D03ECD-04BD-4679-BDD6-AB67C7AC0EC6","FD7EB1AA-1C8D-4FA3-9E4F-7C5D561F7BC8"
"F51B781C-E4D1-4F05-98BD-71D39AE7ADBB","E5D03ECD-04BD-4679-BDD6-AB67C7AC0EC6","FDA04FD4-D1B0-4696-A7B8-516398DFBAC6"
"FB3F7EE5-4BDE-4695-95CD-B1B193AD85D7","E5FEC1FA-23D8-4405-BEC2-1F31C54359DA","50E6F955-0751-4FCD-A489-F0828DBC3C5A"
"F81D3320-9A81-4654-B213-CAFE8A9C9BD4","E60041BC-1433-4EAD-9545-6337897DE0AF","2FC397A8-F95C-4EFB-9DB6-114022AE12AA"
"F81D3320-9A81-4654-B213-CAFE8A9C9BD4","E60041BC-1433-4EAD-9545-6337897DE0AF","3099DF7A-E84C-4CF9-9CCD-CEF189208DA8"
"F81D3320-9A81-4654-B213-CAFE8A9C9BD4","E60041BC-1433-4EAD-9545-6337897DE0AF","73888511-36F3-4CF0-9079-6083FB3E1BFE"
"F81D3320-9A81-4654-B213-CAFE8A9C9BD4","E60041BC-1433-4EAD-9545-6337897DE0AF","763DF1DF-FF84-48CF-8D7A-840D25EF7E24"
"F81D3320-9A81-4654-B213-CAFE8A9C9BD4","E60041BC-1433-4EAD-9545-6337897DE0AF","7A008348-E2C6-4269-B944-FA9141ED9098"
"F81D3320-9A81-4654-B213-CAFE8A9C9BD4","E60041BC-1433-4EAD-9545-6337897DE0AF","8EDF4BEB-767B-46F9-9CFE-8C96D1CB67D5"
"F81D3320-9A81-4654-B213-CAFE8A9C9BD4","E60041BC-1433-4EAD-9545-6337897DE0AF","9CFD80CC-CE7B-49F9-9D4E-4C72E62B29F1"
"F81D3320-9A81-4654-B213-CAFE8A9C9BD4","E60041BC-1433-4EAD-9545-6337897DE0AF","DCB0D7F0-0690-4C27-804B-E13A5F894221"
"F81D3320-9A81-4654-B213-CAFE8A9C9BD4","E60041BC-1433-4EAD-9545-6337897DE0AF","FD452345-62B6-4DCA-8862-C2B13C83719F"
"8731F2B1-18E5-4166-A3A1-43CDFA164791","E6261502-398C-4061-8620-153AFBA669F1","0CE7DF88-F225-4E06-B0EE-78F40CA4AFAC"
"8731F2B1-18E5-4166-A3A1-43CDFA164791","E6261502-398C-4061-8620-153AFBA669F1","0DD9DA45-0A5F-46BD-9040-D6453FD66E5C"
"8731F2B1-18E5-4166-A3A1-43CDFA164791","E6261502-398C-4061-8620-153AFBA669F1","20C1059A-D835-494D-9826-ADC6C0CD32CE"
"8731F2B1-18E5-4166-A3A1-43CDFA164791","E6261502-398C-4061-8620-153AFBA669F1","226CA836-5F40-422E-8102-FEFEF60863AD"
"8731F2B1-18E5-4166-A3A1-43CDFA164791","E6261502-398C-4061-8620-153AFBA669F1","25AC110E-3385-43E7-9AC2-E3A5D538EBEA"
"8731F2B1-18E5-4166-A3A1-43CDFA164791","E6261502-398C-4061-8620-153AFBA669F1","26B1CA2E-A19E-47F8-8397-661D23DDBA17"
"8731F2B1-18E5-4166-A3A1-43CDFA164791","E6261502-398C-4061-8620-153AFBA669F1","26B58442-C9DF-4C5B-B60D-FE8E65791227"
"8731F2B1-18E5-4166-A3A1-43CDFA164791","E6261502-398C-4061-8620-153AFBA669F1","2DC5A5C2-220A-48FF-895F-D3B1AFB99C90"
"8731F2B1-18E5-4166-A3A1-43CDFA164791","E6261502-398C-4061-8620-153AFBA669F1","324D3592-9213-490F-9F8F-7D82DAFCC1E5"
"8731F2B1-18E5-4166-A3A1-43CDFA164791","E6261502-398C-4061-8620-153AFBA669F1","36215EEE-052C-4097-84C7-8ED196E75000"
"8731F2B1-18E5-4166-A3A1-43CDFA164791","E6261502-398C-4061-8620-153AFBA669F1","56C8AEBF-81DF-4E9B-8F6B-D11601D3633F"
"8731F2B1-18E5-4166-A3A1-43CDFA164791","E6261502-398C-4061-8620-153AFBA669F1","58896B97-7F57-4EAC-968A-B5D742102315"
"8731F2B1-18E5-4166-A3A1-43CDFA164791","E6261502-398C-4061-8620-153AFBA669F1","5988595C-C8DD-4ADB-AA6A-FDBA5EAD8525"
"8731F2B1-18E5-4166-A3A1-43CDFA164791","E6261502-398C-4061-8620-153AFBA669F1","683D1A6E-00AB-470B-BFE1-B294293ED636"
"8731F2B1-18E5-4166-A3A1-43CDFA164791","E6261502-398C-4061-8620-153AFBA669F1","6E9F0ACB-7858-4FD9-AB8E-D65330E91035"
"8731F2B1-18E5-4166-A3A1-43CDFA164791","E6261502-398C-4061-8620-153AFBA669F1","7C743CF0-5D08-4FAA-B3D2-18D847EF203F"
"8731F2B1-18E5-4166-A3A1-43CDFA164791","E6261502-398C-4061-8620-153AFBA669F1","AED0951F-61CA-4A40-A526-927379F0523C"
"8731F2B1-18E5-4166-A3A1-43CDFA164791","E6261502-398C-4061-8620-153AFBA669F1","C0600EE1-CBDC-4BC2-ACB6-635BD797BAFE"
"8731F2B1-18E5-4166-A3A1-43CDFA164791","E6261502-398C-4061-8620-153AFBA669F1","D4B2BAC1-6374-435A-8DE2-F2FC9156244A"
"8731F2B1-18E5-4166-A3A1-43CDFA164791","E6261502-398C-4061-8620-153AFBA669F1","DBFBFE56-ECF2-4B31-A5D0-D909595AE471"
"8731F2B1-18E5-4166-A3A1-43CDFA164791","E6261502-398C-4061-8620-153AFBA669F1","E4375296-3EE8-43A4-B5BB-BA55603DE27F"
"8731F2B1-18E5-4166-A3A1-43CDFA164791","E6261502-398C-4061-8620-153AFBA669F1","E6E5C328-FB7B-43AB-A5E0-1B1392DDD45D"
"8731F2B1-18E5-4166-A3A1-43CDFA164791","E6261502-398C-4061-8620-153AFBA669F1","E89FC927-DBB8-426E-844C-D8FD82E9927C"
"8731F2B1-18E5-4166-A3A1-43CDFA164791","E6261502-398C-4061-8620-153AFBA669F1","EDEC901F-5047-47D4-9618-CB9764E5F223"
"AD311B0B-4147-4C2C-BC26-4EF2CE7F4369","E68EEB3D-12AB-45EF-A35B-8D03CDAE3021","EFFD1C23-80E0-4527-96B2-4E87C10C498B"
"INTERVALL","E6B74084A6CADF896039241527CE8D9EFC49","5838356a-8d65-42d0-8230-b93f873ea78f"
"PER","E6BC6B6BCDA1A3A09470185CED3D1B27E715","282d0698-36b6-42b5-8b35-bf9f5f0aa51f"
"F4DB4633-7977-4BE9-8923-378755267B3A","E6F79F12-121C-4ADC-BFF6-248695D802F0","2DFA5BA0-3170-419B-A00D-6868D67C2D1C"
"INTERVALL","E7ABFAC1DFBB451EB0E2F0170A4EA3599A49","d23def25-024b-4901-bcbb-a315babe8512"
"7B780F81-C0D5-4EE7-A486-9AF102A0222E","E7EDFA5B-D4D6-402D-83AA-1E98D3F6C00A","02B06302-83C3-4FFA-90C3-3EFA9933A6CE"
"7B780F81-C0D5-4EE7-A486-9AF102A0222E","E7EDFA5B-D4D6-402D-83AA-1E98D3F6C00A","07ABF9B8-F7A0-466F-8FFA-D319E26F7955"
"7B780F81-C0D5-4EE7-A486-9AF102A0222E","E7EDFA5B-D4D6-402D-83AA-1E98D3F6C00A","1AFDA045-B349-4B01-9454-1B3B938F666C"
"7B780F81-C0D5-4EE7-A486-9AF102A0222E","E7EDFA5B-D4D6-402D-83AA-1E98D3F6C00A","57947F41-BD1A-401E-B1D4-213A01A1B057"
"7B780F81-C0D5-4EE7-A486-9AF102A0222E","E7EDFA5B-D4D6-402D-83AA-1E98D3F6C00A","93A1F402-CFF4-4932-874E-5313D589B801"
"7B780F81-C0D5-4EE7-A486-9AF102A0222E","E7EDFA5B-D4D6-402D-83AA-1E98D3F6C00A","B25B08BA-0AA8-432B-9C9C-9D5C99A7B917"
"7B780F81-C0D5-4EE7-A486-9AF102A0222E","E7EDFA5B-D4D6-402D-83AA-1E98D3F6C00A","CC28CAF4-D277-4F44-8396-08870F79687D"
"7B780F81-C0D5-4EE7-A486-9AF102A0222E","E7EDFA5B-D4D6-402D-83AA-1E98D3F6C00A","F4E6D355-C006-402A-AE88-04AC7E2A4110"
"52B9F1A7-42E4-4CA4-9503-BF324472A030","E8297588-F8D3-4C36-A134-CBE334A20D36","33EBC3EF-984B-4BCF-8652-9280A6699B1E"
"52B9F1A7-42E4-4CA4-9503-BF324472A030","E8297588-F8D3-4C36-A134-CBE334A20D36","3BDF6ACF-AE29-4BBB-BC44-865BBDFB57BC"
"52B9F1A7-42E4-4CA4-9503-BF324472A030","E8297588-F8D3-4C36-A134-CBE334A20D36","4E5806C9-DE63-4A65-B576-A1F9B92DB34E"
"52B9F1A7-42E4-4CA4-9503-BF324472A030","E8297588-F8D3-4C36-A134-CBE334A20D36","82FD45CE-4825-4301-B9B9-CA9FB21D7047"
"52B9F1A7-42E4-4CA4-9503-BF324472A030","E8297588-F8D3-4C36-A134-CBE334A20D36","ECA1EF15-BF6A-4F79-8371-4ED77F588999"
"C896E64D-E3CD-4BED-8B0A-07E6C9931476","E83CDF77-AD39-4373-A3B3-BC11411B5459","933687FA-CD50-4FD5-B1F3-7C7652CCA433"
"9F3C8CF9-008E-4479-83FD-767C50CC648D","E8774723-032D-4CDF-B2ED-0B5CFC8C60A6","0CD4F74D-9BCE-4A16-AD45-A8BE91A43169"
"9F3C8CF9-008E-4479-83FD-767C50CC648D","E8774723-032D-4CDF-B2ED-0B5CFC8C60A6","19FDF62B-2696-41FB-93D1-FB588EB4A17E"
"9F3C8CF9-008E-4479-83FD-767C50CC648D","E8774723-032D-4CDF-B2ED-0B5CFC8C60A6","28E5F819-7E5F-40C6-AEA4-9BF6C817E9E6"
"9F3C8CF9-008E-4479-83FD-767C50CC648D","E8774723-032D-4CDF-B2ED-0B5CFC8C60A6","35B11F10-AFEF-4784-A9B1-24F7EBA973E9"
"9F3C8CF9-008E-4479-83FD-767C50CC648D","E8774723-032D-4CDF-B2ED-0B5CFC8C60A6","47d7e07e-5433-461e-beb5-c48f89a67aff"
"9F3C8CF9-008E-4479-83FD-767C50CC648D","E8774723-032D-4CDF-B2ED-0B5CFC8C60A6","64B99F52-E1A7-4FAC-9D2D-8A831DDFF378"
"9F3C8CF9-008E-4479-83FD-767C50CC648D","E8774723-032D-4CDF-B2ED-0B5CFC8C60A6","884920AF-1946-49A9-875F-A40AA0DB9F08"
"9F3C8CF9-008E-4479-83FD-767C50CC648D","E8774723-032D-4CDF-B2ED-0B5CFC8C60A6","88689AFD-10A3-4B20-8AD0-1491D86A9F5F"
"9F3C8CF9-008E-4479-83FD-767C50CC648D","E8774723-032D-4CDF-B2ED-0B5CFC8C60A6","B84BCFF0-AB7A-4282-8AF8-424C0156B6D1"
"9F3C8CF9-008E-4479-83FD-767C50CC648D","E8774723-032D-4CDF-B2ED-0B5CFC8C60A6","B854842E-1D14-4516-826A-0A719744F240"
"9F3C8CF9-008E-4479-83FD-767C50CC648D","E8774723-032D-4CDF-B2ED-0B5CFC8C60A6","BAEA99D7-A3C6-4B3C-9548-4201EEA6891C"
"9F3C8CF9-008E-4479-83FD-767C50CC648D","E8774723-032D-4CDF-B2ED-0B5CFC8C60A6","D356F891-899D-40BD-9C1A-C9F053D1F4EE"
"9F3C8CF9-008E-4479-83FD-767C50CC648D","E8774723-032D-4CDF-B2ED-0B5CFC8C60A6","E4908E58-3837-48D7-BA6D-FAC81E8C32D6"
"9F3C8CF9-008E-4479-83FD-767C50CC648D","E8774723-032D-4CDF-B2ED-0B5CFC8C60A6","FB05A564-32FC-404D-B358-E5579D22F83D"
"8CD30E4E-6DD1-470C-9E4D-EE503D105038","E8D27DEB-F9CA-441A-B5E2-5EDFD7A7A526","2702099D-60E4-4698-A8F5-29BFE0941831"
"8CD30E4E-6DD1-470C-9E4D-EE503D105038","E8D27DEB-F9CA-441A-B5E2-5EDFD7A7A526","36BEE14C-555D-494A-AC26-5CD360124F2E"
"8CD30E4E-6DD1-470C-9E4D-EE503D105038","E8D27DEB-F9CA-441A-B5E2-5EDFD7A7A526","441FF63C-1040-4515-9B9C-0F6DCECC872E"
"8CD30E4E-6DD1-470C-9E4D-EE503D105038","E8D27DEB-F9CA-441A-B5E2-5EDFD7A7A526","5AD47882-7203-4963-87D9-CE999D08B74D"
"8CD30E4E-6DD1-470C-9E4D-EE503D105038","E8D27DEB-F9CA-441A-B5E2-5EDFD7A7A526","C52B7032-1ABE-4F92-91D6-DA0854EC291B"
"8CD30E4E-6DD1-470C-9E4D-EE503D105038","E8D27DEB-F9CA-441A-B5E2-5EDFD7A7A526","C581EFD2-254A-47C7-BA87-C7FB9A955E56"
"8CD30E4E-6DD1-470C-9E4D-EE503D105038","E8D27DEB-F9CA-441A-B5E2-5EDFD7A7A526","D0B58778-8B1B-4856-B968-90264F46500C"
"8CD30E4E-6DD1-470C-9E4D-EE503D105038","E8D27DEB-F9CA-441A-B5E2-5EDFD7A7A526","E1683574-2792-4D06-9595-114CBC770EC4"
"8CD30E4E-6DD1-470C-9E4D-EE503D105038","E8D27DEB-F9CA-441A-B5E2-5EDFD7A7A526","E588FF0C-1C92-4274-9A80-9658387767E8"
"86C7971A-0E9C-4BD8-8A62-A73C8ADDF99D","E95B2EE3-CC01-4101-A28F-E511BD092F1A","3F9884AB-76E7-46B0-BFEC-0039597B0330"
"86C7971A-0E9C-4BD8-8A62-A73C8ADDF99D","E95B2EE3-CC01-4101-A28F-E511BD092F1A","434D1180-198D-436A-B903-00CBB0D3EAAF"
"86C7971A-0E9C-4BD8-8A62-A73C8ADDF99D","E95B2EE3-CC01-4101-A28F-E511BD092F1A","8822771A-82F9-40A7-9C13-11BB080A0372"
"86C7971A-0E9C-4BD8-8A62-A73C8ADDF99D","E95B2EE3-CC01-4101-A28F-E511BD092F1A","8D069140-0A87-45F6-9312-9A5261FEF2E9"
"86C7971A-0E9C-4BD8-8A62-A73C8ADDF99D","E95B2EE3-CC01-4101-A28F-E511BD092F1A","8E8E697B-2AE0-4160-9D53-CD6B90C8D8F2"
"86C7971A-0E9C-4BD8-8A62-A73C8ADDF99D","E95B2EE3-CC01-4101-A28F-E511BD092F1A","9916C6E2-5092-475D-B6D4-00E907726229"
"86C7971A-0E9C-4BD8-8A62-A73C8ADDF99D","E95B2EE3-CC01-4101-A28F-E511BD092F1A","9C4C8381-3069-45E9-8AEF-AED35B588B81"
"BB10C20D-90FE-4FE8-8BAC-F7314E2FF121","E9C71AF8-2518-4891-A500-1138750B40C0","365C0001-0C87-4FE8-9C1F-7094AF89E75A"
"BB10C20D-90FE-4FE8-8BAC-F7314E2FF121","E9C71AF8-2518-4891-A500-1138750B40C0","5EE039AE-6F76-42F1-A151-C6D8166CC026"
"98DF82F3-B79C-4D21-BFA0-F02E3EF6CB23","E9C7AEE4-36A2-42DD-94D0-624996550907","023E775C-6789-4E3F-B02A-E5E5FD66BDCC"
"98DF82F3-B79C-4D21-BFA0-F02E3EF6CB23","E9C7AEE4-36A2-42DD-94D0-624996550907","0EE5FB9A-4C8F-4015-BEED-875AE0B92B90"
"98DF82F3-B79C-4D21-BFA0-F02E3EF6CB23","E9C7AEE4-36A2-42DD-94D0-624996550907","12313FA1-F78B-4C55-9194-DB5406E4A10D"
"98DF82F3-B79C-4D21-BFA0-F02E3EF6CB23","E9C7AEE4-36A2-42DD-94D0-624996550907","206827E5-BD7F-46B6-AD7A-0117823B11CD"
"98DF82F3-B79C-4D21-BFA0-F02E3EF6CB23","E9C7AEE4-36A2-42DD-94D0-624996550907","315C8977-52DC-4385-AA92-63E1BEACEF5B"
"98DF82F3-B79C-4D21-BFA0-F02E3EF6CB23","E9C7AEE4-36A2-42DD-94D0-624996550907","3728248A-67F7-48B8-93B2-629A3CE61D2E"
"98DF82F3-B79C-4D21-BFA0-F02E3EF6CB23","E9C7AEE4-36A2-42DD-94D0-624996550907","5481CAF7-A8AD-4714-B959-E55C6B6D80D7"
"98DF82F3-B79C-4D21-BFA0-F02E3EF6CB23","E9C7AEE4-36A2-42DD-94D0-624996550907","60F7EE55-2702-40E4-84A5-5D852C5B5AF5"
"98DF82F3-B79C-4D21-BFA0-F02E3EF6CB23","E9C7AEE4-36A2-42DD-94D0-624996550907","87CDF461-29E0-4CE6-8656-92FF8F3311EE"
"98DF82F3-B79C-4D21-BFA0-F02E3EF6CB23","E9C7AEE4-36A2-42DD-94D0-624996550907","AA074FF0-9408-473F-AA33-AD4A8FB5299F"
"98DF82F3-B79C-4D21-BFA0-F02E3EF6CB23","E9C7AEE4-36A2-42DD-94D0-624996550907","B2DAAB5C-B47B-49F6-A967-9C5F30733306"
"98DF82F3-B79C-4D21-BFA0-F02E3EF6CB23","E9C7AEE4-36A2-42DD-94D0-624996550907","CA91F46B-4158-4E84-A9EF-57AC6AAD7B53"
"98DF82F3-B79C-4D21-BFA0-F02E3EF6CB23","E9C7AEE4-36A2-42DD-94D0-624996550907","CB8729BD-F58C-4170-B604-FC7A7B130BCB"
"98DF82F3-B79C-4D21-BFA0-F02E3EF6CB23","E9C7AEE4-36A2-42DD-94D0-624996550907","CFDEB067-A069-4AF2-96B7-D0AB1BF1FC05"
"98DF82F3-B79C-4D21-BFA0-F02E3EF6CB23","E9C7AEE4-36A2-42DD-94D0-624996550907","E1D9B305-C486-4B8E-8336-02046F57456D"
"98DF82F3-B79C-4D21-BFA0-F02E3EF6CB23","E9C7AEE4-36A2-42DD-94D0-624996550907","E247AA5E-DCCC-4A2A-AC63-E686134ABFC3"
"98DF82F3-B79C-4D21-BFA0-F02E3EF6CB23","E9C7AEE4-36A2-42DD-94D0-624996550907","E4CF8E25-1F13-442E-9556-215FD87DE264"
"98DF82F3-B79C-4D21-BFA0-F02E3EF6CB23","E9C7AEE4-36A2-42DD-94D0-624996550907","F40A2145-2E74-4D70-A2E3-BD588A37E4E5"
"815865B2-D9BD-4140-8AE0-D8D5109B4CF0","E9D81027-A49B-450E-9F4C-5EE41796E831","113dd2c6-ccb6-457c-8b4a-77f203dc513d"
"815865B2-D9BD-4140-8AE0-D8D5109B4CF0","E9D81027-A49B-450E-9F4C-5EE41796E831","49DF8E91-E0F6-46D0-AE42-E58D23DEB1A6"
"815865B2-D9BD-4140-8AE0-D8D5109B4CF0","E9D81027-A49B-450E-9F4C-5EE41796E831","6235C0A9-55FA-4D34-8A0D-F27B0F868119"
"815865B2-D9BD-4140-8AE0-D8D5109B4CF0","E9D81027-A49B-450E-9F4C-5EE41796E831","933B7888-34DB-44D9-8A83-BB333E45FBF9"
"815865B2-D9BD-4140-8AE0-D8D5109B4CF0","E9D81027-A49B-450E-9F4C-5EE41796E831","955b7e89-e7f1-4939-bd27-b337bf45513d"
"815865B2-D9BD-4140-8AE0-D8D5109B4CF0","E9D81027-A49B-450E-9F4C-5EE41796E831","e8fc0a53-e7bc-4374-a18f-a6333f7ecec8"
"F3B89B36-1158-4A58-85A3-DCE0CBF122A6","EA26C1F7-B145-41BE-8727-D0081F7BB3DB","00DBA6C5-50A5-4D6A-AD20-2D972D2AE426"
"F3B89B36-1158-4A58-85A3-DCE0CBF122A6","EA26C1F7-B145-41BE-8727-D0081F7BB3DB","0E93FEF8-98F9-46E8-856D-A48C3342E326"
"F3B89B36-1158-4A58-85A3-DCE0CBF122A6","EA26C1F7-B145-41BE-8727-D0081F7BB3DB","600ABF18-EDA5-4EB6-9857-46A49FDCE23B"
"F3B89B36-1158-4A58-85A3-DCE0CBF122A6","EA26C1F7-B145-41BE-8727-D0081F7BB3DB","66CEC52C-9845-4E8E-9461-863FDDB08A28"
"F3B89B36-1158-4A58-85A3-DCE0CBF122A6","EA26C1F7-B145-41BE-8727-D0081F7BB3DB","77B63422-F3EC-43BC-BBCA-A80C7F0F3DBE"
"F3B89B36-1158-4A58-85A3-DCE0CBF122A6","EA26C1F7-B145-41BE-8727-D0081F7BB3DB","891DDD28-7FB7-416C-B222-CEE4FF7988EE"
"F3B89B36-1158-4A58-85A3-DCE0CBF122A6","EA26C1F7-B145-41BE-8727-D0081F7BB3DB","90C8D240-C907-4739-B566-D428D314EABB"
"F3B89B36-1158-4A58-85A3-DCE0CBF122A6","EA26C1F7-B145-41BE-8727-D0081F7BB3DB","986876E7-AFFF-4A56-805F-CA518309ACBF"
"F3B89B36-1158-4A58-85A3-DCE0CBF122A6","EA26C1F7-B145-41BE-8727-D0081F7BB3DB","BC784A04-92C5-44B9-873D-0BD467697E94"
"F3B89B36-1158-4A58-85A3-DCE0CBF122A6","EA26C1F7-B145-41BE-8727-D0081F7BB3DB","C665183B-6078-4BBD-99AB-5513D77191FF"
"F3B89B36-1158-4A58-85A3-DCE0CBF122A6","EA26C1F7-B145-41BE-8727-D0081F7BB3DB","C8EF26FE-DD2A-4C04-8BC7-6661DCC24947"
"F3B89B36-1158-4A58-85A3-DCE0CBF122A6","EA26C1F7-B145-41BE-8727-D0081F7BB3DB","D7BE3EE3-9C70-4555-9B17-1512D7C1B437"
"F3B89B36-1158-4A58-85A3-DCE0CBF122A6","EA26C1F7-B145-41BE-8727-D0081F7BB3DB","E018D4FC-C798-4C12-8FAD-C4CCA1C44A8B"
"3BEE34E9-21ED-4833-B86C-C96F3814F836","AEF32B22-E36A-411F-8D3B-EA082F155420","0195B668-D503-4823-8413-C224C3462A07"
"3BEE34E9-21ED-4833-B86C-C96F3814F836","AEF32B22-E36A-411F-8D3B-EA082F155420","02CA1210-DCE2-4F9F-AC6E-DE54DC3AEB5D"
"3BEE34E9-21ED-4833-B86C-C96F3814F836","AEF32B22-E36A-411F-8D3B-EA082F155420","0944DDC3-4072-46D6-9ED8-2526BA3D2E64"
"3BEE34E9-21ED-4833-B86C-C96F3814F836","AEF32B22-E36A-411F-8D3B-EA082F155420","0E7D2197-B317-4208-9AC9-11882B8CE8D5"
"3BEE34E9-21ED-4833-B86C-C96F3814F836","AEF32B22-E36A-411F-8D3B-EA082F155420","13C7FEDC-4910-463A-863A-37FB1494ABDC"
"3BEE34E9-21ED-4833-B86C-C96F3814F836","AEF32B22-E36A-411F-8D3B-EA082F155420","18D5469A-7B64-40C5-85A5-B5F2003D201D"
"3BEE34E9-21ED-4833-B86C-C96F3814F836","AEF32B22-E36A-411F-8D3B-EA082F155420","195DF266-AEA1-48B9-9C01-98861A880831"
"3BEE34E9-21ED-4833-B86C-C96F3814F836","AEF32B22-E36A-411F-8D3B-EA082F155420","22A91803-A18A-447A-8FFE-2767D9F904C0"
"3BEE34E9-21ED-4833-B86C-C96F3814F836","AEF32B22-E36A-411F-8D3B-EA082F155420","2A779884-A797-4953-9E77-72F9A0BE4060"
"3BEE34E9-21ED-4833-B86C-C96F3814F836","AEF32B22-E36A-411F-8D3B-EA082F155420","2B23C966-7717-48D7-A936-2D276B52A4F8"
"3BEE34E9-21ED-4833-B86C-C96F3814F836","AEF32B22-E36A-411F-8D3B-EA082F155420","2B7384BA-6536-4A81-A6BB-92416DDC2106"
"3BEE34E9-21ED-4833-B86C-C96F3814F836","AEF32B22-E36A-411F-8D3B-EA082F155420","2E62430B-BD6A-4C13-B0B7-6F4CC8762D75"
"3BEE34E9-21ED-4833-B86C-C96F3814F836","AEF32B22-E36A-411F-8D3B-EA082F155420","34C5379A-E3BE-4332-B6A6-C6B9CB46C0C6"
"3BEE34E9-21ED-4833-B86C-C96F3814F836","AEF32B22-E36A-411F-8D3B-EA082F155420","3E6A2090-D12D-4810-B1B1-575181BF4C4D"
"3BEE34E9-21ED-4833-B86C-C96F3814F836","AEF32B22-E36A-411F-8D3B-EA082F155420","456DC410-07DA-486F-926A-04A5450B51F9"
"3BEE34E9-21ED-4833-B86C-C96F3814F836","AEF32B22-E36A-411F-8D3B-EA082F155420","4B62D659-797E-4892-953A-26919BFC24E2"
"3BEE34E9-21ED-4833-B86C-C96F3814F836","AEF32B22-E36A-411F-8D3B-EA082F155420","4B8ACE59-C8E8-4F05-A8DB-82BF3DC246D3"
"3BEE34E9-21ED-4833-B86C-C96F3814F836","AEF32B22-E36A-411F-8D3B-EA082F155420","5A687B8E-E710-407C-90E6-654A60CD71D6"
"3BEE34E9-21ED-4833-B86C-C96F3814F836","AEF32B22-E36A-411F-8D3B-EA082F155420","5D3690E6-5B4F-4DEE-B2AF-853DF253C943"
"3BEE34E9-21ED-4833-B86C-C96F3814F836","AEF32B22-E36A-411F-8D3B-EA082F155420","5DA653F6-8DA6-401E-B442-34E4B4FF016D"
"3BEE34E9-21ED-4833-B86C-C96F3814F836","AEF32B22-E36A-411F-8D3B-EA082F155420","5EE336ED-AF7E-471F-BC90-B2D27C97F15C"
"3BEE34E9-21ED-4833-B86C-C96F3814F836","AEF32B22-E36A-411F-8D3B-EA082F155420","655D15B3-AEA7-4FEB-9E58-3F162D37C84E"
"3BEE34E9-21ED-4833-B86C-C96F3814F836","AEF32B22-E36A-411F-8D3B-EA082F155420","6754D26D-3B84-4D78-973F-ED39B4FCC901"
"3BEE34E9-21ED-4833-B86C-C96F3814F836","AEF32B22-E36A-411F-8D3B-EA082F155420","676A4F2D-315C-4F1C-9AAD-43B0CF2D21F7"
"3BEE34E9-21ED-4833-B86C-C96F3814F836","AEF32B22-E36A-411F-8D3B-EA082F155420","6B00EBF0-C355-412A-ACAB-F9C5E9882BFE"
"3BEE34E9-21ED-4833-B86C-C96F3814F836","AEF32B22-E36A-411F-8D3B-EA082F155420","6D01D148-D1AE-4184-931B-722B0FB8C069"
"35DB566B-1615-4287-B9E3-D6AEBF82AF71","3F2FBF91-6F10-4398-A292-44155139CE84","3F6456FC-7FC1-4242-9A00-B1DE4A130BF7"
"35DB566B-1615-4287-B9E3-D6AEBF82AF71","3F2FBF91-6F10-4398-A292-44155139CE84","7661AA55-22D2-465F-ADEE-6D06AF1E63B3"
"35DB566B-1615-4287-B9E3-D6AEBF82AF71","3F2FBF91-6F10-4398-A292-44155139CE84","B7EDC2FB-BD1D-499A-8162-609B2BDD4134"
"35DB566B-1615-4287-B9E3-D6AEBF82AF71","3F2FBF91-6F10-4398-A292-44155139CE84","C801346B-294C-4C13-97C2-5913F818BDB1"
"35DB566B-1615-4287-B9E3-D6AEBF82AF71","3F2FBF91-6F10-4398-A292-44155139CE84","CA8954E5-2E68-4859-BDA2-170515DABAFD"
"35DB566B-1615-4287-B9E3-D6AEBF82AF71","3F2FBF91-6F10-4398-A292-44155139CE84","E38E86EC-5203-4AB3-80A9-BB6D513C22E2"
"35DB566B-1615-4287-B9E3-D6AEBF82AF71","3F2FBF91-6F10-4398-A292-44155139CE84","eff0c0d1-bf7d-4642-9132-c87012676b2c"
"15C0CE33-81FC-4225-B7BA-07E7A616592B","3F370A87-DABB-4AD3-A8C7-5FC000D21D6E","6b51c33b-3476-4b08-af37-bef1e45436fb"
"15C0CE33-81FC-4225-B7BA-07E7A616592B","3F370A87-DABB-4AD3-A8C7-5FC000D21D6E","916F8F84-B450-435D-8250-A6D79D83D78C"
"PER","3FF3515093B6802E8C1837AA7BB077C2B84D","6992426f-2f1f-49c5-a509-a93ee47fa4bc"
"PER","40D61B7639DACE5D02EDF5655B619532508A","22045e6d-31de-413b-b85c-f7224d7611ad"
"632393CA-F0EE-4743-BCDB-2EA20F15CE57","40F75F29-03BC-4D2C-AC3B-CB9A955B3298","B1316558-FDFD-4862-8A7B-95D828617ED5"
"INTERVALL","417493D9B5FC06C8F9E3212B6E874BED8D59","1fe695c2-f671-4c62-a3e8-8e1693d7427e"
"E0D55247-BB42-477E-9917-4E009965536C","4185DF22-4586-4C89-A7DC-A98C2E5F9C64","03677AA8-EE78-4440-858F-480A053E5518"
"E0D55247-BB42-477E-9917-4E009965536C","4185DF22-4586-4C89-A7DC-A98C2E5F9C64","04083BBA-1F37-4552-8B3A-BD428F5D485B"
"E0D55247-BB42-477E-9917-4E009965536C","4185DF22-4586-4C89-A7DC-A98C2E5F9C64","05133881-D526-4217-95E4-F3CF7BFD8061"
"E0D55247-BB42-477E-9917-4E009965536C","4185DF22-4586-4C89-A7DC-A98C2E5F9C64","0847FFBA-EA5C-4364-AAB6-525A41873BF3"
"E0D55247-BB42-477E-9917-4E009965536C","4185DF22-4586-4C89-A7DC-A98C2E5F9C64","09901b0a-b0a3-4ced-9164-106973245e26"
"E0D55247-BB42-477E-9917-4E009965536C","4185DF22-4586-4C89-A7DC-A98C2E5F9C64","0A4613E2-824A-439F-B5FD-3AD7B8E74037"
"E0D55247-BB42-477E-9917-4E009965536C","4185DF22-4586-4C89-A7DC-A98C2E5F9C64","145F5680-801F-4FA0-A432-CBC5E759E97F"
"E0D55247-BB42-477E-9917-4E009965536C","4185DF22-4586-4C89-A7DC-A98C2E5F9C64","14C50A94-A320-4FD8-AB9C-1E2E18A61243"
"E0D55247-BB42-477E-9917-4E009965536C","4185DF22-4586-4C89-A7DC-A98C2E5F9C64","1711B203-5CAE-4C0B-8D36-4E1AAF762184"
"E0D55247-BB42-477E-9917-4E009965536C","4185DF22-4586-4C89-A7DC-A98C2E5F9C64","196ACFC1-FA00-40F0-918C-B3FA0B030DDD"
"E0D55247-BB42-477E-9917-4E009965536C","4185DF22-4586-4C89-A7DC-A98C2E5F9C64","1DB72BCD-88FD-49D7-967D-D8C6E69B6714"
"E0D55247-BB42-477E-9917-4E009965536C","4185DF22-4586-4C89-A7DC-A98C2E5F9C64","2262D8E4-6E1E-4F4F-BA86-160326100D7D"
"E0D55247-BB42-477E-9917-4E009965536C","4185DF22-4586-4C89-A7DC-A98C2E5F9C64","279B06D3-E3AE-4B8E-B2A6-0033544B272E"
"E0D55247-BB42-477E-9917-4E009965536C","4185DF22-4586-4C89-A7DC-A98C2E5F9C64","2F8B2FF7-A673-4B82-AA5E-C6A40A78550C"
"E0D55247-BB42-477E-9917-4E009965536C","4185DF22-4586-4C89-A7DC-A98C2E5F9C64","334F9D3C-8566-4BF8-9B15-31A2EE78A1CD"
"E0D55247-BB42-477E-9917-4E009965536C","4185DF22-4586-4C89-A7DC-A98C2E5F9C64","33883406-9657-4EF7-B8AB-3EEE5BD89538"
"E0D55247-BB42-477E-9917-4E009965536C","4185DF22-4586-4C89-A7DC-A98C2E5F9C64","36D0B431-251A-4FC9-A10A-A921E178CE69"
"E0D55247-BB42-477E-9917-4E009965536C","4185DF22-4586-4C89-A7DC-A98C2E5F9C64","3E9E96F1-3773-44A0-A55B-AE2263D9996F"
"E0D55247-BB42-477E-9917-4E009965536C","4185DF22-4586-4C89-A7DC-A98C2E5F9C64","3FA0E7D4-F26A-4FCD-AA68-A65232343166"
"E0D55247-BB42-477E-9917-4E009965536C","4185DF22-4586-4C89-A7DC-A98C2E5F9C64","52F58381-2187-4057-87CB-A2FEDA4AAAA5"
"E0D55247-BB42-477E-9917-4E009965536C","4185DF22-4586-4C89-A7DC-A98C2E5F9C64","564519DE-A15C-4245-9C98-13D436D4E347"
"E0D55247-BB42-477E-9917-4E009965536C","4185DF22-4586-4C89-A7DC-A98C2E5F9C64","56D49587-BCB6-4497-B28B-B71A732B4FE3"
"E0D55247-BB42-477E-9917-4E009965536C","4185DF22-4586-4C89-A7DC-A98C2E5F9C64","5DA170B0-1DA4-4CB4-B214-A22454060EF2"
"E0D55247-BB42-477E-9917-4E009965536C","4185DF22-4586-4C89-A7DC-A98C2E5F9C64","5ED7BB84-B8C9-4EC6-BC34-684DA1F84739"
"E0D55247-BB42-477E-9917-4E009965536C","4185DF22-4586-4C89-A7DC-A98C2E5F9C64","68AA6C81-B017-4708-BD94-E18C834C7278"
"E0D55247-BB42-477E-9917-4E009965536C","4185DF22-4586-4C89-A7DC-A98C2E5F9C64","706B43A7-370E-4737-AD1A-0274255A1743"
"E0D55247-BB42-477E-9917-4E009965536C","4185DF22-4586-4C89-A7DC-A98C2E5F9C64","73466318-A6CB-4DA4-8929-24245B70C91C"
"E0D55247-BB42-477E-9917-4E009965536C","4185DF22-4586-4C89-A7DC-A98C2E5F9C64","7B3FEDC2-0624-432E-ABD0-98BA4EFA234D"
"E0D55247-BB42-477E-9917-4E009965536C","4185DF22-4586-4C89-A7DC-A98C2E5F9C64","7D5E977D-B7F5-4554-8D80-0E512B956792"
"E0D55247-BB42-477E-9917-4E009965536C","4185DF22-4586-4C89-A7DC-A98C2E5F9C64","811E6936-4DF9-46A2-982A-ACC3BAB91542"
"E0D55247-BB42-477E-9917-4E009965536C","4185DF22-4586-4C89-A7DC-A98C2E5F9C64","85626E4F-7999-42A3-898A-B403343DC5C7"
"E0D55247-BB42-477E-9917-4E009965536C","4185DF22-4586-4C89-A7DC-A98C2E5F9C64","8A25E9CC-F5B7-4038-A3E4-1751CD93B52A"
"E0D55247-BB42-477E-9917-4E009965536C","4185DF22-4586-4C89-A7DC-A98C2E5F9C64","9B740253-0E44-4021-884C-4F9F126345DD"
"E0D55247-BB42-477E-9917-4E009965536C","4185DF22-4586-4C89-A7DC-A98C2E5F9C64","AD8542A2-9DC6-4F4D-B40A-386A55418ED9"
"E0D55247-BB42-477E-9917-4E009965536C","4185DF22-4586-4C89-A7DC-A98C2E5F9C64","B3A10A64-0421-433A-958C-C16B0C08DC06"
"E0D55247-BB42-477E-9917-4E009965536C","4185DF22-4586-4C89-A7DC-A98C2E5F9C64","B8EA69A7-F6D5-40EC-99C8-B16984758C09"
"E0D55247-BB42-477E-9917-4E009965536C","4185DF22-4586-4C89-A7DC-A98C2E5F9C64","BE1C4CD1-D524-4E1E-BCAE-A01F58EB54F8"
"E0D55247-BB42-477E-9917-4E009965536C","4185DF22-4586-4C89-A7DC-A98C2E5F9C64","C9E30C27-1829-4E7B-9A71-0B0D759DCFC7"
"E0D55247-BB42-477E-9917-4E009965536C","4185DF22-4586-4C89-A7DC-A98C2E5F9C64","cb6db8f7-d4bb-4349-9a93-d97f18e1a7af"
"E0D55247-BB42-477E-9917-4E009965536C","4185DF22-4586-4C89-A7DC-A98C2E5F9C64","CFE08044-A820-4E06-893B-46D8B2FC940F"
"E0D55247-BB42-477E-9917-4E009965536C","4185DF22-4586-4C89-A7DC-A98C2E5F9C64","DA4128F4-77A2-43E6-909A-AA3691D00E97"
"E0D55247-BB42-477E-9917-4E009965536C","4185DF22-4586-4C89-A7DC-A98C2E5F9C64","E5BCB704-48E7-4D33-AD5D-94A2887B1B6B"
"E0D55247-BB42-477E-9917-4E009965536C","4185DF22-4586-4C89-A7DC-A98C2E5F9C64","E8EE32B6-AF01-41E8-90AA-DAAAE3B059EC"
"E0D55247-BB42-477E-9917-4E009965536C","4185DF22-4586-4C89-A7DC-A98C2E5F9C64","E9A618BA-8D89-49E9-9BEA-EFAC7D808585"
"E0D55247-BB42-477E-9917-4E009965536C","4185DF22-4586-4C89-A7DC-A98C2E5F9C64","F09903EF-D644-4912-8925-037A6ED2844E"
"E0D55247-BB42-477E-9917-4E009965536C","4185DF22-4586-4C89-A7DC-A98C2E5F9C64","F96BE04D-878A-441B-BB24-A906948628F2"
"E0D55247-BB42-477E-9917-4E009965536C","4185DF22-4586-4C89-A7DC-A98C2E5F9C64","FB0724F8-4BB1-435D-99BC-40B77A1F0FA7"
"E0D55247-BB42-477E-9917-4E009965536C","4185DF22-4586-4C89-A7DC-A98C2E5F9C64","FF0FCD38-A9DB-4627-8F2B-89B98B35E2D6"
"15441CEC-87BB-4790-81A5-2D5ADB0A0EDB","41C90329-98F7-4E35-89A9-1F11D3BDA580","ABDB5EE6-D657-4E7F-836F-85D2FC44D957"
"15441CEC-87BB-4790-81A5-2D5ADB0A0EDB","41C90329-98F7-4E35-89A9-1F11D3BDA580","bafab586-f51b-48ef-9d34-fb770310f485"
"AF5CF322-ED17-4E37-862F-1AD3AD4E1DA0","4285CA25-63E4-481A-B8F4-CB3DA7EAE754","A95A946D-B109-47E3-BD3E-9764ED5A83B1"
"316FAC6C-376B-4064-9EF5-85C83A928932","430A35CB-02F5-4F7E-B033-ECCEB469BAF7","63CE7A95-6A85-4E08-A095-DDFC3369AFC5"
"8229E84E-81AD-48A4-9C7F-CB66C58A7076","432B06B9-D5E6-4B7F-AF6D-0F8D23334349","28D9FE37-0A21-4010-9AEC-079ED55BB11C"
"8229E84E-81AD-48A4-9C7F-CB66C58A7076","432B06B9-D5E6-4B7F-AF6D-0F8D23334349","3B7E2D2D-B7B1-4AF7-B5EF-B36A6E9C9088"
"8229E84E-81AD-48A4-9C7F-CB66C58A7076","432B06B9-D5E6-4B7F-AF6D-0F8D23334349","FDD59E5D-115C-4F98-83B5-EAA277EB3620"
"564C3F45-22B7-4FAC-8FA2-C621FFFA52DB","434E9338-B814-4DF7-88A5-575E9221DE55","5A0F24AE-E4AE-412D-B935-5685C1D9B020"
"564C3F45-22B7-4FAC-8FA2-C621FFFA52DB","434E9338-B814-4DF7-88A5-575E9221DE55","985F03FA-3E42-4254-8426-505DE5243FC7"
"823DEDCC-FB78-4FA4-B09E-D4D68C26DE15","43D14EE1-9AA1-4585-A9D6-DA655AF6034A","3076EBE2-9477-4569-B348-FF40944262A4"
"823DEDCC-FB78-4FA4-B09E-D4D68C26DE15","43D14EE1-9AA1-4585-A9D6-DA655AF6034A","4D431F89-E5BE-4434-8447-513762FBBFF4"
"823DEDCC-FB78-4FA4-B09E-D4D68C26DE15","43D14EE1-9AA1-4585-A9D6-DA655AF6034A","9B13D569-3715-401E-B421-10C1706416A1"
"823DEDCC-FB78-4FA4-B09E-D4D68C26DE15","43D14EE1-9AA1-4585-A9D6-DA655AF6034A","A0347E2F-F2CA-404C-AB39-F3E0AE5000FD"
"C1B30408-7B67-42B5-95A3-296B5320DAAE","43EDE0CD-3695-4E30-B083-DA0AA646EED8","1e846d7f-6aff-4590-a504-36bb835c589d"
"38C947EF-32A1-4665-AE49-0C8BFF1B52D7","43EF124C-85A1-4D9C-99D4-BCCBE2B2EA05","030FFFE2-FD3A-4F69-BAE9-557FBC92DA39"
"38C947EF-32A1-4665-AE49-0C8BFF1B52D7","43EF124C-85A1-4D9C-99D4-BCCBE2B2EA05","0895D711-6134-43A9-8E66-0CB5C28C9FDA"
"38C947EF-32A1-4665-AE49-0C8BFF1B52D7","43EF124C-85A1-4D9C-99D4-BCCBE2B2EA05","19329AF9-D9BE-42D3-8984-00610D2825A0"
"38C947EF-32A1-4665-AE49-0C8BFF1B52D7","43EF124C-85A1-4D9C-99D4-BCCBE2B2EA05","2bef731e-b38d-4de3-b61a-5e81cafc210f"
"38C947EF-32A1-4665-AE49-0C8BFF1B52D7","43EF124C-85A1-4D9C-99D4-BCCBE2B2EA05","31509081-9e7b-4a50-abc0-57516efd5a13"
"38C947EF-32A1-4665-AE49-0C8BFF1B52D7","43EF124C-85A1-4D9C-99D4-BCCBE2B2EA05","42AEB4E5-D171-4053-B3F1-D0186AD61A4F"
"38C947EF-32A1-4665-AE49-0C8BFF1B52D7","43EF124C-85A1-4D9C-99D4-BCCBE2B2EA05","55C29BAF-065F-4018-BFAD-7DDB07FD8C9A"
"38C947EF-32A1-4665-AE49-0C8BFF1B52D7","43EF124C-85A1-4D9C-99D4-BCCBE2B2EA05","6F1FA52F-39C0-48F7-A6A8-D20E9013A311"
"38C947EF-32A1-4665-AE49-0C8BFF1B52D7","43EF124C-85A1-4D9C-99D4-BCCBE2B2EA05","C38DE0BA-147C-4A4A-9921-F3642A2C0510"
"46647EEF-8153-4912-878D-10AE3965F630","43F857E7-AB6B-41D4-B940-EE1625792DBD","0CA2AAEA-1145-4ECE-BFEE-1BB20E5595D0"
"46647EEF-8153-4912-878D-10AE3965F630","43F857E7-AB6B-41D4-B940-EE1625792DBD","2163B8F0-B6BC-4CC9-8D50-DD7EAF1A4B83"
"46647EEF-8153-4912-878D-10AE3965F630","43F857E7-AB6B-41D4-B940-EE1625792DBD","2376D663-A843-4E2B-A1A9-9D9F06FE5F97"
"46647EEF-8153-4912-878D-10AE3965F630","43F857E7-AB6B-41D4-B940-EE1625792DBD","294C9ACD-9818-40DE-89D3-8DA411CD3EE8"
"46647EEF-8153-4912-878D-10AE3965F630","43F857E7-AB6B-41D4-B940-EE1625792DBD","39C7EECC-0DC6-49F7-96F8-1666EEB47C3B"
"46647EEF-8153-4912-878D-10AE3965F630","43F857E7-AB6B-41D4-B940-EE1625792DBD","3E6B3870-EE1D-4AEB-979F-5E049C30D44A"
"46647EEF-8153-4912-878D-10AE3965F630","43F857E7-AB6B-41D4-B940-EE1625792DBD","40CC13A7-2584-499C-A4AB-97CCB6B4138D"
"46647EEF-8153-4912-878D-10AE3965F630","43F857E7-AB6B-41D4-B940-EE1625792DBD","4E302C24-94EB-47F6-96A3-6CE3114636DD"
"46647EEF-8153-4912-878D-10AE3965F630","43F857E7-AB6B-41D4-B940-EE1625792DBD","524898A6-3A8A-40EC-8263-9EE42522FE61"
"46647EEF-8153-4912-878D-10AE3965F630","43F857E7-AB6B-41D4-B940-EE1625792DBD","5523988D-A9C2-42AD-95A5-A0C5502205FC"
"46647EEF-8153-4912-878D-10AE3965F630","43F857E7-AB6B-41D4-B940-EE1625792DBD","5CA2369A-2171-4A43-BFF1-E0FBD9FF02AD"
"46647EEF-8153-4912-878D-10AE3965F630","43F857E7-AB6B-41D4-B940-EE1625792DBD","66B28B89-2CC3-4338-8B91-0173CBA703F4"
"46647EEF-8153-4912-878D-10AE3965F630","43F857E7-AB6B-41D4-B940-EE1625792DBD","70E0506F-439E-48DC-9F09-DDAD192A1DBA"
"46647EEF-8153-4912-878D-10AE3965F630","43F857E7-AB6B-41D4-B940-EE1625792DBD","8294B889-D85F-4B6D-BF13-8ED6885433D4"
"46647EEF-8153-4912-878D-10AE3965F630","43F857E7-AB6B-41D4-B940-EE1625792DBD","9AAAAF5D-5E22-42C0-805E-B2FFD8CD6BA8"
"46647EEF-8153-4912-878D-10AE3965F630","43F857E7-AB6B-41D4-B940-EE1625792DBD","9CEC5D9F-960D-4687-A5AA-F0A1DDD97EC3"
"46647EEF-8153-4912-878D-10AE3965F630","43F857E7-AB6B-41D4-B940-EE1625792DBD","9F8ADEEA-C5D3-430E-BF9F-3D28AC499E9F"
"46647EEF-8153-4912-878D-10AE3965F630","43F857E7-AB6B-41D4-B940-EE1625792DBD","A75CD316-9644-4937-A54E-D66D426D5502"
"46647EEF-8153-4912-878D-10AE3965F630","43F857E7-AB6B-41D4-B940-EE1625792DBD","A96F9DCA-8637-4CD6-BE54-260818ECA71C"
"46647EEF-8153-4912-878D-10AE3965F630","43F857E7-AB6B-41D4-B940-EE1625792DBD","AA7F5098-B684-4281-91D9-FCC9F1B881F6"
"46647EEF-8153-4912-878D-10AE3965F630","43F857E7-AB6B-41D4-B940-EE1625792DBD","B20EB7EE-4382-41FA-A636-18E71BE5AE88"
"46647EEF-8153-4912-878D-10AE3965F630","43F857E7-AB6B-41D4-B940-EE1625792DBD","B83FB2BA-B649-459E-80F4-3C31F983CCFB"
"46647EEF-8153-4912-878D-10AE3965F630","43F857E7-AB6B-41D4-B940-EE1625792DBD","B97F008D-6B7D-4170-B0EF-37450C8B0712"
"46647EEF-8153-4912-878D-10AE3965F630","43F857E7-AB6B-41D4-B940-EE1625792DBD","BB4B5FA8-BBA2-4174-BE98-85C858CD0029"
"46647EEF-8153-4912-878D-10AE3965F630","43F857E7-AB6B-41D4-B940-EE1625792DBD","BE98E3F9-89DA-4540-87B8-D791A65A576C"
"46647EEF-8153-4912-878D-10AE3965F630","43F857E7-AB6B-41D4-B940-EE1625792DBD","C688878B-828B-4664-9E4C-FE5CB38BDE7F"
"46647EEF-8153-4912-878D-10AE3965F630","43F857E7-AB6B-41D4-B940-EE1625792DBD","CE54A08B-823B-4908-8E73-7B40BA4B9FAA"
"46647EEF-8153-4912-878D-10AE3965F630","43F857E7-AB6B-41D4-B940-EE1625792DBD","E43A8444-69F7-4FA9-A3B5-792668F8D9C3"
"46647EEF-8153-4912-878D-10AE3965F630","43F857E7-AB6B-41D4-B940-EE1625792DBD","F97DACB5-C56A-4604-8677-D8452CF4BD74"
"INTERVALL","44C33649C1C0175FE594C2B6C0CFEEAD991D","11195e69-5c87-418e-986c-4cb598fc57c0"
"8D0DD8AC-3821-4A20-A0E1-060DDCDF9407","44C47220-6833-4644-97BD-EBE599B82738","ACF757FC-5FDF-4ED1-B00D-6891FC5859C7"
"8D0DD8AC-3821-4A20-A0E1-060DDCDF9407","44C47220-6833-4644-97BD-EBE599B82738","B449CC4F-4359-4570-A38F-5D9C5CF4CC65"
"E8729B4A-3894-45C3-B79B-CD29D3095486","44D8A9C7-8F0D-4052-A404-D0CACD1BA144","8FFEEF6E-E8E1-4905-A679-5CA14EF26DF3"
"044C0112-9FCA-4E07-ACC7-782C8539DB73","45ADF993-065B-4771-9CD5-CD80C2B1B177","4BA78AEA-5879-45E7-A577-026E327C838B"
"044C0112-9FCA-4E07-ACC7-782C8539DB73","45ADF993-065B-4771-9CD5-CD80C2B1B177","D6F8F8EA-F3C7-4E56-B3ED-43AA94023506"
"1B2E408F-D6FB-426F-A7CE-D153421D7DE5","45B2D003-C0A2-4977-80F8-E735775AEF7C","24B87F9E-6642-47AC-ADC4-4D6A92B05810"
"1B2E408F-D6FB-426F-A7CE-D153421D7DE5","45B2D003-C0A2-4977-80F8-E735775AEF7C","383906B7-3A79-4D93-823F-2089F7402D5B"
"1B2E408F-D6FB-426F-A7CE-D153421D7DE5","45B2D003-C0A2-4977-80F8-E735775AEF7C","6A291836-BE81-42EA-9C16-1ABF70456C99"
"1B2E408F-D6FB-426F-A7CE-D153421D7DE5","45B2D003-C0A2-4977-80F8-E735775AEF7C","9C4F93EB-F83A-445E-B693-2AB72ED2E0D0"
"1B2E408F-D6FB-426F-A7CE-D153421D7DE5","45B2D003-C0A2-4977-80F8-E735775AEF7C","C6426098-8B82-4C46-A768-357F3C1B1E4A"
"1B2E408F-D6FB-426F-A7CE-D153421D7DE5","45B2D003-C0A2-4977-80F8-E735775AEF7C","DA1CC4BA-6B34-48FC-939B-D0BAFC0832D1"
"1B2E408F-D6FB-426F-A7CE-D153421D7DE5","45B2D003-C0A2-4977-80F8-E735775AEF7C","F3D73E95-9043-4B52-9ADD-AFB9C172EB78"
"1B2E408F-D6FB-426F-A7CE-D153421D7DE5","45B2D003-C0A2-4977-80F8-E735775AEF7C","FD811A73-C9DA-4D04-9D93-20CFD3425866"
"21F2AD44-50EF-44E0-98C1-467615567535","46D5293E-21E6-472E-8B88-052C2026ADB8","CB8AB976-496A-46C4-ACF5-03B319247BC8"
"4B4BB3C0-2D6F-4445-88DC-5204945DFD52","47B76C0F-CA51-46BD-8A66-9C426CE365F5","1446188D-D9CB-4ECE-87D5-C208CAC7E1AB"
"4B4BB3C0-2D6F-4445-88DC-5204945DFD52","47B76C0F-CA51-46BD-8A66-9C426CE365F5","947E2AEA-DA5F-4B7C-8481-CCE0C9E5FFC7"
"4B4BB3C0-2D6F-4445-88DC-5204945DFD52","47B76C0F-CA51-46BD-8A66-9C426CE365F5","FF01689F-895F-4100-A03E-7E7DE92E5595"
"3D57F317-BE35-42FE-B05B-685282581DAB","47DC6D44-D830-4EAC-94A2-B2EE89407BE5","0F43B3B6-0986-46F2-9151-E04141A14532"
"0F32DC40-4352-4006-810B-5F3D260B9294","4808C641-C2F3-4FD7-801A-FFF3D7374AB9","137B18E8-17AE-4629-B5F7-466045F73C1E"
"0F32DC40-4352-4006-810B-5F3D260B9294","4808C641-C2F3-4FD7-801A-FFF3D7374AB9","2CFE7A71-7DAA-4E49-8983-1CD62D2172AF"
"0F32DC40-4352-4006-810B-5F3D260B9294","4808C641-C2F3-4FD7-801A-FFF3D7374AB9","5BDC367F-DDDB-4D66-AB05-2CDC298A2F99"
"0F32DC40-4352-4006-810B-5F3D260B9294","4808C641-C2F3-4FD7-801A-FFF3D7374AB9","6EBB741A-1002-42A7-893F-CF6B906D47A2"
"0F32DC40-4352-4006-810B-5F3D260B9294","4808C641-C2F3-4FD7-801A-FFF3D7374AB9","95BB9180-454A-4645-80AC-0C77A557C8F6"
"0F32DC40-4352-4006-810B-5F3D260B9294","4808C641-C2F3-4FD7-801A-FFF3D7374AB9","A8866CD8-A665-44A3-B756-9FACFA4627E7"
"0F32DC40-4352-4006-810B-5F3D260B9294","4808C641-C2F3-4FD7-801A-FFF3D7374AB9","BD06EBD8-11E7-4EC3-A294-8F2174B2F890"
"0F32DC40-4352-4006-810B-5F3D260B9294","4808C641-C2F3-4FD7-801A-FFF3D7374AB9","F91335AF-CB22-493C-AD2D-5466E33B4184"
"INTERVALL","4898CE13C8085A5A83F90996BA43457D0BDE","9e7cafd5-dcb8-4743-8ca8-87da090c5ec0"
"EBA0549B-B7EB-49F3-8EF4-417C39D8D4AF","48AEE1E3-8643-4410-96A8-95BC7FE3D4E9","184080da-1448-4f8d-a675-02f21e7a70c4"
"EBA0549B-B7EB-49F3-8EF4-417C39D8D4AF","48AEE1E3-8643-4410-96A8-95BC7FE3D4E9","f01eda15-791d-4816-83b1-4c56f9152b07"
"PER","49345137815DD727AA4DCAA42400D73868C4","848ac789-bb5c-4fdf-8977-8ac865f02b7d"
"D89E3445-A6DE-4CEB-8CAE-38E0EDF532D0","4951E109-6B15-45BB-AB5A-90D18D3F5E8B","04BBBDB3-1092-4E1D-A5A7-73A06F3CC2CF"
"D89E3445-A6DE-4CEB-8CAE-38E0EDF532D0","4951E109-6B15-45BB-AB5A-90D18D3F5E8B","A1B15DE5-B5E7-4645-B07A-FEDB5AA97DB5"
"961BEF44-0478-40F5-976A-55D998BE8A80","49698B41-1B19-4089-9009-83C127945E10","0C3BB741-1D97-47AE-94DB-B9DD9C05400C"
"961BEF44-0478-40F5-976A-55D998BE8A80","49698B41-1B19-4089-9009-83C127945E10","25CE1FE2-F273-449A-81A1-5DF45CC51F62"
"961BEF44-0478-40F5-976A-55D998BE8A80","49698B41-1B19-4089-9009-83C127945E10","9C094249-A8B5-4818-A3E2-E2B33F7FB27D"
"0D5489EB-5890-4618-84F8-E7B735EC7D34","49AFC0DC-AD33-4B0D-813F-97485E97626A","179FFEEA-4687-460A-AB22-B8296D254C50"
"0D5489EB-5890-4618-84F8-E7B735EC7D34","49AFC0DC-AD33-4B0D-813F-97485E97626A","4CFFA7A7-3E79-471B-96E5-AC34C1EEF8FB"
"0D5489EB-5890-4618-84F8-E7B735EC7D34","49AFC0DC-AD33-4B0D-813F-97485E97626A","B729FBAE-647C-4534-9034-764DEFB22109"
"0D5489EB-5890-4618-84F8-E7B735EC7D34","49AFC0DC-AD33-4B0D-813F-97485E97626A","C03A5B99-5567-4CCA-8B33-0114BE30F92C"
"0D5489EB-5890-4618-84F8-E7B735EC7D34","49AFC0DC-AD33-4B0D-813F-97485E97626A","C640AE4B-F08B-4B23-9A49-E9D29F8ADA3C"
"0D5489EB-5890-4618-84F8-E7B735EC7D34","49AFC0DC-AD33-4B0D-813F-97485E97626A","DB28D0E8-54D7-42E2-8279-33B8E88FDA4E"
"0D5489EB-5890-4618-84F8-E7B735EC7D34","49AFC0DC-AD33-4B0D-813F-97485E97626A","E0F59345-B9CF-4C64-BD7A-C75842AD3082"
"3DCA108E-4D13-4410-BD85-D95835A24735","4BA89516-6DD9-42E3-BA78-49178C4C0720","6A160F8C-E580-4477-BCC8-33E7ACA610ED"
"D1062427-A290-4EAD-B20A-52A0CC839D65","4BD68AE2-3613-4585-BD36-AAE524495830","321ED8DA-74C2-4F4F-BDEA-FC453BFF7ACC"
"D1062427-A290-4EAD-B20A-52A0CC839D65","4BD68AE2-3613-4585-BD36-AAE524495830","6CF614C4-A581-4529-A2B2-F64A69BCA143"
"D1062427-A290-4EAD-B20A-52A0CC839D65","4BD68AE2-3613-4585-BD36-AAE524495830","70B5637E-5AEE-460B-BE82-45F48D385518"
"CC45DC09-B098-4E44-AC0B-AC6B603BDC39","4C8E40D4-A58F-4379-89E1-493A36B53F8F","BF052E26-A7D0-4AE6-B9AB-0AA5CB88BDCD"
"C230D49D-05CB-4FBF-90D2-7B05A2879D28","4CD3CBDE-BADF-4F2B-8523-FCB30435AD58","2B16509D-F565-47B1-8138-E601412FA103"
"C230D49D-05CB-4FBF-90D2-7B05A2879D28","4CD3CBDE-BADF-4F2B-8523-FCB30435AD58","33F8919C-A53A-4D05-AD43-3CC2858F3EED"
"C230D49D-05CB-4FBF-90D2-7B05A2879D28","4CD3CBDE-BADF-4F2B-8523-FCB30435AD58","69DBD148-1C69-45ED-8D90-CADAF6407852"
"C230D49D-05CB-4FBF-90D2-7B05A2879D28","4CD3CBDE-BADF-4F2B-8523-FCB30435AD58","76BE3AE2-C016-497E-990B-94B135946C89"
"C230D49D-05CB-4FBF-90D2-7B05A2879D28","4CD3CBDE-BADF-4F2B-8523-FCB30435AD58","86CFF174-273E-4BA4-A93F-F4166A20A778"
"C230D49D-05CB-4FBF-90D2-7B05A2879D28","4CD3CBDE-BADF-4F2B-8523-FCB30435AD58","93AC1267-2004-4088-8AA9-D7D0CFD91D5A"
"C230D49D-05CB-4FBF-90D2-7B05A2879D28","4CD3CBDE-BADF-4F2B-8523-FCB30435AD58","B2352AA5-A592-4CA5-98B4-74A8619F963D"
"889211B7-54DC-4DA4-991F-311471251038","4D1A01D3-2703-4DF3-8A4C-3C811B763284","3E022013-3D24-488F-ABF8-447800994FFF"
"889211B7-54DC-4DA4-991F-311471251038","4D1A01D3-2703-4DF3-8A4C-3C811B763284","7EDCC1D8-9674-4150-A262-B262D4A3760C"
"889211B7-54DC-4DA4-991F-311471251038","4D1A01D3-2703-4DF3-8A4C-3C811B763284","DCA47AD4-8F0E-4817-99EB-B45453E7E927"
"889211B7-54DC-4DA4-991F-311471251038","4D1A01D3-2703-4DF3-8A4C-3C811B763284","FDA04FD4-D1B0-4696-A7B8-516398DFBAC6"
"79C030F8-CBE1-4EB1-9188-AA242C3AEEAD","4D1A87B0-0D63-4D5D-8F01-F950B0FE52B8","41A30F9A-EEA6-47EE-A389-63B35C1C4778"
"79C030F8-CBE1-4EB1-9188-AA242C3AEEAD","4D1A87B0-0D63-4D5D-8F01-F950B0FE52B8","8d025084-7253-4d65-babf-81cc73dec98c"
"79C030F8-CBE1-4EB1-9188-AA242C3AEEAD","4D1A87B0-0D63-4D5D-8F01-F950B0FE52B8","B1705550-E16C-4677-B275-ED3B80541F98"
"79C030F8-CBE1-4EB1-9188-AA242C3AEEAD","4D1A87B0-0D63-4D5D-8F01-F950B0FE52B8","d6c8ebc4-d24c-4371-9aa2-2f33983da34a"
"PER","4D24BCA0C2748E548B93E5912F1EC69F2166","a0bf9c3d-c4e8-4cbc-94ad-eabc992344a0"
"9CC279C2-03FC-4D8A-A7EC-FA83E20A9A50","4D7620ED-7556-4749-98E3-100C8A98F350","5CAAEF2B-D1B0-4C16-AB0D-9B3835BC47E3"
"68F44D58-F415-4579-97FA-C10F5476AEE3","4DCB3842-D332-4A06-9C45-9A1FF1074F4E","05BAC626-9250-4EF5-A20B-19AD4674CA01"
"68F44D58-F415-4579-97FA-C10F5476AEE3","4DCB3842-D332-4A06-9C45-9A1FF1074F4E","45130366-D07D-4C56-ACCB-950A3207AEB5"
"FDF83823-6A90-4481-A2EE-6800C7B65D28","4E01E719-7B1B-4AAF-8767-177EA3FD22C9","F3E72C1B-4E6E-43A6-8DE1-66E1105D3E3C"
"5E9E5869-0553-4071-AA64-F504476093DA","4E60FC2A-ADDD-4E5F-9844-951DEE6A03D5","4842BCB9-C55A-4839-B928-76DC1448B223"
"5E9E5869-0553-4071-AA64-F504476093DA","4E60FC2A-ADDD-4E5F-9844-951DEE6A03D5","97858631-4BA4-4DC6-A14C-E20103763612"
"298EBF11-2A42-4235-9896-E10F227A2062","4EAAE706-F22A-420A-BF96-3932A364AECF","6B3D6C8C-B749-4AF4-87DB-C7398CD5E659"
"298EBF11-2A42-4235-9896-E10F227A2062","4EAAE706-F22A-420A-BF96-3932A364AECF","DCFE2510-68F4-4218-A742-C83C8E00AA45"
"298EBF11-2A42-4235-9896-E10F227A2062","4EAAE706-F22A-420A-BF96-3932A364AECF","F3F7FF66-FA31-407D-A797-DEB5B2171548"
"298EBF11-2A42-4235-9896-E10F227A2062","4EAAE706-F22A-420A-BF96-3932A364AECF","F7C6AC27-1B9B-4554-8576-B7D26E2DD5F2"
"28482138-AC00-4C8A-A348-85DAF25E06D8","4F0FF67A-5666-437A-A246-F0F0526A6A94","27a41989-f545-4d8a-8517-9c45f5fb3553"
"28482138-AC00-4C8A-A348-85DAF25E06D8","4F0FF67A-5666-437A-A246-F0F0526A6A94","9BD0FDF2-FA7B-4DCF-96BC-D6E773937B9C"
"2B22091A-4307-45CB-97B9-FE765F3A114A","4F377C8F-4DB3-40E7-BA57-BB2D1C1E9327","64A7CF13-C216-439B-A4F9-4CFA80363301"
"2B22091A-4307-45CB-97B9-FE765F3A114A","4F377C8F-4DB3-40E7-BA57-BB2D1C1E9327","6D8E29A6-A239-464B-8942-B0C9ECA3B1ED"
"4C797743-D1D6-4A46-A114-823653463BBD","4F5821FC-9237-4F5B-BDE6-11E836B3052E","0212E57C-48FA-4544-9328-D404A66056E1"
"4C797743-D1D6-4A46-A114-823653463BBD","4F5821FC-9237-4F5B-BDE6-11E836B3052E","04CE33F7-84FB-4F28-8E60-DFAD53FF10B1"
"4C797743-D1D6-4A46-A114-823653463BBD","4F5821FC-9237-4F5B-BDE6-11E836B3052E","0730E5E7-2FC6-45A9-87B4-A7034DABE89D"
"4C797743-D1D6-4A46-A114-823653463BBD","4F5821FC-9237-4F5B-BDE6-11E836B3052E","0CF64A1B-A88C-4A06-B85A-AD3BF5D026EE"
"4C797743-D1D6-4A46-A114-823653463BBD","4F5821FC-9237-4F5B-BDE6-11E836B3052E","10DAB0B2-691C-4E28-A57F-197D37EB4746"
"4C797743-D1D6-4A46-A114-823653463BBD","4F5821FC-9237-4F5B-BDE6-11E836B3052E","1872A5B0-19C4-4780-95CB-FE900AEE49FC"
"4C797743-D1D6-4A46-A114-823653463BBD","4F5821FC-9237-4F5B-BDE6-11E836B3052E","1A116B7D-B8F7-4BDA-B446-5F7A93E6D270"
"4C797743-D1D6-4A46-A114-823653463BBD","4F5821FC-9237-4F5B-BDE6-11E836B3052E","1AD1A2CC-64C8-4575-A7CE-99205B15128C"
"4C797743-D1D6-4A46-A114-823653463BBD","4F5821FC-9237-4F5B-BDE6-11E836B3052E","2712EF47-5051-497F-BAD0-9D5A6FA2818D"
"4C797743-D1D6-4A46-A114-823653463BBD","4F5821FC-9237-4F5B-BDE6-11E836B3052E","2A2B06AA-FABB-44E5-89E0-8E3D14E8B1CC"
"4C797743-D1D6-4A46-A114-823653463BBD","4F5821FC-9237-4F5B-BDE6-11E836B3052E","356872CD-2DF7-492A-BE4F-FAA9D77A4E39"
"4C797743-D1D6-4A46-A114-823653463BBD","4F5821FC-9237-4F5B-BDE6-11E836B3052E","377D340C-8FE0-4FA5-B05B-B717E856368D"
"4C797743-D1D6-4A46-A114-823653463BBD","4F5821FC-9237-4F5B-BDE6-11E836B3052E","3809239B-A4DC-4491-88F8-4419F93AAA66"
"4C797743-D1D6-4A46-A114-823653463BBD","4F5821FC-9237-4F5B-BDE6-11E836B3052E","4E8A6208-0A55-4C62-A930-3C4622282226"
"4C797743-D1D6-4A46-A114-823653463BBD","4F5821FC-9237-4F5B-BDE6-11E836B3052E","51A2C6DF-9C37-4B53-9353-2CC656C0C524"
"4C797743-D1D6-4A46-A114-823653463BBD","4F5821FC-9237-4F5B-BDE6-11E836B3052E","5682A005-5154-48FF-A5B1-6E174C905771"
"4C797743-D1D6-4A46-A114-823653463BBD","4F5821FC-9237-4F5B-BDE6-11E836B3052E","5B6CBED4-35C1-4304-803A-626DAC7DFD6A"
"4C797743-D1D6-4A46-A114-823653463BBD","4F5821FC-9237-4F5B-BDE6-11E836B3052E","665E8A00-3654-4DF9-B4E8-EDBAD3A6DA7A"
"4C797743-D1D6-4A46-A114-823653463BBD","4F5821FC-9237-4F5B-BDE6-11E836B3052E","6AD7CE2C-E630-4A9E-9631-FF188C8C0FA3"
"4C797743-D1D6-4A46-A114-823653463BBD","4F5821FC-9237-4F5B-BDE6-11E836B3052E","6D37CCD2-C252-4ED1-8AEB-F9C3654AF712"
"4C797743-D1D6-4A46-A114-823653463BBD","4F5821FC-9237-4F5B-BDE6-11E836B3052E","6ECF7874-7333-4BB4-8B5A-4E13FF6C050D"
"4C797743-D1D6-4A46-A114-823653463BBD","4F5821FC-9237-4F5B-BDE6-11E836B3052E","7735C416-54C6-4712-9FAB-BEE23FB40D10"
"4C797743-D1D6-4A46-A114-823653463BBD","4F5821FC-9237-4F5B-BDE6-11E836B3052E","7C67681C-AF4C-408B-ACA3-245B14C19686"
"4C797743-D1D6-4A46-A114-823653463BBD","4F5821FC-9237-4F5B-BDE6-11E836B3052E","89E82912-32A3-4AAB-952E-232D9884A437"
"4C797743-D1D6-4A46-A114-823653463BBD","4F5821FC-9237-4F5B-BDE6-11E836B3052E","978B1AAF-2257-4D95-B0AA-AE9825073FF3"
"4C797743-D1D6-4A46-A114-823653463BBD","4F5821FC-9237-4F5B-BDE6-11E836B3052E","9A4745A1-9366-4C74-91F7-60AA026CD497"
"4C797743-D1D6-4A46-A114-823653463BBD","4F5821FC-9237-4F5B-BDE6-11E836B3052E","9BA3D57B-4573-4EE3-BABF-03FE02B55F4E"
"4C797743-D1D6-4A46-A114-823653463BBD","4F5821FC-9237-4F5B-BDE6-11E836B3052E","A626DFDC-FA43-4DD7-A154-04BB5609C020"
"4C797743-D1D6-4A46-A114-823653463BBD","4F5821FC-9237-4F5B-BDE6-11E836B3052E","A91D4BCB-E469-44C0-9744-1872363D980A"
"4C797743-D1D6-4A46-A114-823653463BBD","4F5821FC-9237-4F5B-BDE6-11E836B3052E","AD9C0AA0-BD03-45D7-9866-D557F9AF22F6"
"4C797743-D1D6-4A46-A114-823653463BBD","4F5821FC-9237-4F5B-BDE6-11E836B3052E","B6B4F674-BBC3-4C97-B5A5-3E0F6A03C6EC"
"4C797743-D1D6-4A46-A114-823653463BBD","4F5821FC-9237-4F5B-BDE6-11E836B3052E","BADFAB88-CB09-4B0A-A0A2-E418BA170B39"
"4C797743-D1D6-4A46-A114-823653463BBD","4F5821FC-9237-4F5B-BDE6-11E836B3052E","BBC7C938-D4D7-4B47-BD56-85E5B332EC49"
"4C797743-D1D6-4A46-A114-823653463BBD","4F5821FC-9237-4F5B-BDE6-11E836B3052E","C47535FE-A1B9-4C8B-91C1-1A09CBEA9146"
"4C797743-D1D6-4A46-A114-823653463BBD","4F5821FC-9237-4F5B-BDE6-11E836B3052E","DBAD2BBF-81A3-437C-9745-75E32D5F4E2F"
"4C797743-D1D6-4A46-A114-823653463BBD","4F5821FC-9237-4F5B-BDE6-11E836B3052E","DBE1F7A8-8D59-4A91-A719-150B3ECEBC97"
"4C797743-D1D6-4A46-A114-823653463BBD","4F5821FC-9237-4F5B-BDE6-11E836B3052E","DCD3B077-842A-4BD9-A166-7FAAFE05F1F7"
"4C797743-D1D6-4A46-A114-823653463BBD","4F5821FC-9237-4F5B-BDE6-11E836B3052E","DFB6E600-61AB-45A2-9C2B-F9C0693C48A5"
"4C797743-D1D6-4A46-A114-823653463BBD","4F5821FC-9237-4F5B-BDE6-11E836B3052E","E57E5FE3-17E6-4841-B4E0-F48183811F8D"
"4C797743-D1D6-4A46-A114-823653463BBD","4F5821FC-9237-4F5B-BDE6-11E836B3052E","E892FBE3-EF45-4F71-82C5-4D8E38337E43"
"4C797743-D1D6-4A46-A114-823653463BBD","4F5821FC-9237-4F5B-BDE6-11E836B3052E","E9909E91-28F6-4DC9-B42E-70F88A5A40D4"
"4C797743-D1D6-4A46-A114-823653463BBD","4F5821FC-9237-4F5B-BDE6-11E836B3052E","ED6DE8DF-E525-45C5-A8C4-006E77EF31EA"
"8AB376B9-D2B6-4ACE-A97B-C2C031150433","50C7E914-8ED6-47FF-89BA-608F9B022EE6","98b4c93f-dcbf-4000-ac79-fdf749e78f56"
"42EA2701-8DDF-4A05-97C1-AFB7E851CF94","516C30BC-A83E-479C-A538-B4906B52BE4D","38C265E8-F51A-4473-8CAD-984F0CDB5276"
"06F6EE18-E7B8-4D6F-AE37-DD513A2BE94B","51A43597-86AA-44AA-833E-FB0CF894A985","F55B7D4F-5CC9-4808-B67A-34AC5D669B50"
"728D2514-63D9-49FC-8BBC-B71A7C74E8E8","51B80434-D8D1-45F2-97BB-1C385FC00EA3","EA0E289D-1563-4691-8AC7-79755D5C790C"
"C17F2794-77EF-4BA1-928C-A83D4EE213E6","51D1043D-1448-451C-A644-69F6C1609A02","AFD8E11E-C9F2-4D9A-8E2A-17D5BA821B74"
"5AB46715-24DA-43C4-8C9A-5CA4142158DB","5247C4CC-8859-4660-BC2B-E18C093E0DCC","18116011-3481-41A4-878B-B642417AC6A9"
"7FD92847-0A4B-4084-8066-93284D49B4A4","52694412-C84F-43CA-BC46-6FC264E48669","F1FE1F51-7CA6-4241-A7E3-DC72D13E68EC"
"B6F03C73-F4EF-49ED-A630-66972CF13506","52785B4C-25A9-480B-98E4-661DEA1FA46E","0016B646-7EDE-41C7-96EF-E62CAD3C1901"
"B6F03C73-F4EF-49ED-A630-66972CF13506","52785B4C-25A9-480B-98E4-661DEA1FA46E","07053B2D-19BC-4099-B0A9-64E95F8860A5"
"B6F03C73-F4EF-49ED-A630-66972CF13506","52785B4C-25A9-480B-98E4-661DEA1FA46E","091F5BF1-5195-4C57-9720-E8BF4A1083F2"
"B6F03C73-F4EF-49ED-A630-66972CF13506","52785B4C-25A9-480B-98E4-661DEA1FA46E","09A9D0E8-2F81-4279-9BD7-C2C4833D1275"
"B6F03C73-F4EF-49ED-A630-66972CF13506","52785B4C-25A9-480B-98E4-661DEA1FA46E","0A99AEE8-0C74-49C0-8AB4-1D987D2E3795"
"B6F03C73-F4EF-49ED-A630-66972CF13506","52785B4C-25A9-480B-98E4-661DEA1FA46E","1023B6D0-5BCE-423A-A0DC-705CED555C36"
"B6F03C73-F4EF-49ED-A630-66972CF13506","52785B4C-25A9-480B-98E4-661DEA1FA46E","13A22221-9A4A-41F5-AF97-10515E6F65DD"
"B6F03C73-F4EF-49ED-A630-66972CF13506","52785B4C-25A9-480B-98E4-661DEA1FA46E","16CA0E17-B164-434E-83F0-E3450F3B85F5"
"B6F03C73-F4EF-49ED-A630-66972CF13506","52785B4C-25A9-480B-98E4-661DEA1FA46E","1E1C07DA-BC28-4FCD-982E-9A1D9E0AA98B"
"B6F03C73-F4EF-49ED-A630-66972CF13506","52785B4C-25A9-480B-98E4-661DEA1FA46E","27F21C11-4402-46D3-A603-4B8E42D528CE"
"B6F03C73-F4EF-49ED-A630-66972CF13506","52785B4C-25A9-480B-98E4-661DEA1FA46E","28F8FC91-3B88-425B-94D7-09039F3396FB"
"B6F03C73-F4EF-49ED-A630-66972CF13506","52785B4C-25A9-480B-98E4-661DEA1FA46E","3CEE4530-D071-4FA1-9D75-087E9F14B8E8"
"B6F03C73-F4EF-49ED-A630-66972CF13506","52785B4C-25A9-480B-98E4-661DEA1FA46E","40b6d645-9b61-48a1-aa4c-b82b787aebc5"
"B6F03C73-F4EF-49ED-A630-66972CF13506","52785B4C-25A9-480B-98E4-661DEA1FA46E","419E4285-5E42-4C45-A507-83802B331C5C"
"B6F03C73-F4EF-49ED-A630-66972CF13506","52785B4C-25A9-480B-98E4-661DEA1FA46E","4C39DA4E-0A59-4190-9D8D-E329CC563644"
"B6F03C73-F4EF-49ED-A630-66972CF13506","52785B4C-25A9-480B-98E4-661DEA1FA46E","55F89069-D88E-4BB1-B13A-65409F4CAD3F"
"B6F03C73-F4EF-49ED-A630-66972CF13506","52785B4C-25A9-480B-98E4-661DEA1FA46E","5785BBDE-21BA-40E9-88DF-301DBD0BAF8F"
"B6F03C73-F4EF-49ED-A630-66972CF13506","52785B4C-25A9-480B-98E4-661DEA1FA46E","5BBE6910-2633-4EE2-8A58-448FD8E1722D"
"B6F03C73-F4EF-49ED-A630-66972CF13506","52785B4C-25A9-480B-98E4-661DEA1FA46E","5DE065C3-03A5-4CA5-BCAD-8104CB034BE0"
"3836AF98-5AB5-403A-B14B-408B1662F35F","DFD2CA06-88B0-47CB-96D9-FB2E32EF6228","52C0073D-C864-4DBE-AC41-B6A45DFBCFBE"
"3836AF98-5AB5-403A-B14B-408B1662F35F","DFD2CA06-88B0-47CB-96D9-FB2E32EF6228","54E63D2B-8B11-4085-80C7-0319D884ACB3"
"3836AF98-5AB5-403A-B14B-408B1662F35F","DFD2CA06-88B0-47CB-96D9-FB2E32EF6228","56632358-A7F3-4840-BDFE-F2A033D3FA9E"
"3836AF98-5AB5-403A-B14B-408B1662F35F","DFD2CA06-88B0-47CB-96D9-FB2E32EF6228","6DB5EC78-7330-4AF5-9CEA-9C8B973D70C4"
"3836AF98-5AB5-403A-B14B-408B1662F35F","DFD2CA06-88B0-47CB-96D9-FB2E32EF6228","76694F29-6DD9-4337-ADD0-4F2D451AFB37"
"3836AF98-5AB5-403A-B14B-408B1662F35F","DFD2CA06-88B0-47CB-96D9-FB2E32EF6228","8BE9C5DB-B760-475F-BFDC-89980DB0606B"
"3836AF98-5AB5-403A-B14B-408B1662F35F","DFD2CA06-88B0-47CB-96D9-FB2E32EF6228","91819BD0-B059-4AF5-B9B0-FCE0BE826489"
"3836AF98-5AB5-403A-B14B-408B1662F35F","DFD2CA06-88B0-47CB-96D9-FB2E32EF6228","99995AC3-704A-4834-A85C-FFBE508E4199"
"3836AF98-5AB5-403A-B14B-408B1662F35F","DFD2CA06-88B0-47CB-96D9-FB2E32EF6228","99B0B5AF-AF77-4461-ADDA-CA90B4D05D52"
"3836AF98-5AB5-403A-B14B-408B1662F35F","DFD2CA06-88B0-47CB-96D9-FB2E32EF6228","99CA28A3-AE22-4D07-930B-D699CDB3917E"
"3836AF98-5AB5-403A-B14B-408B1662F35F","DFD2CA06-88B0-47CB-96D9-FB2E32EF6228","9D888AFB-2AA0-4AF1-8435-321BEF510172"
"3836AF98-5AB5-403A-B14B-408B1662F35F","DFD2CA06-88B0-47CB-96D9-FB2E32EF6228","9FD56758-89ED-460B-AA42-59174F78469D"
"3836AF98-5AB5-403A-B14B-408B1662F35F","DFD2CA06-88B0-47CB-96D9-FB2E32EF6228","AC24367A-9D95-4DB5-BDE5-FB67AC23696A"
"3836AF98-5AB5-403A-B14B-408B1662F35F","DFD2CA06-88B0-47CB-96D9-FB2E32EF6228","AC7B97F9-A779-4724-8786-B8CE9CA30AAC"
"3836AF98-5AB5-403A-B14B-408B1662F35F","DFD2CA06-88B0-47CB-96D9-FB2E32EF6228","BC7140A8-3828-4C10-8123-BCE451129BF7"
"3836AF98-5AB5-403A-B14B-408B1662F35F","DFD2CA06-88B0-47CB-96D9-FB2E32EF6228","BCBCDF84-0394-4144-BDBF-7074D7B765C5"
"3836AF98-5AB5-403A-B14B-408B1662F35F","DFD2CA06-88B0-47CB-96D9-FB2E32EF6228","CEC138B4-BD65-4FD7-A229-F4978FF59238"
"3836AF98-5AB5-403A-B14B-408B1662F35F","DFD2CA06-88B0-47CB-96D9-FB2E32EF6228","CED3639A-DE55-407B-B55F-C1257353CFE6"
"3836AF98-5AB5-403A-B14B-408B1662F35F","DFD2CA06-88B0-47CB-96D9-FB2E32EF6228","D1D49A7B-7542-41A6-BFB8-A42DD7890BD1"
"3836AF98-5AB5-403A-B14B-408B1662F35F","DFD2CA06-88B0-47CB-96D9-FB2E32EF6228","EF654BAE-2F1D-493A-9543-95A32944F2C6"
"A3B93242-1A92-4BFD-AD85-944C79C1AF32","079F653B-FA74-4298-A27E-272D6343284D","D2B93DBF-36B0-4246-9965-BF115C97D893"
"A3B93242-1A92-4BFD-AD85-944C79C1AF32","079F653B-FA74-4298-A27E-272D6343284D","D3A5D3DC-2DAD-4ACA-809A-BE986C253196"
"A3B93242-1A92-4BFD-AD85-944C79C1AF32","079F653B-FA74-4298-A27E-272D6343284D","D48A151F-DA00-4F54-A1C6-7E82653C350E"
"A3B93242-1A92-4BFD-AD85-944C79C1AF32","079F653B-FA74-4298-A27E-272D6343284D","D4BB9F39-0B6D-44BA-8444-5117A335C7E3"
"A3B93242-1A92-4BFD-AD85-944C79C1AF32","079F653B-FA74-4298-A27E-272D6343284D","D5839891-AE04-422E-9E4F-3620A4BE3639"
"A3B93242-1A92-4BFD-AD85-944C79C1AF32","079F653B-FA74-4298-A27E-272D6343284D","D9A8F306-F582-41C0-994F-4E943CB9F3A1"
"A3B93242-1A92-4BFD-AD85-944C79C1AF32","079F653B-FA74-4298-A27E-272D6343284D","d9f6727c-0cf8-4a1d-a936-503a42e3f742"
"A3B93242-1A92-4BFD-AD85-944C79C1AF32","079F653B-FA74-4298-A27E-272D6343284D","DB593BD8-D2E3-4E9B-BE1E-3C4948010970"
"A3B93242-1A92-4BFD-AD85-944C79C1AF32","079F653B-FA74-4298-A27E-272D6343284D","DD120DE9-0D83-4C77-B6BE-64F717EEC778"
"A3B93242-1A92-4BFD-AD85-944C79C1AF32","079F653B-FA74-4298-A27E-272D6343284D","DDE399D2-160B-4846-8667-A63E268E703E"
"A3B93242-1A92-4BFD-AD85-944C79C1AF32","079F653B-FA74-4298-A27E-272D6343284D","DE8DC445-6CA2-4344-8AAE-C3D388976B14"
"A3B93242-1A92-4BFD-AD85-944C79C1AF32","079F653B-FA74-4298-A27E-272D6343284D","E2A12BAC-AAA4-473A-9B11-3619F3C66CFC"
"A3B93242-1A92-4BFD-AD85-944C79C1AF32","079F653B-FA74-4298-A27E-272D6343284D","E386B612-E550-4B05-8AB9-79A964AE8652"
"A3B93242-1A92-4BFD-AD85-944C79C1AF32","079F653B-FA74-4298-A27E-272D6343284D","E5194435-ED64-42D8-B5E9-65A689C37310"
"A3B93242-1A92-4BFD-AD85-944C79C1AF32","079F653B-FA74-4298-A27E-272D6343284D","E6E65AA1-3FC9-4F25-9F7C-FCB342E537AD"
"A3B93242-1A92-4BFD-AD85-944C79C1AF32","079F653B-FA74-4298-A27E-272D6343284D","E780C4A0-B4ED-4AEF-BC09-EED9167C4967"
"A3B93242-1A92-4BFD-AD85-944C79C1AF32","079F653B-FA74-4298-A27E-272D6343284D","E8923497-9135-4C5B-BF99-1FDF49098747"
"A3B93242-1A92-4BFD-AD85-944C79C1AF32","079F653B-FA74-4298-A27E-272D6343284D","E972A227-5F7C-4740-B49E-EB3F36F9E265"
"A3B93242-1A92-4BFD-AD85-944C79C1AF32","079F653B-FA74-4298-A27E-272D6343284D","EC4CBF5C-54F8-4CA3-8E9B-EE1E7BAC9973"
"A3B93242-1A92-4BFD-AD85-944C79C1AF32","079F653B-FA74-4298-A27E-272D6343284D","ED00E7C7-19E2-49CD-BB63-269791241D48"
"A3B93242-1A92-4BFD-AD85-944C79C1AF32","079F653B-FA74-4298-A27E-272D6343284D","ED86FF23-FA25-4A8A-BF0F-928DC118F829"
"A3B93242-1A92-4BFD-AD85-944C79C1AF32","079F653B-FA74-4298-A27E-272D6343284D","EDB4DF8B-8085-48B2-A421-EBA63D0A2829"
"A3B93242-1A92-4BFD-AD85-944C79C1AF32","079F653B-FA74-4298-A27E-272D6343284D","EE04D191-FB34-4F17-9144-C16162677BDF"
"A3B93242-1A92-4BFD-AD85-944C79C1AF32","079F653B-FA74-4298-A27E-272D6343284D","EF07F99D-74AC-480E-AAEF-6D7683CB5E09"
"A3B93242-1A92-4BFD-AD85-944C79C1AF32","079F653B-FA74-4298-A27E-272D6343284D","EF1D771B-03E7-4B95-BCBF-6ED79761375E"
"A3B93242-1A92-4BFD-AD85-944C79C1AF32","079F653B-FA74-4298-A27E-272D6343284D","EF95E3AF-2466-46DA-93EC-041598A24E17"
"A3B93242-1A92-4BFD-AD85-944C79C1AF32","079F653B-FA74-4298-A27E-272D6343284D","F12274D6-D78C-4DBB-8221-EFFA776506BB"
"A3B93242-1A92-4BFD-AD85-944C79C1AF32","079F653B-FA74-4298-A27E-272D6343284D","F15EFF79-EB98-4FEE-8383-19CB2DBACAC0"
"A3B93242-1A92-4BFD-AD85-944C79C1AF32","079F653B-FA74-4298-A27E-272D6343284D","f1b3a352-038e-4dd1-b3e0-e272bb45eaf4"
"A3B93242-1A92-4BFD-AD85-944C79C1AF32","079F653B-FA74-4298-A27E-272D6343284D","F3219C1C-BCE9-47E8-B5D3-353E0985AF47"
"A3B93242-1A92-4BFD-AD85-944C79C1AF32","079F653B-FA74-4298-A27E-272D6343284D","F496EC75-BB6E-4E02-A534-0BEE9425FD6B"
"A3B93242-1A92-4BFD-AD85-944C79C1AF32","079F653B-FA74-4298-A27E-272D6343284D","F4A828A7-1655-4575-B98A-4CA25BED158A"
"A3B93242-1A92-4BFD-AD85-944C79C1AF32","079F653B-FA74-4298-A27E-272D6343284D","f57092d1-a496-44b0-812e-8778fb9c957a"
"A3B93242-1A92-4BFD-AD85-944C79C1AF32","079F653B-FA74-4298-A27E-272D6343284D","F80E1561-03E6-4A55-8B32-A6262805FD2B"
"A3B93242-1A92-4BFD-AD85-944C79C1AF32","079F653B-FA74-4298-A27E-272D6343284D","f8998f55-41f4-4a84-9c51-3cb515add6a4"
"A3B93242-1A92-4BFD-AD85-944C79C1AF32","079F653B-FA74-4298-A27E-272D6343284D","F9E82F7F-F177-45A1-925D-D646040718AB"
"A3B93242-1A92-4BFD-AD85-944C79C1AF32","079F653B-FA74-4298-A27E-272D6343284D","FB91E428-6ECB-4E31-8447-6B35581CB144"
"A3B93242-1A92-4BFD-AD85-944C79C1AF32","079F653B-FA74-4298-A27E-272D6343284D","FBE1CB03-4735-4FFB-8C19-E9BB035DD7B9"
"A3B93242-1A92-4BFD-AD85-944C79C1AF32","079F653B-FA74-4298-A27E-272D6343284D","FCD8EA5D-74E4-4264-AEA1-0430253488A9"
"A3B93242-1A92-4BFD-AD85-944C79C1AF32","079F653B-FA74-4298-A27E-272D6343284D","FE7AEB6A-13BE-45D9-A2AF-C02FC52B9E16"
"A3B93242-1A92-4BFD-AD85-944C79C1AF32","079F653B-FA74-4298-A27E-272D6343284D","FF98C6F0-8EAB-41BD-93C4-43A68699B0D7"
"PER","0836C6F1F5D395E85B3C19224A99B2179FE5","019d3e4b-e231-4153-ad5a-2a4b1f285003"
"4FA4A175-2477-4720-B42C-337C10E27300","08CACAA3-127C-4AF9-8CFC-D84DCAA29DAC","70AE4391-12EB-4564-82FC-A3EF1DA1D957"
"4FA4A175-2477-4720-B42C-337C10E27300","08CACAA3-127C-4AF9-8CFC-D84DCAA29DAC","842D2BBF-39C3-4D31-AA1C-1DB48256367E"
"8B448A9D-1A48-42DC-B5C5-665F3742FB00","08E1B5F7-AEDA-477F-9FEC-15393402D09C","124D057E-9FEB-4B10-8976-B4D7E1C6E99A"
"PER","098859DDADFEA877FFEA191C8D4A635E659E","8f237bfc-85f6-4ecd-b3ed-1f50a1373f6f"
"FD1E330F-8428-4DF6-95D2-AD88D659174B","09C9D5FA-D6DD-4A39-B867-83F16DD6060A","851E6381-7CD7-4728-A474-2488D8997775"
"FD1E330F-8428-4DF6-95D2-AD88D659174B","09C9D5FA-D6DD-4A39-B867-83F16DD6060A","BA2110BF-80F8-47A3-BEF6-857204BA0E60"
"B0027C86-87E4-4EA4-823A-912C3708A010","0A409FB4-7975-4A04-B812-41ACB424883A","04CA9442-A089-4D8F-9A49-A7AE1F8A5183"
"B0027C86-87E4-4EA4-823A-912C3708A010","0A409FB4-7975-4A04-B812-41ACB424883A","22FCED3D-B3A8-4F84-AB38-64FC0B622A92"
"B0027C86-87E4-4EA4-823A-912C3708A010","0A409FB4-7975-4A04-B812-41ACB424883A","31E5283C-FE4B-4CF1-80C4-5C1BB65A3485"
"B0027C86-87E4-4EA4-823A-912C3708A010","0A409FB4-7975-4A04-B812-41ACB424883A","7C7274A8-5128-4C0F-BE50-A3BC896D58F3"
"B0027C86-87E4-4EA4-823A-912C3708A010","0A409FB4-7975-4A04-B812-41ACB424883A","96B1849A-3F67-4865-A095-F448CDCE7786"
"B0027C86-87E4-4EA4-823A-912C3708A010","0A409FB4-7975-4A04-B812-41ACB424883A","EAA1C4E2-411D-4053-A72E-CFB804665F51"
"B0027C86-87E4-4EA4-823A-912C3708A010","0A409FB4-7975-4A04-B812-41ACB424883A","F1FCA23D-5CC2-4E9C-9D04-03E56BCA6AAE"
"AA3D120D-852E-4ADF-B310-927EB45E4599","0AB0F5B5-7FB1-4409-9C3F-9242C8964B47","44726FD1-27DB-4771-9603-E62999A126B6"
"AA3D120D-852E-4ADF-B310-927EB45E4599","0AB0F5B5-7FB1-4409-9C3F-9242C8964B47","53343B20-C834-4E4B-8509-9170DD366131"
"AA3D120D-852E-4ADF-B310-927EB45E4599","0AB0F5B5-7FB1-4409-9C3F-9242C8964B47","6A757321-3576-48B1-8161-B819321CEBF6"
"AA3D120D-852E-4ADF-B310-927EB45E4599","0AB0F5B5-7FB1-4409-9C3F-9242C8964B47","82090DCF-78AF-4788-A443-2C5E17C0D02A"
"AA3D120D-852E-4ADF-B310-927EB45E4599","0AB0F5B5-7FB1-4409-9C3F-9242C8964B47","8D12F89D-297B-48AE-9A40-E7FE22357A0F"
"AA3D120D-852E-4ADF-B310-927EB45E4599","0AB0F5B5-7FB1-4409-9C3F-9242C8964B47","966A9B3B-D0D9-44F0-A6D9-F3ADB3335F45"
"ED55E293-02B8-4F06-AEE8-0DF756560CD8","0AB7B4F6-15C0-40EA-9EA8-6CCB6B3F9989","1af09c1c-c358-41ab-a04a-ff98c6f64a79"
"ED55E293-02B8-4F06-AEE8-0DF756560CD8","0AB7B4F6-15C0-40EA-9EA8-6CCB6B3F9989","37F17ED1-7E8C-4042-B933-609242306305"
"ED55E293-02B8-4F06-AEE8-0DF756560CD8","0AB7B4F6-15C0-40EA-9EA8-6CCB6B3F9989","53687c9d-2c7d-403a-9ed4-f94dfa68b383"
"ED55E293-02B8-4F06-AEE8-0DF756560CD8","0AB7B4F6-15C0-40EA-9EA8-6CCB6B3F9989","739557D8-5105-4D07-B62C-CBD9B21436D0"
"ED55E293-02B8-4F06-AEE8-0DF756560CD8","0AB7B4F6-15C0-40EA-9EA8-6CCB6B3F9989","B74C8221-8E2F-4265-A299-5DF3726E0F9B"
"BBCHStadium","0AD043952594D575216CFD9BB69ECCD09884","30800a3f-1325-4afb-ae72-a8d7771c237f"
"D18BD99E-A248-4EFD-AE08-C1D7864B695E","0B301827-986D-449A-BADD-75CCEC09D06F","4CF64681-A1BF-4541-B223-7B2CB4DA605B"
"D18BD99E-A248-4EFD-AE08-C1D7864B695E","0B301827-986D-449A-BADD-75CCEC09D06F","C99E1F1C-B0A7-4E7F-911B-3C0607D17435"
"2192B086-3F01-4854-8F95-368EE3D04159","0B63DAE3-7E9A-4198-AC75-DDFFD39BDA98","724E1C32-D615-4C08-9A0A-88E9EA914A79"
"2192B086-3F01-4854-8F95-368EE3D04159","0B63DAE3-7E9A-4198-AC75-DDFFD39BDA98","74F21EAC-244B-476B-B3CC-CE27FE612404"
"2192B086-3F01-4854-8F95-368EE3D04159","0B63DAE3-7E9A-4198-AC75-DDFFD39BDA98","7A70DFB6-07A8-4E39-BA4F-2ADBC61AA762"
"2192B086-3F01-4854-8F95-368EE3D04159","0B63DAE3-7E9A-4198-AC75-DDFFD39BDA98","87A15012-4615-4A62-B6E0-0FDB6708FD11"
"2192B086-3F01-4854-8F95-368EE3D04159","0B63DAE3-7E9A-4198-AC75-DDFFD39BDA98","968FD236-92F7-4E30-9686-9F5FEAF15AA5"
"2192B086-3F01-4854-8F95-368EE3D04159","0B63DAE3-7E9A-4198-AC75-DDFFD39BDA98","DB8E6A28-657B-4AD6-AE9C-35604E386607"
"1F01C6D7-95F1-4800-B0AC-3C3D37392D0E","0B9EAE7F-B8B7-4611-AE24-CA831839DA5F","1D78EBDF-ED8F-4963-BD8C-65AEAFD5AF9F"
"DEB72AB1-9220-487D-929A-6F8B485B724F","0BDEC842-0921-4E9C-827E-31D7EE02CA44","0eeffe38-8048-4881-8367-39661f6bc08b"
"DEB72AB1-9220-487D-929A-6F8B485B724F","0BDEC842-0921-4E9C-827E-31D7EE02CA44","3C6B6A5E-FC1E-4B8D-A565-7228C0C2C425"
"DEB72AB1-9220-487D-929A-6F8B485B724F","0BDEC842-0921-4E9C-827E-31D7EE02CA44","40C05CA4-0A81-40F8-B105-2E276FA4CCE6"
"DEB72AB1-9220-487D-929A-6F8B485B724F","0BDEC842-0921-4E9C-827E-31D7EE02CA44","4B0471A0-D998-47E0-ABC0-3CE989712A1C"
"DEB72AB1-9220-487D-929A-6F8B485B724F","0BDEC842-0921-4E9C-827E-31D7EE02CA44","B035673F-3EB5-4960-A082-6106D27B3455"
"DEB72AB1-9220-487D-929A-6F8B485B724F","0BDEC842-0921-4E9C-827E-31D7EE02CA44","F58A3030-1728-4E2F-BDE0-03D5A008FD4D"
"FD17D269-6AE1-4F62-86C2-6A4482EA1FA3","0C6218B1-E67F-414C-8EF5-D26B0FCFDE4D","1DACB9E3-47D6-43FE-9119-7DAC8A120117"
"FD17D269-6AE1-4F62-86C2-6A4482EA1FA3","0C6218B1-E67F-414C-8EF5-D26B0FCFDE4D","4EBDEDE6-B143-432C-9A6F-CBF264BCB230"
"FD17D269-6AE1-4F62-86C2-6A4482EA1FA3","0C6218B1-E67F-414C-8EF5-D26B0FCFDE4D","B67752EC-055A-41E5-8E2D-AC6CEA1D4291"
"FD17D269-6AE1-4F62-86C2-6A4482EA1FA3","0C6218B1-E67F-414C-8EF5-D26B0FCFDE4D","BCC532BF-86EA-49A8-9AD3-FD02FAE20BDE"
"59D82102-152B-4DE1-9461-EB82850629CB","0C697837-6BCB-4A4F-ABFE-B864280C0BAC","7F472FE1-4B4E-4E43-80C6-6877D05E8527"
"C7FFC0FA-9B7A-4C4F-BF40-AB2FE3914DB7","0C95F498-7888-4013-8711-F45BDABA985B","F77B0972-09C3-442B-AB4A-A8B1A5E05311"
"5006d4c3-065a-400c-ae0b-a8138748046c","0cafb6ce-61cb-431b-ab71-46fb9f0fd082","1bcab205-f85d-4f0e-b7db-91dd589d4f6a"
"473100CF-DF67-40E4-998D-EFF5588D315D","0CBA6765-4E25-48B8-8818-9A3F09E02BF6","20091FB9-8B7D-4CA0-BC06-B3CF92C9702D"
"473100CF-DF67-40E4-998D-EFF5588D315D","0CBA6765-4E25-48B8-8818-9A3F09E02BF6","72C06641-FCA9-424B-967E-DEF29CC84577"
"473100CF-DF67-40E4-998D-EFF5588D315D","0CBA6765-4E25-48B8-8818-9A3F09E02BF6","EF541210-C5C8-4518-AA41-9553FA48BACE"
"BBCHStadium","0CE010531278758AFBBADFFDCD00EA0E6770","521e25bc-b89b-4b6a-b152-95c9231bb9ed"
"A9377F76-9DDA-4F94-BC09-63BA44CAD363","0CEF4131-2AE3-4C03-AA97-4F14E6D31B81","23F697E6-E55F-4381-A298-AE6F3A7F81B6"
"A9377F76-9DDA-4F94-BC09-63BA44CAD363","0CEF4131-2AE3-4C03-AA97-4F14E6D31B81","7AACAFFC-EDFB-4102-938A-181603F7322E"
"A9377F76-9DDA-4F94-BC09-63BA44CAD363","0CEF4131-2AE3-4C03-AA97-4F14E6D31B81","8F71B546-FC1B-4443-8940-FD2BB3CAF0B3"
"A9377F76-9DDA-4F94-BC09-63BA44CAD363","0CEF4131-2AE3-4C03-AA97-4F14E6D31B81","bc955862-6333-42d6-8209-5493c4644f5c"
"A9DF7AC2-8CD2-4DD5-93F8-ADC8D3FFF5DA","0EBD346F-3B8D-4E25-A151-07B7280B27C0","14D2BAC5-06A0-4D38-8D19-5C807CDB398B"
"83D19A4C-2B89-48F8-8295-7D5A84F1FC58","0EC5DDB4-694E-40B1-A907-BD1B55A691CF","83582B3E-456A-4E4C-86B4-24D7A26F2A97"
"83D19A4C-2B89-48F8-8295-7D5A84F1FC58","0EC5DDB4-694E-40B1-A907-BD1B55A691CF","AC035046-C153-423D-9676-8AC607F4E110"
"83D19A4C-2B89-48F8-8295-7D5A84F1FC58","0EC5DDB4-694E-40B1-A907-BD1B55A691CF","EC579137-4C2C-4912-A9CC-269778D8EECD"
"FEE75F9E-17F2-4CA8-B879-006FBB01A8DA","0ECE1509-3576-4993-80F3-65CDB962B305","207B22E8-C1DF-4DF4-9AD7-CBD50E77C3D4"
"FEE75F9E-17F2-4CA8-B879-006FBB01A8DA","0ECE1509-3576-4993-80F3-65CDB962B305","4751ED2C-D258-419D-ABA1-0F6D196359E6"
"FEE75F9E-17F2-4CA8-B879-006FBB01A8DA","0ECE1509-3576-4993-80F3-65CDB962B305","53D2D871-E070-4763-8CC1-655DDAFF7EC3"
"4DFC8FD5-2E62-435A-A7D9-A44606E7FB3F","0EE26815-0A38-4D7C-840F-B9571C88AF46","0B912F2C-73F3-4845-BC81-0EEDB665FA75"
"4DFC8FD5-2E62-435A-A7D9-A44606E7FB3F","0EE26815-0A38-4D7C-840F-B9571C88AF46","14419ce9-acd2-4e06-9fdc-e76f76a097dd"
"4DFC8FD5-2E62-435A-A7D9-A44606E7FB3F","0EE26815-0A38-4D7C-840F-B9571C88AF46","27293C7C-3A76-40FF-AE62-4ACE400CBBEE"
"4DFC8FD5-2E62-435A-A7D9-A44606E7FB3F","0EE26815-0A38-4D7C-840F-B9571C88AF46","557FFFF8-0157-40E6-93BB-E0DB113B85E9"
"4DFC8FD5-2E62-435A-A7D9-A44606E7FB3F","0EE26815-0A38-4D7C-840F-B9571C88AF46","63CDCA9A-ED14-4BEA-A1D1-6CE4388DC08A"
"4DFC8FD5-2E62-435A-A7D9-A44606E7FB3F","0EE26815-0A38-4D7C-840F-B9571C88AF46","7CD854BF-1820-4B93-ADAF-806BB1B953CF"
"4DFC8FD5-2E62-435A-A7D9-A44606E7FB3F","0EE26815-0A38-4D7C-840F-B9571C88AF46","84057D08-F989-46EA-B207-7BE97227E058"
"4DFC8FD5-2E62-435A-A7D9-A44606E7FB3F","0EE26815-0A38-4D7C-840F-B9571C88AF46","91D957D5-7A55-48E1-988C-251365B83F62"
"4DFC8FD5-2E62-435A-A7D9-A44606E7FB3F","0EE26815-0A38-4D7C-840F-B9571C88AF46","93D5D374-24D1-4761-83B4-7A3A73260ACA"
"4DFC8FD5-2E62-435A-A7D9-A44606E7FB3F","0EE26815-0A38-4D7C-840F-B9571C88AF46","9FC93061-BF82-48CE-9A6C-90E8C2C0A44B"
"FE2AF59F-46AC-4FA6-B4CA-ECA712FD823A","0F167767-F256-43C5-99C5-029C9E75B581","F99B6E26-FE56-4FD9-8CBA-FF664A7F3D64"
"CE3F640A-0FAA-4F5B-93D5-1409136C0FCB","0F59C694-B782-45CB-8627-10B5ECC5B8F1","87CD794F-079F-4582-8F18-91FF2C620FA6"
"CE3F640A-0FAA-4F5B-93D5-1409136C0FCB","0F59C694-B782-45CB-8627-10B5ECC5B8F1","FACE4B88-02C9-4D13-8B03-51181E10AB08"
"AD507A19-2852-4489-9E28-2E6BB6173F79","0F5ED254-2C6E-4403-A7C9-1CC899164663","435364B4-610E-40F3-B1DE-294A5388E5EA"
"50D2A080-8074-4E77-9398-BC6C20891C1B","10341441-670B-4D47-8E9B-F197E27BDBB4","EAE926FA-294C-4DD4-A819-320151A57AD9"
"7C4F320A-16C6-448C-B043-F732A34371BE","10CE6398-CCD9-4F5E-90CA-704512A95085","0866466D-C29F-4AA0-B068-57B108077882"
"7C4F320A-16C6-448C-B043-F732A34371BE","10CE6398-CCD9-4F5E-90CA-704512A95085","11CC463B-D0E0-4E87-A689-CB6531AFFB56"
"7C4F320A-16C6-448C-B043-F732A34371BE","10CE6398-CCD9-4F5E-90CA-704512A95085","956B314C-F1D7-47D8-8FD2-FB86803FADEF"
"6BF72D0E-C3F5-4DDA-85A8-46DC116E4F15","11B11980-A81C-4305-B018-734037540519","26C7D51E-ACB7-41C3-8E54-714656E879AD"
"6BF72D0E-C3F5-4DDA-85A8-46DC116E4F15","11B11980-A81C-4305-B018-734037540519","83A9DF70-A106-4494-9BA2-8EF4A6B3EA02"
"6BF72D0E-C3F5-4DDA-85A8-46DC116E4F15","11B11980-A81C-4305-B018-734037540519","A0065CCA-B72C-419A-85A1-136663A65A84"
"6BF72D0E-C3F5-4DDA-85A8-46DC116E4F15","11B11980-A81C-4305-B018-734037540519","AE1B8AD2-4708-4289-B696-86BC57BEC6E6"
"6BF72D0E-C3F5-4DDA-85A8-46DC116E4F15","11B11980-A81C-4305-B018-734037540519","E2F747A0-A660-4B47-B2E8-612F1F145742"
"6BF72D0E-C3F5-4DDA-85A8-46DC116E4F15","11B11980-A81C-4305-B018-734037540519","F1DBA808-355D-49DB-816B-BCA7E3FEE02E"
"20D4E4F0-DDBE-4559-AA34-B34AB68B6151","11D3E6B9-26B5-4B44-A308-EDEB76D0CBFC","2871B017-AC55-46C2-B8D9-3E0A7CB490FD"
"20D4E4F0-DDBE-4559-AA34-B34AB68B6151","11D3E6B9-26B5-4B44-A308-EDEB76D0CBFC","2DD55571-4653-4990-A17A-6ED63BBCEEBC"
"20D4E4F0-DDBE-4559-AA34-B34AB68B6151","11D3E6B9-26B5-4B44-A308-EDEB76D0CBFC","4C363F50-549F-48C7-BB76-7A4FF498BF97"
"20D4E4F0-DDBE-4559-AA34-B34AB68B6151","11D3E6B9-26B5-4B44-A308-EDEB76D0CBFC","4F3BC3D1-709A-4942-A487-9319914418A8"
"20D4E4F0-DDBE-4559-AA34-B34AB68B6151","11D3E6B9-26B5-4B44-A308-EDEB76D0CBFC","7D385D7E-C6EE-49AF-A6B0-379D26588562"
"20D4E4F0-DDBE-4559-AA34-B34AB68B6151","11D3E6B9-26B5-4B44-A308-EDEB76D0CBFC","FEED3483-D247-4B5D-B0B4-E1E75F56510C"
"84325A80-1D2A-4722-A7EE-28018FAE0995","1284ABB2-AE39-4B61-9F33-BC1997FE2734","1EE092EF-6819-4E98-9238-F73ABD35300A"
"84325A80-1D2A-4722-A7EE-28018FAE0995","1284ABB2-AE39-4B61-9F33-BC1997FE2734","262EA76D-6605-4E3D-B690-6122BB548700"
"84325A80-1D2A-4722-A7EE-28018FAE0995","1284ABB2-AE39-4B61-9F33-BC1997FE2734","B7DC8C35-E11D-418D-A64C-3607E29B2678"
"84325A80-1D2A-4722-A7EE-28018FAE0995","1284ABB2-AE39-4B61-9F33-BC1997FE2734","BBC00179-2152-4B5D-A512-834DE9968218"
"A8D80252-71FD-4362-9A80-A27EB8680DA6","128C7D0F-A26E-41B8-A596-F6D7AE7BF7E6","05DD08ED-D75D-46D3-A707-DDFC8004FA70"
"A8D80252-71FD-4362-9A80-A27EB8680DA6","128C7D0F-A26E-41B8-A596-F6D7AE7BF7E6","1BFB346F-B2C3-422F-B39F-4AAF9DCFA38E"
"A8D80252-71FD-4362-9A80-A27EB8680DA6","128C7D0F-A26E-41B8-A596-F6D7AE7BF7E6","6946A4EE-E9C8-4DE4-9A94-7D3EE4596A80"
"A8D80252-71FD-4362-9A80-A27EB8680DA6","128C7D0F-A26E-41B8-A596-F6D7AE7BF7E6","702159F1-BB0F-4F5F-A4CB-0F19FAE2D794"
"A8D80252-71FD-4362-9A80-A27EB8680DA6","128C7D0F-A26E-41B8-A596-F6D7AE7BF7E6","7a87cbc6-cec1-402a-83f1-d4996da84b2c"
"A8D80252-71FD-4362-9A80-A27EB8680DA6","128C7D0F-A26E-41B8-A596-F6D7AE7BF7E6","7CDFE4AB-36E0-40D7-8D6D-F3953E24BDF2"
"A8D80252-71FD-4362-9A80-A27EB8680DA6","128C7D0F-A26E-41B8-A596-F6D7AE7BF7E6","847CF955-4635-4129-BFC3-EF3E3482FF12"
"A8D80252-71FD-4362-9A80-A27EB8680DA6","128C7D0F-A26E-41B8-A596-F6D7AE7BF7E6","B6EB6702-02F0-4E75-B290-F4EB13752845"
"A8D80252-71FD-4362-9A80-A27EB8680DA6","128C7D0F-A26E-41B8-A596-F6D7AE7BF7E6","D37F89E7-097C-4719-9A48-10601A89CD6A"
"A8D80252-71FD-4362-9A80-A27EB8680DA6","128C7D0F-A26E-41B8-A596-F6D7AE7BF7E6","d4f9ab12-8ec5-41eb-92ac-3dc88cdb8acc"
"A8D80252-71FD-4362-9A80-A27EB8680DA6","128C7D0F-A26E-41B8-A596-F6D7AE7BF7E6","EBE4F834-8176-4118-95F9-7BA3297A84BB"
"A8D80252-71FD-4362-9A80-A27EB8680DA6","128C7D0F-A26E-41B8-A596-F6D7AE7BF7E6","efd83215-988f-4dad-8331-fd86514f288d"
"5E2B2AC4-F5C1-49F8-937C-D3D7F487AEF8","130D392C-22C6-43EF-9691-C31208528DE1","9F36F875-30A9-4364-86A2-764BCC5D542D"
"5E2B2AC4-F5C1-49F8-937C-D3D7F487AEF8","130D392C-22C6-43EF-9691-C31208528DE1","A2001DE9-8D46-4368-8323-7CAC3A8BEABE"
"PER","13799F611B8BFF5257519D09390DEB0981BA","bc955862-6333-42d6-8209-5493c4644f5c"
"C093E00C-7A0A-4DB6-9212-B1764437D70A","13A404FF-3730-416F-8258-3366618B3CB7","7D5911FE-94B1-4910-A335-9C2BF30D59A5"
"C093E00C-7A0A-4DB6-9212-B1764437D70A","13A404FF-3730-416F-8258-3366618B3CB7","88ED24F3-087A-4EB7-A7ED-158D5E46F3BC"
"C093E00C-7A0A-4DB6-9212-B1764437D70A","13A404FF-3730-416F-8258-3366618B3CB7","C538A241-3379-459A-AFF5-FBD9D920B3A8"
"2AB73795-8A63-4F12-B9F4-692BCD250489","13C5CC98-4D43-49FF-ADFA-4E365BBBDF49","A9B691B1-9187-407F-8D4A-AE499ACB86A5"
"B17970E4-FAF6-466C-A9AC-075A32C56A92","13D3E5DF-FE79-47F8-B5F8-DB51DB12D4A1","EFB5E24F-7B9C-4599-9972-80B5C6D8E452"
"B7B34A2A-8D9A-48FC-8BD5-F535511EC1D5","14E65AE3-5FCE-4617-B024-B5E8A254C891","026699A1-5CA1-4663-9A5F-4D5CC3513609"
"B7B34A2A-8D9A-48FC-8BD5-F535511EC1D5","14E65AE3-5FCE-4617-B024-B5E8A254C891","1B5716DD-585C-4572-833D-E4300EF84200"
"B7B34A2A-8D9A-48FC-8BD5-F535511EC1D5","14E65AE3-5FCE-4617-B024-B5E8A254C891","206B00BA-DAF7-49FE-AFC7-133D3C9E26FC"
"B7B34A2A-8D9A-48FC-8BD5-F535511EC1D5","14E65AE3-5FCE-4617-B024-B5E8A254C891","3E8D7CFE-D04B-430D-AB83-EAF20ACA484F"
"B7B34A2A-8D9A-48FC-8BD5-F535511EC1D5","14E65AE3-5FCE-4617-B024-B5E8A254C891","49F4208B-EEE7-4885-82F1-C2DF1CB7739D"
"B7B34A2A-8D9A-48FC-8BD5-F535511EC1D5","14E65AE3-5FCE-4617-B024-B5E8A254C891","73C2FB83-471A-4DB1-9348-EB28F74267E6"
"B7B34A2A-8D9A-48FC-8BD5-F535511EC1D5","14E65AE3-5FCE-4617-B024-B5E8A254C891","97CF052A-D528-4B4D-839F-401059C35D90"
"B7B34A2A-8D9A-48FC-8BD5-F535511EC1D5","14E65AE3-5FCE-4617-B024-B5E8A254C891","A6754D10-54F9-4D0B-BABF-96F2D9D196C7"
"B7B34A2A-8D9A-48FC-8BD5-F535511EC1D5","14E65AE3-5FCE-4617-B024-B5E8A254C891","C55BC5FD-AA55-4B95-94F8-F1C34A9250C9"
"B7B34A2A-8D9A-48FC-8BD5-F535511EC1D5","14E65AE3-5FCE-4617-B024-B5E8A254C891","E3CA2C64-E405-4286-BE88-A28286B31514"
"C2DBA0B7-6DC3-400B-928E-3C7078E7A12C","14FB1B88-AF54-472C-AF5E-E847937410D6","0B16D3D5-868E-4836-A17A-D41C5EAFCB3F"
"C2DBA0B7-6DC3-400B-928E-3C7078E7A12C","14FB1B88-AF54-472C-AF5E-E847937410D6","6BD8AB53-1A6E-4006-A601-7141CD67576D"
"C2DBA0B7-6DC3-400B-928E-3C7078E7A12C","14FB1B88-AF54-472C-AF5E-E847937410D6","95D89AE2-2484-4115-9A43-BA10FA7D5B3E"
"C2DBA0B7-6DC3-400B-928E-3C7078E7A12C","14FB1B88-AF54-472C-AF5E-E847937410D6","D5059EEB-DE5A-4793-9CEC-9019702E71DD"
"21CA5597-7EB5-4B70-8B63-0359F18833CE","15491D5D-0254-4FE7-B5CA-85AE58A571FA","9622A91A-B752-4849-ABF1-BDA73D4631FC"
"BCE8CC5C-BA22-4536-A2F7-2E0A6E76497D","15574FB9-1452-41D3-A728-58FC7D89A127","7EDFB623-81D7-4936-9877-0C65DC0288E5"
"BCE8CC5C-BA22-4536-A2F7-2E0A6E76497D","15574FB9-1452-41D3-A728-58FC7D89A127","B5999139-D38B-455E-8AF5-BCB35E166C8B"
"BCE8CC5C-BA22-4536-A2F7-2E0A6E76497D","15574FB9-1452-41D3-A728-58FC7D89A127","E9710D3C-22AF-4315-9351-BB6EB701D3A2"
"PER","1567C633A0CB178E5114DDE0B9DF38604A44","66c5c660-11f5-4744-9316-4ef3d6f939eb"
"6DDA707B-2A74-4C9E-A02A-648B7ED5BB07","156C3824-5C31-4348-B560-23E140CDC193","06FF7751-2C9F-4D48-9974-04FA979B12C0"
"6DDA707B-2A74-4C9E-A02A-648B7ED5BB07","156C3824-5C31-4348-B560-23E140CDC193","23C1B781-4D33-4DD7-85B1-5C7CF2C5DAD6"
"6DDA707B-2A74-4C9E-A02A-648B7ED5BB07","156C3824-5C31-4348-B560-23E140CDC193","60279CC2-0DA6-4737-80DF-8CF657AFF1C4"
"6DDA707B-2A74-4C9E-A02A-648B7ED5BB07","156C3824-5C31-4348-B560-23E140CDC193","B2106674-209C-4BDD-B275-7B646C055C6C"
"7D3A1542-EDB2-445A-9135-9D72CA2664B7","15705DAD-1009-47AA-8DDC-56CEBD904959","DF77AB61-6568-4EC0-9EAB-692C2433BEBC"
"7D3A1542-EDB2-445A-9135-9D72CA2664B7","15705DAD-1009-47AA-8DDC-56CEBD904959","E5C1E310-E98C-4F41-82DA-379067835F04"
"ABF2314A-3E63-4C6E-B0B3-DF4698388D58","15F26741-FCDD-4DDA-B90C-BD186E744A38","EEC2B3F9-BDDF-4916-85C6-890CED6034BF"
"7552FDC1-B487-49A8-875E-85F9F7043F5E","15F33155-838F-473D-8775-999F5B63670D","15811568-A4D2-4454-ABC5-DDFF5AECC09B"
"B6730117-6F6E-4C17-B706-61966D4E25CE","16449DC1-751C-4665-A023-83AD72FE739A","35360C7A-51D6-4897-916D-166C527A1E30"
"B6730117-6F6E-4C17-B706-61966D4E25CE","16449DC1-751C-4665-A023-83AD72FE739A","7167F6AA-B70C-45FB-B531-871874C509A7"
"B6730117-6F6E-4C17-B706-61966D4E25CE","16449DC1-751C-4665-A023-83AD72FE739A","B9BE41A8-8D89-4D4F-B8CA-389990387ACF"
"B6730117-6F6E-4C17-B706-61966D4E25CE","16449DC1-751C-4665-A023-83AD72FE739A","DC49AFCE-A852-4C2C-8E3C-57458786F11A"
"4FB5965A-42D7-4EF8-891E-DF1C2AAB9E26","16DB1E10-D12D-45D3-9A54-639FCACE7850","8CFC283A-F880-4A49-A88C-E61715C5C071"
"4FB5965A-42D7-4EF8-891E-DF1C2AAB9E26","16DB1E10-D12D-45D3-9A54-639FCACE7850","e0f2fc76-e842-4948-8689-22a966d4ae31"
"36E2A222-5722-4F59-B8FC-FFE674247F43","170022FE-F32F-4778-9081-85773377E13D","A700F943-09E0-4DA7-8858-3D4F90760256"
"36E2A222-5722-4F59-B8FC-FFE674247F43","170022FE-F32F-4778-9081-85773377E13D","AC01C5E4-3DB6-46E7-ADD8-C25FBD83952C"
"2C2A1BA1-3FD5-4A8F-80D3-139ECA48F114","17477831-A433-471B-8325-F4C1EB9DA21A","D12D0389-A7D5-407F-AD76-C78E08272654"
"BBCHStadium","180334A5CAD326F1A9051B3F07507CB46F11","b473787e-5ef3-479c-ae87-d96d91085019"
"2E0E85D9-5811-4F69-AE31-4C845A6E767F","185D547D-A0AC-46C6-8650-E1C2B008F91E","353F16A8-F04F-4A45-9382-C4F241EF0306"
"93E2B965-ED28-4BD3-8BC5-4FF70C382B6C","18A4DE2D-2CB9-49A2-A86C-4532E404ACC3","04F9523A-2DCE-4716-83AB-2B9E48AC46DA"
"93E2B965-ED28-4BD3-8BC5-4FF70C382B6C","18A4DE2D-2CB9-49A2-A86C-4532E404ACC3","2188C238-B654-4139-A41D-BDC05511572F"
"93E2B965-ED28-4BD3-8BC5-4FF70C382B6C","18A4DE2D-2CB9-49A2-A86C-4532E404ACC3","307F8609-F5EF-4BFB-BE64-0E1EAD1BDB36"
"93E2B965-ED28-4BD3-8BC5-4FF70C382B6C","18A4DE2D-2CB9-49A2-A86C-4532E404ACC3","3881DF73-0D6B-4014-BC7E-0BD17699E690"
"93E2B965-ED28-4BD3-8BC5-4FF70C382B6C","18A4DE2D-2CB9-49A2-A86C-4532E404ACC3","4DD0BD88-5E0A-435C-BDDC-8F1C5121F255"
"93E2B965-ED28-4BD3-8BC5-4FF70C382B6C","18A4DE2D-2CB9-49A2-A86C-4532E404ACC3","74F1BF31-F449-4C49-B16E-18B2FACB13E2"
"93E2B965-ED28-4BD3-8BC5-4FF70C382B6C","18A4DE2D-2CB9-49A2-A86C-4532E404ACC3","8CEE0DC5-5D98-4290-B829-A76F04AFC3F2"
"93E2B965-ED28-4BD3-8BC5-4FF70C382B6C","18A4DE2D-2CB9-49A2-A86C-4532E404ACC3","B61C3EBD-AAFF-4D5D-9DA6-5985AA925434"
"93E2B965-ED28-4BD3-8BC5-4FF70C382B6C","18A4DE2D-2CB9-49A2-A86C-4532E404ACC3","E6270FB9-5B1A-43E0-86DD-3673A68C5DFF"
"DDA872EB-8CE7-4F42-BBB1-1F83F4D16482","18BA495A-AC1C-46BD-8E4D-3780303D1FE0","19305F8F-A341-4A86-8DAE-52AB3529E49F"
"DDA872EB-8CE7-4F42-BBB1-1F83F4D16482","18BA495A-AC1C-46BD-8E4D-3780303D1FE0","82281930-E876-47C6-8DFF-91A3C07B488D"
"DDA872EB-8CE7-4F42-BBB1-1F83F4D16482","18BA495A-AC1C-46BD-8E4D-3780303D1FE0","C9976F52-7B71-4406-9DD2-283EE7ABAD8B"
"DDA872EB-8CE7-4F42-BBB1-1F83F4D16482","18BA495A-AC1C-46BD-8E4D-3780303D1FE0","E013ECDE-7508-4DAD-AADC-A65C63AF0EC1"
"DDA872EB-8CE7-4F42-BBB1-1F83F4D16482","18BA495A-AC1C-46BD-8E4D-3780303D1FE0","f37a3048-a81d-4aa6-8205-319c4472d679"
"BBCHStadium","18F30C40880FCFB26B6ACF4ACF3571EA96B7","f067f8b7-2548-4777-a048-33c3b95521bc"
"994DE3F4-935A-4956-A2BB-D636D9A2860D","18F96EC0-21F2-48D6-95D0-F4C25C6B9396","4f6b3ff3-c58d-4b11-9a53-a5aa7bbaf9b3"
"994DE3F4-935A-4956-A2BB-D636D9A2860D","18F96EC0-21F2-48D6-95D0-F4C25C6B9396","A74088F5-3EA8-469C-B583-4FBCE2BF2135"
"994DE3F4-935A-4956-A2BB-D636D9A2860D","18F96EC0-21F2-48D6-95D0-F4C25C6B9396","f054a6cd-006c-4fa9-a4e0-d518275f3923"
"A132EE72-05CA-4CF3-9517-C206000B98FC","18FE6955-C646-4A7B-8971-D3FD424A93AB","14BACF13-5016-42CC-B4FD-8201E67BF637"
"A132EE72-05CA-4CF3-9517-C206000B98FC","18FE6955-C646-4A7B-8971-D3FD424A93AB","18AA3986-796E-4636-A8F0-89C3BB149C91"
"A132EE72-05CA-4CF3-9517-C206000B98FC","18FE6955-C646-4A7B-8971-D3FD424A93AB","1DC25D81-CC5B-4B38-BFF9-F2B043A238B9"
"A132EE72-05CA-4CF3-9517-C206000B98FC","18FE6955-C646-4A7B-8971-D3FD424A93AB","30F82336-F889-415A-8BDF-745735771970"
"A132EE72-05CA-4CF3-9517-C206000B98FC","18FE6955-C646-4A7B-8971-D3FD424A93AB","45C0DC56-E98C-42A6-AB50-7179780F9A43"
"A132EE72-05CA-4CF3-9517-C206000B98FC","18FE6955-C646-4A7B-8971-D3FD424A93AB","49EF2D9A-73FD-4590-828A-CFF169D44F04"
"A132EE72-05CA-4CF3-9517-C206000B98FC","18FE6955-C646-4A7B-8971-D3FD424A93AB","4D4D38E7-673F-41FE-9BAB-74BA2528F115"
"A132EE72-05CA-4CF3-9517-C206000B98FC","18FE6955-C646-4A7B-8971-D3FD424A93AB","4FFFEF95-41C3-4ABA-9F23-47B431139E51"
"A132EE72-05CA-4CF3-9517-C206000B98FC","18FE6955-C646-4A7B-8971-D3FD424A93AB","5B3A2D90-5475-4CCC-9893-801AF3A84FDB"
"A132EE72-05CA-4CF3-9517-C206000B98FC","18FE6955-C646-4A7B-8971-D3FD424A93AB","5FCEAEE6-CBF1-4C95-A2E3-C3710A4CAA5F"
"A132EE72-05CA-4CF3-9517-C206000B98FC","18FE6955-C646-4A7B-8971-D3FD424A93AB","60409029-AD0E-4AA7-A9DC-368CE93EC2F8"
"A132EE72-05CA-4CF3-9517-C206000B98FC","18FE6955-C646-4A7B-8971-D3FD424A93AB","721BB594-6D8F-4D18-984A-B9D53C0F807C"
"A132EE72-05CA-4CF3-9517-C206000B98FC","18FE6955-C646-4A7B-8971-D3FD424A93AB","797BA537-DDE1-46F6-9EC1-B37C25EE9163"
"A132EE72-05CA-4CF3-9517-C206000B98FC","18FE6955-C646-4A7B-8971-D3FD424A93AB","8AB2972F-F4C8-4769-B2E6-10B896D6C521"
"A132EE72-05CA-4CF3-9517-C206000B98FC","18FE6955-C646-4A7B-8971-D3FD424A93AB","D201D331-9712-4F6B-83F4-EA6B29C817D8"
"A132EE72-05CA-4CF3-9517-C206000B98FC","18FE6955-C646-4A7B-8971-D3FD424A93AB","E780C4A0-B4ED-4AEF-BC09-EED9167C4967"
"A132EE72-05CA-4CF3-9517-C206000B98FC","18FE6955-C646-4A7B-8971-D3FD424A93AB","E9F5FB93-1F26-43D2-BED4-825B28558AB9"
"A132EE72-05CA-4CF3-9517-C206000B98FC","18FE6955-C646-4A7B-8971-D3FD424A93AB","F15EFF79-EB98-4FEE-8383-19CB2DBACAC0"
"A132EE72-05CA-4CF3-9517-C206000B98FC","18FE6955-C646-4A7B-8971-D3FD424A93AB","F4A828A7-1655-4575-B98A-4CA25BED158A"
"A132EE72-05CA-4CF3-9517-C206000B98FC","18FE6955-C646-4A7B-8971-D3FD424A93AB","F9E82F7F-F177-45A1-925D-D646040718AB"
"A132EE72-05CA-4CF3-9517-C206000B98FC","18FE6955-C646-4A7B-8971-D3FD424A93AB","FB91E428-6ECB-4E31-8447-6B35581CB144"
"725307E7-0F34-44AF-B9F0-503AC3A88717","19345100-C36A-4017-BA98-046A959447C6","064C77B1-679F-41A3-9124-DED93E47C2EB"
"725307E7-0F34-44AF-B9F0-503AC3A88717","19345100-C36A-4017-BA98-046A959447C6","0BCEA5F5-5BFC-41D3-8475-332FF377B0AB"
"725307E7-0F34-44AF-B9F0-503AC3A88717","19345100-C36A-4017-BA98-046A959447C6","58d554b3-d2cd-4f9f-9101-499280f97f87"
"725307E7-0F34-44AF-B9F0-503AC3A88717","19345100-C36A-4017-BA98-046A959447C6","81221D49-792C-4370-9965-17E3EE1C68D4"
"725307E7-0F34-44AF-B9F0-503AC3A88717","19345100-C36A-4017-BA98-046A959447C6","8F77496A-BEAB-4082-8B3E-1F8BC7045253"
"725307E7-0F34-44AF-B9F0-503AC3A88717","19345100-C36A-4017-BA98-046A959447C6","AEB70031-9679-42DC-8766-9BC2EC1DDC32"
"725307E7-0F34-44AF-B9F0-503AC3A88717","19345100-C36A-4017-BA98-046A959447C6","BF9C2131-D75B-4A33-B39C-FE5844FE658B"
"725307E7-0F34-44AF-B9F0-503AC3A88717","19345100-C36A-4017-BA98-046A959447C6","CF0DA4E2-860C-4A9F-9AA1-ACB74C19C192"
"725307E7-0F34-44AF-B9F0-503AC3A88717","19345100-C36A-4017-BA98-046A959447C6","D8F1CB4F-EF54-41A4-A0F8-532AEB4C29A1"
"725307E7-0F34-44AF-B9F0-503AC3A88717","19345100-C36A-4017-BA98-046A959447C6","ECA3BEEA-97C9-4B24-976E-7AAF8CC7161F"
"725307E7-0F34-44AF-B9F0-503AC3A88717","19345100-C36A-4017-BA98-046A959447C6","F5D2D952-9D12-43F1-BEA4-87235660AE1F"
"PER","1A290AB45DE7B0CED1FC98999BD534CF4198","f1b3a352-038e-4dd1-b3e0-e272bb45eaf4"
"B24815CB-68D3-445C-9D0E-3839F6458C21","1A4A26DA-2A60-4BA5-BD5A-2F6B39648A63","11A22AE2-5C67-48E4-B826-F11F956E7832"
"B24815CB-68D3-445C-9D0E-3839F6458C21","1A4A26DA-2A60-4BA5-BD5A-2F6B39648A63","3BCA9BD3-42AF-46A3-A7E3-78EBD085F044"
"B24815CB-68D3-445C-9D0E-3839F6458C21","1A4A26DA-2A60-4BA5-BD5A-2F6B39648A63","57F1863F-0509-4200-A2D7-C032F1D5D9A3"
"B24815CB-68D3-445C-9D0E-3839F6458C21","1A4A26DA-2A60-4BA5-BD5A-2F6B39648A63","DDF61297-828A-4A27-A686-445C983044E1"
"B24815CB-68D3-445C-9D0E-3839F6458C21","1A4A26DA-2A60-4BA5-BD5A-2F6B39648A63","E1C24771-504D-4251-8E5C-62D72F5D77FB"
"6DBA2F8B-542E-4C98-BD4A-584385FFB484","1B483643-28FE-4293-A197-9FEBB2678DD5","A4AF1969-FA0D-4816-820F-0E49AB4A1FFF"
"6DBA2F8B-542E-4C98-BD4A-584385FFB484","1B483643-28FE-4293-A197-9FEBB2678DD5","D7FD5A2E-D16C-486D-89FA-C0E75399948D"
"PER","1C571387C11EF5168458CFAE57C1166047C8","102f4cbd-75b1-4a9b-ba1d-80b40b54c4db"
"1E00360F-C2BF-45E2-98DA-F90CF3C87F39","1C74C6EF-CDC2-477F-9141-A0AE71C4A636","5CE14CBE-6E4B-4F42-813B-A3DA6113970B"
"723DC1AE-47BA-412D-9683-085A2A4A4546","1D772DFC-2652-47D7-B9B1-D891535A3A6E","45BE7F99-F793-4298-B10A-9A5F38619BE0"
"723DC1AE-47BA-412D-9683-085A2A4A4546","1D772DFC-2652-47D7-B9B1-D891535A3A6E","720D1362-1E53-4EB4-9A22-4D84E134F276"
"BBCHStadium","1D8D4D186D5A9B5050DDF002A9B760D6BFB5","676dbcbf-d110-4233-8c97-939e5bbb95f4"
"103C2B9C-3B19-4C02-9F6C-A04A23159D56","1DA231D3-6098-4D94-AC9E-8C3371C6E8CC","D0515A79-543D-43A8-9BB2-CD4D512411C1"
"5FEF960A-1BC7-4DAD-A4AA-158DBC5AD497","1E4B883F-414D-4140-B372-4CA2426C2DF1","5974056C-7434-4530-9A15-B63C6F3AFA3B"
"F36B32E9-3C10-4923-B3F2-4A0DDA80F49E","1E6DD919-7784-4316-BC8C-061408459C29","3147E4DE-5A86-4843-BE54-271E1C5F5A2F"
"F36B32E9-3C10-4923-B3F2-4A0DDA80F49E","1E6DD919-7784-4316-BC8C-061408459C29","36876B2E-D620-48F0-85DB-7C8B89C5BA1B"
"F36B32E9-3C10-4923-B3F2-4A0DDA80F49E","1E6DD919-7784-4316-BC8C-061408459C29","50E882B8-D0C7-4A65-AF71-7FA55C8FEA2D"
"PER","1E8912D0DF1F780F88332B85921A66F5A3B0","10350380-6075-4cdf-8f01-149c2da7fed0"
"32833973-752D-4A93-9640-0E7E9B4F2859","1F9408C1-5B42-44C2-87DA-B1A9046A2318","0C7BF554-7488-4A0B-B95D-8FEB7078908F"
"32833973-752D-4A93-9640-0E7E9B4F2859","1F9408C1-5B42-44C2-87DA-B1A9046A2318","7D0C015F-FA10-43E5-801C-C8B826C6BE7F"
"32833973-752D-4A93-9640-0E7E9B4F2859","1F9408C1-5B42-44C2-87DA-B1A9046A2318","7DB9EF7D-E797-42FC-9B9F-6DBF9518310E"
"32833973-752D-4A93-9640-0E7E9B4F2859","1F9408C1-5B42-44C2-87DA-B1A9046A2318","8BE8E426-A92C-4666-9923-53B17A785E80"
"32833973-752D-4A93-9640-0E7E9B4F2859","1F9408C1-5B42-44C2-87DA-B1A9046A2318","97FACC7B-3704-4BF7-AC2C-53CEA1B5B84C"
"32833973-752D-4A93-9640-0E7E9B4F2859","1F9408C1-5B42-44C2-87DA-B1A9046A2318","A8347B1B-953A-4F97-932D-BBB180E00B21"
"32833973-752D-4A93-9640-0E7E9B4F2859","1F9408C1-5B42-44C2-87DA-B1A9046A2318","AF666E01-86F4-4254-8EDC-85ABD1EE8697"
"32833973-752D-4A93-9640-0E7E9B4F2859","1F9408C1-5B42-44C2-87DA-B1A9046A2318","DDE714A4-7583-4706-8E60-186A242704DA"
"32833973-752D-4A93-9640-0E7E9B4F2859","1F9408C1-5B42-44C2-87DA-B1A9046A2318","F19E5139-B337-480D-9AC4-E78C15898973"
"2E189172-BBA0-4864-ACA8-4C15AAA1B3BC","1FA5CF97-F25E-4833-BF49-58BAA7A49F70","3E5AD159-9BAA-4623-95A8-5958BCE625EC"
"2E189172-BBA0-4864-ACA8-4C15AAA1B3BC","1FA5CF97-F25E-4833-BF49-58BAA7A49F70","9FC93061-BF82-48CE-9A6C-90E8C2C0A44B"
"2E189172-BBA0-4864-ACA8-4C15AAA1B3BC","1FA5CF97-F25E-4833-BF49-58BAA7A49F70","F81EBCDD-B593-4942-8480-5559D7CA4A98"
"INTERVALL","201BDF3498039481E484A18AB7445B6898DF","c14f2469-764a-4a61-8fcb-ddeee276551e"
"A2AA437A-3252-4CB6-B3F9-B92DFA32AE56","209CF543-C4B6-412E-9EDC-4ADC4EEEFFAF","04C8524C-354C-457E-9C70-5117BD2602D9"
"A2AA437A-3252-4CB6-B3F9-B92DFA32AE56","209CF543-C4B6-412E-9EDC-4ADC4EEEFFAF","0ECD7237-4F3A-48BC-BAE2-8D65C7214E04"
"A2AA437A-3252-4CB6-B3F9-B92DFA32AE56","209CF543-C4B6-412E-9EDC-4ADC4EEEFFAF","242BC77E-D16F-442A-8A82-93E1934801BA"
"A2AA437A-3252-4CB6-B3F9-B92DFA32AE56","209CF543-C4B6-412E-9EDC-4ADC4EEEFFAF","31D3D6EF-6F67-486F-8EA6-BD4C9C074BB9"
"A2AA437A-3252-4CB6-B3F9-B92DFA32AE56","209CF543-C4B6-412E-9EDC-4ADC4EEEFFAF","412EF6BF-87B4-44FB-9D3B-13F1E632E840"
"A2AA437A-3252-4CB6-B3F9-B92DFA32AE56","209CF543-C4B6-412E-9EDC-4ADC4EEEFFAF","62A33F33-1A23-4692-BA3E-4ECD82B00445"
"A2AA437A-3252-4CB6-B3F9-B92DFA32AE56","209CF543-C4B6-412E-9EDC-4ADC4EEEFFAF","73761D2C-E33C-4478-886E-8F38C3260E5A"
"A2AA437A-3252-4CB6-B3F9-B92DFA32AE56","209CF543-C4B6-412E-9EDC-4ADC4EEEFFAF","7F718F75-F30C-41FD-9956-814E089D52CE"
"A2AA437A-3252-4CB6-B3F9-B92DFA32AE56","209CF543-C4B6-412E-9EDC-4ADC4EEEFFAF","ACF757FC-5FDF-4ED1-B00D-6891FC5859C7"
"B6F03C73-F4EF-49ED-A630-66972CF13506","52785B4C-25A9-480B-98E4-661DEA1FA46E","632774E8-87C2-47F4-99D2-1CA19D560E9E"
"B6F03C73-F4EF-49ED-A630-66972CF13506","52785B4C-25A9-480B-98E4-661DEA1FA46E","64BDF8DF-BC58-492E-BB3C-E2580249C17B"
"B6F03C73-F4EF-49ED-A630-66972CF13506","52785B4C-25A9-480B-98E4-661DEA1FA46E","66F630B4-575F-4CD3-BECA-566946F0AAEC"
"B6F03C73-F4EF-49ED-A630-66972CF13506","52785B4C-25A9-480B-98E4-661DEA1FA46E","67975324-b802-4aad-b902-7d88cece94cb"
"B6F03C73-F4EF-49ED-A630-66972CF13506","52785B4C-25A9-480B-98E4-661DEA1FA46E","693BE138-FED2-44ED-BE31-9D6057DBDB59"
"B6F03C73-F4EF-49ED-A630-66972CF13506","52785B4C-25A9-480B-98E4-661DEA1FA46E","694D838A-2768-410B-B0E7-77DC9D1E30C7"
"B6F03C73-F4EF-49ED-A630-66972CF13506","52785B4C-25A9-480B-98E4-661DEA1FA46E","6992426f-2f1f-49c5-a509-a93ee47fa4bc"
"B6F03C73-F4EF-49ED-A630-66972CF13506","52785B4C-25A9-480B-98E4-661DEA1FA46E","6E4A7FA9-9AB0-4EC5-82ED-31648993B0BB"
"B6F03C73-F4EF-49ED-A630-66972CF13506","52785B4C-25A9-480B-98E4-661DEA1FA46E","7033B636-AAFB-4E4D-8DFC-9055581B580E"
"B6F03C73-F4EF-49ED-A630-66972CF13506","52785B4C-25A9-480B-98E4-661DEA1FA46E","710B5317-DA33-4759-8136-43C57E196D06"
"B6F03C73-F4EF-49ED-A630-66972CF13506","52785B4C-25A9-480B-98E4-661DEA1FA46E","80C4308A-8D80-496B-A8AE-255DAF9DCB17"
"B6F03C73-F4EF-49ED-A630-66972CF13506","52785B4C-25A9-480B-98E4-661DEA1FA46E","82B95CBA-30B8-4346-84CF-5250846D08ED"
"B6F03C73-F4EF-49ED-A630-66972CF13506","52785B4C-25A9-480B-98E4-661DEA1FA46E","8D8E23AB-4A73-4AA4-A73E-FCFF6E9AB5E6"
"B6F03C73-F4EF-49ED-A630-66972CF13506","52785B4C-25A9-480B-98E4-661DEA1FA46E","8DAA1A1C-D565-447F-AD83-DEC12EBF73E8"
"B6F03C73-F4EF-49ED-A630-66972CF13506","52785B4C-25A9-480B-98E4-661DEA1FA46E","9A408C95-223F-487D-8C41-B09BB9C64159"
"B6F03C73-F4EF-49ED-A630-66972CF13506","52785B4C-25A9-480B-98E4-661DEA1FA46E","9AE67B46-BCDC-4BF0-8E84-C4B7E12D4D81"
"B6F03C73-F4EF-49ED-A630-66972CF13506","52785B4C-25A9-480B-98E4-661DEA1FA46E","A39EAFBD-3D61-4511-9B7B-14E2355D14F2"
"B6F03C73-F4EF-49ED-A630-66972CF13506","52785B4C-25A9-480B-98E4-661DEA1FA46E","A6D6245A-132C-4781-93A8-989F1FA4E0CB"
"B6F03C73-F4EF-49ED-A630-66972CF13506","52785B4C-25A9-480B-98E4-661DEA1FA46E","ADE487AB-92BA-4847-B58E-9A273AB18534"
"B6F03C73-F4EF-49ED-A630-66972CF13506","52785B4C-25A9-480B-98E4-661DEA1FA46E","AE64F46E-31C7-4633-BC7E-CE99EB563C49"
"B6F03C73-F4EF-49ED-A630-66972CF13506","52785B4C-25A9-480B-98E4-661DEA1FA46E","B634A73D-8D00-4B0B-A37C-D05509839FDA"
"B6F03C73-F4EF-49ED-A630-66972CF13506","52785B4C-25A9-480B-98E4-661DEA1FA46E","B6FB5D00-8A83-4080-8F0D-E2BF9CE786FA"
"B6F03C73-F4EF-49ED-A630-66972CF13506","52785B4C-25A9-480B-98E4-661DEA1FA46E","B8FAFA09-00B5-4DFC-885B-CD7CBF9496CD"
"B6F03C73-F4EF-49ED-A630-66972CF13506","52785B4C-25A9-480B-98E4-661DEA1FA46E","BCF98C76-E2FC-4F83-B8A5-5F3A1297CE49"
"3BEE34E9-21ED-4833-B86C-C96F3814F836","AEF32B22-E36A-411F-8D3B-EA082F155420","75746c27-b3b8-454f-8370-22962122a044"
"3BEE34E9-21ED-4833-B86C-C96F3814F836","AEF32B22-E36A-411F-8D3B-EA082F155420","758CC07A-B29C-4809-8FF1-A4DD7B79A5E9"
"3BEE34E9-21ED-4833-B86C-C96F3814F836","AEF32B22-E36A-411F-8D3B-EA082F155420","779A8A82-D37E-4391-984D-5B6C92542A5E"
"3BEE34E9-21ED-4833-B86C-C96F3814F836","AEF32B22-E36A-411F-8D3B-EA082F155420","78EC68CC-8510-412D-8844-277836B7496F"
"3BEE34E9-21ED-4833-B86C-C96F3814F836","AEF32B22-E36A-411F-8D3B-EA082F155420","7AB632D5-8307-40BB-B6CB-4706564003B3"
"3BEE34E9-21ED-4833-B86C-C96F3814F836","AEF32B22-E36A-411F-8D3B-EA082F155420","7E949ED2-01E8-425B-B7DE-6E94CA1C8605"
"3BEE34E9-21ED-4833-B86C-C96F3814F836","AEF32B22-E36A-411F-8D3B-EA082F155420","7EA8A92D-8927-4A95-AF56-610730CBF116"
"3BEE34E9-21ED-4833-B86C-C96F3814F836","AEF32B22-E36A-411F-8D3B-EA082F155420","82188559-7D00-4835-8013-6BD9A9C1B35E"
"3BEE34E9-21ED-4833-B86C-C96F3814F836","AEF32B22-E36A-411F-8D3B-EA082F155420","8296A8CB-D9B8-44B0-9990-FB37CD494866"
"3BEE34E9-21ED-4833-B86C-C96F3814F836","AEF32B22-E36A-411F-8D3B-EA082F155420","85BAFA7D-C583-481E-983F-08F423ED8364"
"3BEE34E9-21ED-4833-B86C-C96F3814F836","AEF32B22-E36A-411F-8D3B-EA082F155420","89BA151D-DCAB-4AFD-B42A-F55218D85B7D"
"3BEE34E9-21ED-4833-B86C-C96F3814F836","AEF32B22-E36A-411F-8D3B-EA082F155420","8CE58A75-98E7-4828-A5A1-83082BB9AF97"
"3BEE34E9-21ED-4833-B86C-C96F3814F836","AEF32B22-E36A-411F-8D3B-EA082F155420","8ED26C6C-0033-4835-BEC6-F2D842049708"
"3BEE34E9-21ED-4833-B86C-C96F3814F836","AEF32B22-E36A-411F-8D3B-EA082F155420","8FD4D793-D55B-4BC1-BEFC-367816EA2089"
"3BEE34E9-21ED-4833-B86C-C96F3814F836","AEF32B22-E36A-411F-8D3B-EA082F155420","900BBA81-3619-44B1-98DB-CEA6CCE220CF"
"3BEE34E9-21ED-4833-B86C-C96F3814F836","AEF32B22-E36A-411F-8D3B-EA082F155420","9AFE05F1-0EEF-4A14-8266-7E101C1C897C"
"3BEE34E9-21ED-4833-B86C-C96F3814F836","AEF32B22-E36A-411F-8D3B-EA082F155420","9D3FAF0B-BBF2-4071-B3DF-4C51F1398354"
"3BEE34E9-21ED-4833-B86C-C96F3814F836","AEF32B22-E36A-411F-8D3B-EA082F155420","9DC24E37-3955-4173-9255-2AF25FF196F9"
"3BEE34E9-21ED-4833-B86C-C96F3814F836","AEF32B22-E36A-411F-8D3B-EA082F155420","A64876FB-46CC-4DCD-AADF-C9D5B5937A05"
"3BEE34E9-21ED-4833-B86C-C96F3814F836","AEF32B22-E36A-411F-8D3B-EA082F155420","AA2283AE-27A0-4B56-B9CB-86AD434BC395"
"3BEE34E9-21ED-4833-B86C-C96F3814F836","AEF32B22-E36A-411F-8D3B-EA082F155420","AC6625B2-91AC-43BC-AB12-F88DADF25696"
"3BEE34E9-21ED-4833-B86C-C96F3814F836","AEF32B22-E36A-411F-8D3B-EA082F155420","AE47BB7F-8938-4979-BE43-1DB8414B2DE0"
"3BEE34E9-21ED-4833-B86C-C96F3814F836","AEF32B22-E36A-411F-8D3B-EA082F155420","B5369B46-3CC4-4BD3-8C30-58C9574AA67A"
"3BEE34E9-21ED-4833-B86C-C96F3814F836","AEF32B22-E36A-411F-8D3B-EA082F155420","B565F025-99D1-4758-A663-B22A39B267E8"
"3BEE34E9-21ED-4833-B86C-C96F3814F836","AEF32B22-E36A-411F-8D3B-EA082F155420","B88AAF58-F995-4F29-8E55-9F7AE5B087F9"
"3BEE34E9-21ED-4833-B86C-C96F3814F836","AEF32B22-E36A-411F-8D3B-EA082F155420","BBAE096E-6C27-4544-88FD-C0944AB0ED6E"
"3BEE34E9-21ED-4833-B86C-C96F3814F836","AEF32B22-E36A-411F-8D3B-EA082F155420","BF10D524-EC24-4CD2-AF4A-EF10E8C31783"
"3BEE34E9-21ED-4833-B86C-C96F3814F836","AEF32B22-E36A-411F-8D3B-EA082F155420","C8688AD1-6097-4051-A9A4-CFB3F0421934"
"3BEE34E9-21ED-4833-B86C-C96F3814F836","AEF32B22-E36A-411F-8D3B-EA082F155420","C8B06D27-EB37-4625-94D2-D0BD9CD192D5"
"3BEE34E9-21ED-4833-B86C-C96F3814F836","AEF32B22-E36A-411F-8D3B-EA082F155420","D1B837BE-569E-42A0-AA82-A6375BF1ADFC"
"3BEE34E9-21ED-4833-B86C-C96F3814F836","AEF32B22-E36A-411F-8D3B-EA082F155420","D53A9E72-70E6-43D6-BBFC-6D8DF3EC0A13"
"3BEE34E9-21ED-4833-B86C-C96F3814F836","AEF32B22-E36A-411F-8D3B-EA082F155420","DCC97EA9-A75C-4C8C-848C-30ECF603FC38"
"3BEE34E9-21ED-4833-B86C-C96F3814F836","AEF32B22-E36A-411F-8D3B-EA082F155420","E255C772-43D5-4480-B7DA-0DF22035A6BB"
"3BEE34E9-21ED-4833-B86C-C96F3814F836","AEF32B22-E36A-411F-8D3B-EA082F155420","E7965268-D78B-40FC-BF8C-8BBC08A5D3C0"
"3BEE34E9-21ED-4833-B86C-C96F3814F836","AEF32B22-E36A-411F-8D3B-EA082F155420","EE23DD01-4E6F-4422-BD5C-CDF88DE8927D"
"3BEE34E9-21ED-4833-B86C-C96F3814F836","AEF32B22-E36A-411F-8D3B-EA082F155420","F2269F4B-1FDC-4E85-ACC4-0541E4C9F4C1"
"3BEE34E9-21ED-4833-B86C-C96F3814F836","AEF32B22-E36A-411F-8D3B-EA082F155420","F3E88013-A413-4EE4-AF31-51A2E68DBAD6"
"3BEE34E9-21ED-4833-B86C-C96F3814F836","AEF32B22-E36A-411F-8D3B-EA082F155420","F786DFFC-1304-4C96-A947-2EA392572A1E"
"3BEE34E9-21ED-4833-B86C-C96F3814F836","AEF32B22-E36A-411F-8D3B-EA082F155420","F8BB14EB-B0EA-4BE0-9FDA-EA98AB178D8B"
"3BEE34E9-21ED-4833-B86C-C96F3814F836","AEF32B22-E36A-411F-8D3B-EA082F155420","FC5CC68B-DD66-4691-9CCD-F15286B4A922"
"3BEE34E9-21ED-4833-B86C-C96F3814F836","AEF32B22-E36A-411F-8D3B-EA082F155420","FE3BD44E-6694-4DDC-B561-A4775BA46F2E"
"14FC2A60-A066-4B2C-A32B-0CFF18584B72","AF6E02B7-6893-4E26-B762-1D0EAB1E2582","C916FB35-C376-406D-8F23-401F16601F0A"
"024F391A-04C1-4B84-8892-59D36ACFEB62","AFB20F74-A0F7-49DC-B4FB-EC76157D23D0","B69DE0D1-B41E-4B7D-A79F-C3AD1369DE71"
"611B6FD1-E1C5-4FA2-8225-33A5350EF1E0","AFECC401-E6F6-4AAD-82BD-F32E4B9B91EB","0EDA4668-8B66-4BB9-989D-44577CD7387E"
"611B6FD1-E1C5-4FA2-8225-33A5350EF1E0","AFECC401-E6F6-4AAD-82BD-F32E4B9B91EB","15811568-A4D2-4454-ABC5-DDFF5AECC09B"
"611B6FD1-E1C5-4FA2-8225-33A5350EF1E0","AFECC401-E6F6-4AAD-82BD-F32E4B9B91EB","1E35C26F-835A-48FA-B79E-9B648B56231A"
"611B6FD1-E1C5-4FA2-8225-33A5350EF1E0","AFECC401-E6F6-4AAD-82BD-F32E4B9B91EB","2BE1C0CA-121F-4347-A850-C914A58B2C18"
"611B6FD1-E1C5-4FA2-8225-33A5350EF1E0","AFECC401-E6F6-4AAD-82BD-F32E4B9B91EB","31a771ba-261e-4c16-8bec-cff044807be5"
"611B6FD1-E1C5-4FA2-8225-33A5350EF1E0","AFECC401-E6F6-4AAD-82BD-F32E4B9B91EB","4F1121D6-31B9-4087-81E3-85ECD42BBCAF"
"611B6FD1-E1C5-4FA2-8225-33A5350EF1E0","AFECC401-E6F6-4AAD-82BD-F32E4B9B91EB","74ba4b44-fc72-486e-b9c9-ff3c8b884df4"
"611B6FD1-E1C5-4FA2-8225-33A5350EF1E0","AFECC401-E6F6-4AAD-82BD-F32E4B9B91EB","A7340137-8D59-43E4-83FE-555F5A561DD4"
"611B6FD1-E1C5-4FA2-8225-33A5350EF1E0","AFECC401-E6F6-4AAD-82BD-F32E4B9B91EB","B12D7188-0A76-4DF7-9CB3-B461DCB663EA"
"611B6FD1-E1C5-4FA2-8225-33A5350EF1E0","AFECC401-E6F6-4AAD-82BD-F32E4B9B91EB","B56A972F-B7BE-4901-8823-33B72ED2CD33"
"611B6FD1-E1C5-4FA2-8225-33A5350EF1E0","AFECC401-E6F6-4AAD-82BD-F32E4B9B91EB","D2C27A3B-C9FC-4388-95C0-8DB77F760918"
"611B6FD1-E1C5-4FA2-8225-33A5350EF1E0","AFECC401-E6F6-4AAD-82BD-F32E4B9B91EB","F1FE1F51-7CA6-4241-A7E3-DC72D13E68EC"
"BD36E8A6-E6E1-400A-A074-428DD2B7867C","B07EF95B-5D7B-4C06-A378-B13FE632A4BF","1E8A02F1-A4AD-4130-B348-6A9E882F7ABD"
"BD36E8A6-E6E1-400A-A074-428DD2B7867C","B07EF95B-5D7B-4C06-A378-B13FE632A4BF","7aa73951-e817-48ea-9d74-fbc7c8d10136"
"INTERVALL","B0C920A5EDF5036E0F78CA589F60F4DCB8CB","a0bf9c3d-c4e8-4cbc-94ad-eabc992344a0"
"827B2E79-CBAA-418E-9FED-EC41213BEF14","B0C97542-1ACE-4736-A848-47B66B198F50","D16FCE59-BA12-4108-AE53-5DFB5BFA08A7"
"CA6C9728-3EC8-4710-B962-485A9387D66E","B0EF3A7F-0BD3-4850-B56C-32A7456ADABC","56841979-35CA-4705-BD19-1D68908ABCAA"
"CA6C9728-3EC8-4710-B962-485A9387D66E","B0EF3A7F-0BD3-4850-B56C-32A7456ADABC","A79DF4CF-3733-419F-80B2-332941B31BE8"
"4F77D014-8146-4DF1-9A3F-F052CE7A8841","B1616514-C4D3-4E10-828B-15FC83D54FF5","5648D62A-3ED3-423B-805A-BDE578F99F5E"
"F22BFA4A-5030-43E6-BA2D-DC0857672A5F","B1833205-1098-40A3-B9BF-62FEA7985EC5","5DE23574-C94B-47A9-8D51-57F374098D3A"
"F22BFA4A-5030-43E6-BA2D-DC0857672A5F","B1833205-1098-40A3-B9BF-62FEA7985EC5","5E13E419-E3D4-4DAB-99B6-3C94277A652B"
"F0A43491-FCBE-4DBA-82C9-49776B3DD1C1","B21BFE6E-2D6F-4446-8493-462C2A0484F3","05C73E40-4756-4524-92C3-E78D619D4838"
"F0A43491-FCBE-4DBA-82C9-49776B3DD1C1","B21BFE6E-2D6F-4446-8493-462C2A0484F3","3FB590E2-3F05-48F4-A89C-FF9E326C1D10"
"F0A43491-FCBE-4DBA-82C9-49776B3DD1C1","B21BFE6E-2D6F-4446-8493-462C2A0484F3","B2106674-209C-4BDD-B275-7B646C055C6C"
"F0A43491-FCBE-4DBA-82C9-49776B3DD1C1","B21BFE6E-2D6F-4446-8493-462C2A0484F3","DDC8D703-E487-4CAB-AF9E-07227631AFEB"
"2A23483F-B544-4A03-A473-AD9D9F976986","B2538D4B-0838-4C75-BD72-9F69DD327ABB","DDD29E94-DFC5-4AB0-BEC7-A10A658C96B0"
"BBCHStadium","B2555F0C96887E52193915A4DF0A9ED66422","602d6df1-0bb7-4235-ae39-3a1b51cf4979"
"35E194DD-AF8A-4A15-AC3A-15440C04A4C9","B2EBE9F3-8481-46EF-94A5-C9E5FAD012EA","4E20E188-9E47-439E-B0A7-70648CAE8163"
"BBCHStadium","B31ABE6A63DBE7ADF91459DF75EEA1023345","1fe695c2-f671-4c62-a3e8-8e1693d7427e"
"D1DDFAB0-8055-4D12-8604-4B5F3DDB75B1","B34C509D-D9DF-49DC-BC44-93CB441DF3E0","34E9043D-29E1-4D60-A20D-DB03183485B2"
"D1DDFAB0-8055-4D12-8604-4B5F3DDB75B1","B34C509D-D9DF-49DC-BC44-93CB441DF3E0","36EBB9DC-2802-487F-955A-929A6D6663B1"
"D1DDFAB0-8055-4D12-8604-4B5F3DDB75B1","B34C509D-D9DF-49DC-BC44-93CB441DF3E0","59AC1FC4-3650-4A44-84F4-97BDCE02C072"
"7BCFD97A-4BD5-4195-8CA2-AB6E71F645AF","B38DD3FE-6581-451F-AE80-36603C42BE95","2081FD11-8DD7-4BFC-84FA-62E9B4FFD0A9"
"7BCFD97A-4BD5-4195-8CA2-AB6E71F645AF","B38DD3FE-6581-451F-AE80-36603C42BE95","782F4DF8-E177-4611-B768-0CEDB8956F07"
"30D8C4AF-3D95-4534-8A38-FA74682D99EE","B3DEC479-D88D-4B83-B3FB-D5676EDE8503","8DE6D976-FFB6-4BEB-9AED-044B3D08BB3B"
"30D8C4AF-3D95-4534-8A38-FA74682D99EE","B3DEC479-D88D-4B83-B3FB-D5676EDE8503","C91F0D5F-4A41-4EF1-915F-0494AC8C09E8"
"1A5A0B28-599F-4977-867D-B0D89FA655A4","B403F5CB-51D4-48AE-B8F0-2D744B54C551","04A1DAB5-6311-4DD0-ABD9-411B407CAC0D"
"1A5A0B28-599F-4977-867D-B0D89FA655A4","B403F5CB-51D4-48AE-B8F0-2D744B54C551","1F313A4C-1003-4D22-A416-312815A19093"
"1A5A0B28-599F-4977-867D-B0D89FA655A4","B403F5CB-51D4-48AE-B8F0-2D744B54C551","686BD217-57F8-4911-9208-284B787378E6"
"1A5A0B28-599F-4977-867D-B0D89FA655A4","B403F5CB-51D4-48AE-B8F0-2D744B54C551","8DE3DF54-B187-4F23-8F6F-A080331BAB9B"
"1A5A0B28-599F-4977-867D-B0D89FA655A4","B403F5CB-51D4-48AE-B8F0-2D744B54C551","934ED964-2BC6-47AF-9BA2-F783FABB2D93"
"1A5A0B28-599F-4977-867D-B0D89FA655A4","B403F5CB-51D4-48AE-B8F0-2D744B54C551","E94E8FA2-BAE3-4D8A-89FB-E1DDA992E0CD"
"1A5A0B28-599F-4977-867D-B0D89FA655A4","B403F5CB-51D4-48AE-B8F0-2D744B54C551","EB9BFA33-802B-4FDE-B8AA-5627ECE5303C"
"1A5A0B28-599F-4977-867D-B0D89FA655A4","B403F5CB-51D4-48AE-B8F0-2D744B54C551","F8E2E327-9DA9-41D4-9BF2-53F6143953FF"
"78EC6002-4DD4-4023-BEDA-5947333CA487","B412890A-68B9-46C7-86CB-5499E494185E","7F33800A-B2F9-4C93-9244-6BDDD83FF6B6"
"78EC6002-4DD4-4023-BEDA-5947333CA487","B412890A-68B9-46C7-86CB-5499E494185E","91F3BBF3-ED51-4906-8F87-15E7F0765469"
"8607BE89-0D86-4DBA-9C72-475933B29492","B43EE1E8-7707-420D-8268-5456735E00B6","C1482879-ADFE-412A-A9DE-00CF46CB288F"
"FCE924C2-E7E5-452C-B9F9-FB9593452719","B4A214AD-CA13-44BA-8BB7-51C31D465892","eb19dc38-8712-419a-9e6a-674d2fbbd895"
"INTERVALL","B4A58ADE1BA6D1F971743F2ECAD6C999F572","8d8bfad9-882f-44be-b5b6-d3ad6a27d23f"
"PER","B4EE8CBD9049B978E0BDF01AB71FFD0BD6DE","f382cb52-563d-4d2f-8d5a-8127de1e0d7a"
"51F93E9E-8285-458B-B5BB-E6F9B4FED8D1","B4FBFE76-26DF-4E4B-A58C-F5D6BF4033A9","0105124A-FCE5-4A3B-95B5-7FC11E3C355F"
"51F93E9E-8285-458B-B5BB-E6F9B4FED8D1","B4FBFE76-26DF-4E4B-A58C-F5D6BF4033A9","019693DF-EF0B-4588-8EDC-B3F42A6E6308"
"51F93E9E-8285-458B-B5BB-E6F9B4FED8D1","B4FBFE76-26DF-4E4B-A58C-F5D6BF4033A9","080DCA2F-1CF0-426B-9A26-884BAE905599"
"51F93E9E-8285-458B-B5BB-E6F9B4FED8D1","B4FBFE76-26DF-4E4B-A58C-F5D6BF4033A9","1C430028-1711-4E10-8462-987F6927CF0C"
"51F93E9E-8285-458B-B5BB-E6F9B4FED8D1","B4FBFE76-26DF-4E4B-A58C-F5D6BF4033A9","1EB60C89-43DC-49D3-9169-C11682F61822"
"51F93E9E-8285-458B-B5BB-E6F9B4FED8D1","B4FBFE76-26DF-4E4B-A58C-F5D6BF4033A9","1f5b2c23-c9c1-4023-a237-6cbdedd5f1f2"
"51F93E9E-8285-458B-B5BB-E6F9B4FED8D1","B4FBFE76-26DF-4E4B-A58C-F5D6BF4033A9","20DEBE7E-50D2-463C-8AF0-163DC1DC40DF"
"51F93E9E-8285-458B-B5BB-E6F9B4FED8D1","B4FBFE76-26DF-4E4B-A58C-F5D6BF4033A9","25DA8754-A7E5-4CC9-B28E-57743CEEC0D6"
"51F93E9E-8285-458B-B5BB-E6F9B4FED8D1","B4FBFE76-26DF-4E4B-A58C-F5D6BF4033A9","2A62F4A8-CD6E-4C29-9632-330E029DD32D"
"51F93E9E-8285-458B-B5BB-E6F9B4FED8D1","B4FBFE76-26DF-4E4B-A58C-F5D6BF4033A9","2A78F7E4-373F-4D2D-B799-E28E1CE257BB"
"51F93E9E-8285-458B-B5BB-E6F9B4FED8D1","B4FBFE76-26DF-4E4B-A58C-F5D6BF4033A9","2B16C701-EA77-4AE7-B266-E026B362026E"
"51F93E9E-8285-458B-B5BB-E6F9B4FED8D1","B4FBFE76-26DF-4E4B-A58C-F5D6BF4033A9","2C9307B4-389E-4482-8777-A624F472BF9E"
"51F93E9E-8285-458B-B5BB-E6F9B4FED8D1","B4FBFE76-26DF-4E4B-A58C-F5D6BF4033A9","321266CC-E698-4F8C-998A-4A915F9F0823"
"51F93E9E-8285-458B-B5BB-E6F9B4FED8D1","B4FBFE76-26DF-4E4B-A58C-F5D6BF4033A9","32F17058-9AC2-4DC4-B4BC-2CB48E015D60"
"51F93E9E-8285-458B-B5BB-E6F9B4FED8D1","B4FBFE76-26DF-4E4B-A58C-F5D6BF4033A9","34C7E7F6-1221-4CC8-909B-D15D41365338"
"51F93E9E-8285-458B-B5BB-E6F9B4FED8D1","B4FBFE76-26DF-4E4B-A58C-F5D6BF4033A9","34FFE48C-4B35-4382-BA29-08A4682253EA"
"51F93E9E-8285-458B-B5BB-E6F9B4FED8D1","B4FBFE76-26DF-4E4B-A58C-F5D6BF4033A9","3827AB25-9C3A-4B4F-A270-7D2BC74F7D70"
"51F93E9E-8285-458B-B5BB-E6F9B4FED8D1","B4FBFE76-26DF-4E4B-A58C-F5D6BF4033A9","3C4BA7DB-4FFD-4FE7-A969-35F105D32D24"
"51F93E9E-8285-458B-B5BB-E6F9B4FED8D1","B4FBFE76-26DF-4E4B-A58C-F5D6BF4033A9","45AFE293-245C-449F-BE5E-F3EA1DFEA35E"
"51F93E9E-8285-458B-B5BB-E6F9B4FED8D1","B4FBFE76-26DF-4E4B-A58C-F5D6BF4033A9","4a475dc1-714d-4e57-b155-912412227793"
"51F93E9E-8285-458B-B5BB-E6F9B4FED8D1","B4FBFE76-26DF-4E4B-A58C-F5D6BF4033A9","5A260365-E16B-41ED-98BC-2797E8321900"
"51F93E9E-8285-458B-B5BB-E6F9B4FED8D1","B4FBFE76-26DF-4E4B-A58C-F5D6BF4033A9","5B958790-958A-4B5B-8483-7DA7EC820208"
"51F93E9E-8285-458B-B5BB-E6F9B4FED8D1","B4FBFE76-26DF-4E4B-A58C-F5D6BF4033A9","64B08B40-92F4-446A-BDE8-2ABB812B3E32"
"51F93E9E-8285-458B-B5BB-E6F9B4FED8D1","B4FBFE76-26DF-4E4B-A58C-F5D6BF4033A9","64bc8507-de4c-40c4-8f2f-2c3cebcf1931"
"51F93E9E-8285-458B-B5BB-E6F9B4FED8D1","B4FBFE76-26DF-4E4B-A58C-F5D6BF4033A9","688883CE-C78D-45A1-A829-C67FE0CA2744"
"51F93E9E-8285-458B-B5BB-E6F9B4FED8D1","B4FBFE76-26DF-4E4B-A58C-F5D6BF4033A9","6aceda06-16fa-448b-8bbb-f204560b40ca"
"51F93E9E-8285-458B-B5BB-E6F9B4FED8D1","B4FBFE76-26DF-4E4B-A58C-F5D6BF4033A9","6B8F233E-32FA-45E4-8F7E-01C3798E81D8"
"51F93E9E-8285-458B-B5BB-E6F9B4FED8D1","B4FBFE76-26DF-4E4B-A58C-F5D6BF4033A9","703D4488-72DA-4886-99A9-81B537DF6654"
"51F93E9E-8285-458B-B5BB-E6F9B4FED8D1","B4FBFE76-26DF-4E4B-A58C-F5D6BF4033A9","73C1EF0E-D604-4F18-B0EF-EB19C45C66CE"
"51F93E9E-8285-458B-B5BB-E6F9B4FED8D1","B4FBFE76-26DF-4E4B-A58C-F5D6BF4033A9","765C06D3-064C-4507-A88A-649852B7ECFD"
"51F93E9E-8285-458B-B5BB-E6F9B4FED8D1","B4FBFE76-26DF-4E4B-A58C-F5D6BF4033A9","7ed39fbd-1a35-43f9-bdd5-18b71f4772a4"
"51F93E9E-8285-458B-B5BB-E6F9B4FED8D1","B4FBFE76-26DF-4E4B-A58C-F5D6BF4033A9","808B7B82-90D1-4E8A-A449-6525D13717A6"
"51F93E9E-8285-458B-B5BB-E6F9B4FED8D1","B4FBFE76-26DF-4E4B-A58C-F5D6BF4033A9","832A5F17-0677-4B8F-BD9A-EB9290BDDB64"
"51F93E9E-8285-458B-B5BB-E6F9B4FED8D1","B4FBFE76-26DF-4E4B-A58C-F5D6BF4033A9","8440F2DE-EE0E-4D74-BEDB-7C57957C086C"
"51F93E9E-8285-458B-B5BB-E6F9B4FED8D1","B4FBFE76-26DF-4E4B-A58C-F5D6BF4033A9","8B45BFBB-B8EB-43FD-BC4E-F8B3D15EE08B"
"51F93E9E-8285-458B-B5BB-E6F9B4FED8D1","B4FBFE76-26DF-4E4B-A58C-F5D6BF4033A9","8B9650D9-9E9E-426A-899C-3CAC89389FFB"
"51F93E9E-8285-458B-B5BB-E6F9B4FED8D1","B4FBFE76-26DF-4E4B-A58C-F5D6BF4033A9","8BA24DBA-AFC5-4321-A14F-104A3607DA48"
"51F93E9E-8285-458B-B5BB-E6F9B4FED8D1","B4FBFE76-26DF-4E4B-A58C-F5D6BF4033A9","8F2B4366-CB57-442D-84EB-3E2188A2783B"
"51F93E9E-8285-458B-B5BB-E6F9B4FED8D1","B4FBFE76-26DF-4E4B-A58C-F5D6BF4033A9","90682CC8-8DB8-46AE-94B2-72CE980BB2D3"
"51F93E9E-8285-458B-B5BB-E6F9B4FED8D1","B4FBFE76-26DF-4E4B-A58C-F5D6BF4033A9","90DDA101-B873-46A8-9688-EFDB6D8040C1"
"51F93E9E-8285-458B-B5BB-E6F9B4FED8D1","B4FBFE76-26DF-4E4B-A58C-F5D6BF4033A9","91CCD242-ACAF-46FA-A124-F62091C6E381"
"51F93E9E-8285-458B-B5BB-E6F9B4FED8D1","B4FBFE76-26DF-4E4B-A58C-F5D6BF4033A9","92dcafd7-75a1-42fd-a78b-9ccc446fd5ab"
"51F93E9E-8285-458B-B5BB-E6F9B4FED8D1","B4FBFE76-26DF-4E4B-A58C-F5D6BF4033A9","92e523d3-49b2-4c4f-b24d-070ea1eb5575"
"51F93E9E-8285-458B-B5BB-E6F9B4FED8D1","B4FBFE76-26DF-4E4B-A58C-F5D6BF4033A9","9314DB05-DAB3-4F25-B2B6-8EAAAC94CA36"
"51F93E9E-8285-458B-B5BB-E6F9B4FED8D1","B4FBFE76-26DF-4E4B-A58C-F5D6BF4033A9","9D89FDBE-BCE9-4F33-9C8C-92504AF10DFA"
"51F93E9E-8285-458B-B5BB-E6F9B4FED8D1","B4FBFE76-26DF-4E4B-A58C-F5D6BF4033A9","9E133F50-0E66-4D2A-9EE0-A75A188D5F71"
"51F93E9E-8285-458B-B5BB-E6F9B4FED8D1","B4FBFE76-26DF-4E4B-A58C-F5D6BF4033A9","9F8429CC-6027-40A1-82E1-7C07FE1A8F39"
"51F93E9E-8285-458B-B5BB-E6F9B4FED8D1","B4FBFE76-26DF-4E4B-A58C-F5D6BF4033A9","a4068ea7-ebf8-4ff7-bc4a-aaf6f9e536ef"
"51F93E9E-8285-458B-B5BB-E6F9B4FED8D1","B4FBFE76-26DF-4E4B-A58C-F5D6BF4033A9","A5DD8D91-962F-459B-A1D2-2A2A83B3F662"
"51F93E9E-8285-458B-B5BB-E6F9B4FED8D1","B4FBFE76-26DF-4E4B-A58C-F5D6BF4033A9","a6c16d89-0ab4-4eab-a263-75fdcc6ae02f"
"51F93E9E-8285-458B-B5BB-E6F9B4FED8D1","B4FBFE76-26DF-4E4B-A58C-F5D6BF4033A9","ABF8B478-FD77-47E0-A4F9-078751126FE0"
"51F93E9E-8285-458B-B5BB-E6F9B4FED8D1","B4FBFE76-26DF-4E4B-A58C-F5D6BF4033A9","adb44dac-a193-47c0-aed4-90c6fa48df2d"
"51F93E9E-8285-458B-B5BB-E6F9B4FED8D1","B4FBFE76-26DF-4E4B-A58C-F5D6BF4033A9","AFF71E35-5817-4F77-9D23-91C6AE6A612C"
"51F93E9E-8285-458B-B5BB-E6F9B4FED8D1","B4FBFE76-26DF-4E4B-A58C-F5D6BF4033A9","b2641f3b-534a-43a3-aa5b-381228f1a989"
"51F93E9E-8285-458B-B5BB-E6F9B4FED8D1","B4FBFE76-26DF-4E4B-A58C-F5D6BF4033A9","B68C2082-27EA-4899-A4B2-E77BD09CE8BC"
"51F93E9E-8285-458B-B5BB-E6F9B4FED8D1","B4FBFE76-26DF-4E4B-A58C-F5D6BF4033A9","B81E9E81-FC5A-44CA-A793-6C78B0AD1C66"
"51F93E9E-8285-458B-B5BB-E6F9B4FED8D1","B4FBFE76-26DF-4E4B-A58C-F5D6BF4033A9","B8A84D7F-FC8B-4509-BBCE-46F368A1DF90"
"51F93E9E-8285-458B-B5BB-E6F9B4FED8D1","B4FBFE76-26DF-4E4B-A58C-F5D6BF4033A9","BCF5B458-37C6-47EE-893E-F84DBC454D77"
"51F93E9E-8285-458B-B5BB-E6F9B4FED8D1","B4FBFE76-26DF-4E4B-A58C-F5D6BF4033A9","BDDF1458-6ACC-438B-B8B1-117C8701C4E2"
"51F93E9E-8285-458B-B5BB-E6F9B4FED8D1","B4FBFE76-26DF-4E4B-A58C-F5D6BF4033A9","c675cd57-64c3-408a-8eae-b76a86b871e2"
"51F93E9E-8285-458B-B5BB-E6F9B4FED8D1","B4FBFE76-26DF-4E4B-A58C-F5D6BF4033A9","CB11F54C-757E-43EC-988A-6FC34D56ACB1"
"51F93E9E-8285-458B-B5BB-E6F9B4FED8D1","B4FBFE76-26DF-4E4B-A58C-F5D6BF4033A9","CC2FA407-6CA8-4D6D-A7E0-CAFFFA1ED186"
"51F93E9E-8285-458B-B5BB-E6F9B4FED8D1","B4FBFE76-26DF-4E4B-A58C-F5D6BF4033A9","D011A6BB-17BA-456A-B64E-7858DBBB2C2C"
"51F93E9E-8285-458B-B5BB-E6F9B4FED8D1","B4FBFE76-26DF-4E4B-A58C-F5D6BF4033A9","D0998D31-DC6F-412E-8FC7-DDD5C93C8783"
"51F93E9E-8285-458B-B5BB-E6F9B4FED8D1","B4FBFE76-26DF-4E4B-A58C-F5D6BF4033A9","D416C222-BC2C-48FB-8F6E-46D9F437D9DE"
"51F93E9E-8285-458B-B5BB-E6F9B4FED8D1","B4FBFE76-26DF-4E4B-A58C-F5D6BF4033A9","D5DE1F4D-F7FF-4D55-90C1-BC897F445F7F"
"51F93E9E-8285-458B-B5BB-E6F9B4FED8D1","B4FBFE76-26DF-4E4B-A58C-F5D6BF4033A9","DA5769D3-BC01-4086-8E3F-CEE1788370FF"
"51F93E9E-8285-458B-B5BB-E6F9B4FED8D1","B4FBFE76-26DF-4E4B-A58C-F5D6BF4033A9","E0E3F81E-6297-44A8-AF93-B3B6213DA1B8"
"51F93E9E-8285-458B-B5BB-E6F9B4FED8D1","B4FBFE76-26DF-4E4B-A58C-F5D6BF4033A9","E3586425-D04B-4FE4-8522-948BE749873D"
"51F93E9E-8285-458B-B5BB-E6F9B4FED8D1","B4FBFE76-26DF-4E4B-A58C-F5D6BF4033A9","E44B621E-771F-481E-8921-A63433665DBB"
"51F93E9E-8285-458B-B5BB-E6F9B4FED8D1","B4FBFE76-26DF-4E4B-A58C-F5D6BF4033A9","E4584F4A-64BB-4446-BB06-AD4B63739526"
"51F93E9E-8285-458B-B5BB-E6F9B4FED8D1","B4FBFE76-26DF-4E4B-A58C-F5D6BF4033A9","E5D1ED9A-A336-44BA-89AE-33BB6CDFB553"
"51F93E9E-8285-458B-B5BB-E6F9B4FED8D1","B4FBFE76-26DF-4E4B-A58C-F5D6BF4033A9","E6408D5B-919A-4800-8E6B-DFD83C56EBB6"
"51F93E9E-8285-458B-B5BB-E6F9B4FED8D1","B4FBFE76-26DF-4E4B-A58C-F5D6BF4033A9","E66C843D-5E4E-44B1-941C-661E338CF477"
"51F93E9E-8285-458B-B5BB-E6F9B4FED8D1","B4FBFE76-26DF-4E4B-A58C-F5D6BF4033A9","E949F822-9A2C-4A99-AC80-C985C756E52B"
"51F93E9E-8285-458B-B5BB-E6F9B4FED8D1","B4FBFE76-26DF-4E4B-A58C-F5D6BF4033A9","EA53D350-D314-47F2-A83A-54109ACFA65A"
"51F93E9E-8285-458B-B5BB-E6F9B4FED8D1","B4FBFE76-26DF-4E4B-A58C-F5D6BF4033A9","EAB0292A-DE16-425E-AB49-440B134AE57C"
"51F93E9E-8285-458B-B5BB-E6F9B4FED8D1","B4FBFE76-26DF-4E4B-A58C-F5D6BF4033A9","EFC8D852-E741-40DA-8C90-AED04B80B15F"
"51F93E9E-8285-458B-B5BB-E6F9B4FED8D1","B4FBFE76-26DF-4E4B-A58C-F5D6BF4033A9","F47B92B1-1191-4B25-B7C8-DD4A17A2AC0D"
"51F93E9E-8285-458B-B5BB-E6F9B4FED8D1","B4FBFE76-26DF-4E4B-A58C-F5D6BF4033A9","FC3B92AF-5DAA-4A51-A28E-A6D43EF33B76"
"51F93E9E-8285-458B-B5BB-E6F9B4FED8D1","B4FBFE76-26DF-4E4B-A58C-F5D6BF4033A9","FF3EB58D-08DB-4B3A-B62A-FB57C41F7D66"
"F948FDEF-8421-4FEF-AD6D-DBC3345B7175","B506D29C-020F-4879-954F-4CD6A597DACF","6A160F8C-E580-4477-BCC8-33E7ACA610ED"
"D3CDFEA5-3889-49E2-8C0C-10120280667D","B5512764-403A-40BD-92B8-8406E976972F","05A41C13-A4DD-431A-860E-FDBEE8C9721C"
"D3CDFEA5-3889-49E2-8C0C-10120280667D","B5512764-403A-40BD-92B8-8406E976972F","7AC6B825-3FDF-4FF4-AEDA-8055B759A4A4"
"D3CDFEA5-3889-49E2-8C0C-10120280667D","B5512764-403A-40BD-92B8-8406E976972F","A673E7CE-E1C4-4C65-B867-704815C1826E"
"D3CDFEA5-3889-49E2-8C0C-10120280667D","B5512764-403A-40BD-92B8-8406E976972F","E4FE7A36-D5FC-40B3-88B1-BF6643427869"
"5C17A4B4-7B6D-4B89-BA47-1960EF4DBB5F","B5C583C0-AF60-40EB-AA35-2A53492C3FCD","6A317AA4-69EE-4E72-8410-414E2C5DF993"
"5C17A4B4-7B6D-4B89-BA47-1960EF4DBB5F","B5C583C0-AF60-40EB-AA35-2A53492C3FCD","A828E6A4-6B23-4999-A0D2-BF2F0E7E4EBA"
"5C17A4B4-7B6D-4B89-BA47-1960EF4DBB5F","B5C583C0-AF60-40EB-AA35-2A53492C3FCD","DDFDAB3C-E029-4996-B6AE-AD683D5F566D"
"5C17A4B4-7B6D-4B89-BA47-1960EF4DBB5F","B5C583C0-AF60-40EB-AA35-2A53492C3FCD","E5362CFA-5048-45BC-AC34-881A2FADFDC7"
"11010E77-6B26-4964-B134-4CFC8619028E","B65A7EAB-A3FE-4997-B267-A7C7B7A59935","4F1121D6-31B9-4087-81E3-85ECD42BBCAF"
"41DDA51E-28E9-49A2-B941-D0E29FD266BE","B6ED58F3-5385-41C1-AE81-E3244CF1C99C","0B27E54A-361D-4C46-858A-E41B3643CA82"
"41DDA51E-28E9-49A2-B941-D0E29FD266BE","B6ED58F3-5385-41C1-AE81-E3244CF1C99C","20970079-1268-4015-8A7B-1358329EE63F"
"41DDA51E-28E9-49A2-B941-D0E29FD266BE","B6ED58F3-5385-41C1-AE81-E3244CF1C99C","3166D8CB-38A6-4BDC-B813-4AFC3BD5DAD2"
"41DDA51E-28E9-49A2-B941-D0E29FD266BE","B6ED58F3-5385-41C1-AE81-E3244CF1C99C","6786522D-0F15-4BCE-BF3C-C1D9FDD4CF3D"
"41DDA51E-28E9-49A2-B941-D0E29FD266BE","B6ED58F3-5385-41C1-AE81-E3244CF1C99C","B8128689-4298-4B65-90F8-223B43DEF5E9"
"41DDA51E-28E9-49A2-B941-D0E29FD266BE","B6ED58F3-5385-41C1-AE81-E3244CF1C99C","B85F51BE-046E-453C-BED6-1CF98AA2C49E"
"41DDA51E-28E9-49A2-B941-D0E29FD266BE","B6ED58F3-5385-41C1-AE81-E3244CF1C99C","E55FFA70-30F9-4F5B-A30D-89A27E20DDFE"
"EC0CBB3E-B78F-466A-B0FA-0E7D55B536D9","B7131667-AC05-4F29-B465-3C31105F0FB9","5E664065-0057-4718-AB48-702700E8BBC6"
"EC0CBB3E-B78F-466A-B0FA-0E7D55B536D9","B7131667-AC05-4F29-B465-3C31105F0FB9","F08E7DB1-034A-4906-8104-0F4375F5AED9"
"EC0CBB3E-B78F-466A-B0FA-0E7D55B536D9","B7131667-AC05-4F29-B465-3C31105F0FB9","F4AA1B15-4A09-413A-AEEC-A0BB835EF320"
"79A3029E-1BA3-4563-92C6-C77F101782A9","B71667B1-BA06-4627-B153-31D92108222B","043FE01E-7426-435C-A9C8-C3C800CFD077"
"79A3029E-1BA3-4563-92C6-C77F101782A9","B71667B1-BA06-4627-B153-31D92108222B","c1325b83-ea2a-4fb2-b3aa-01436a8cc570"
"79A3029E-1BA3-4563-92C6-C77F101782A9","B71667B1-BA06-4627-B153-31D92108222B","C9971658-D734-4935-8F37-DCB92C919877"
"79A3029E-1BA3-4563-92C6-C77F101782A9","B71667B1-BA06-4627-B153-31D92108222B","dbb6fa20-1ee2-4d68-b210-8b6de6a84f79"
"79A3029E-1BA3-4563-92C6-C77F101782A9","B71667B1-BA06-4627-B153-31D92108222B","EFA6828D-935F-48F6-A7FD-91FA75B6FF2F"
"79A3029E-1BA3-4563-92C6-C77F101782A9","B71667B1-BA06-4627-B153-31D92108222B","fa859fbc-7829-4a25-b758-1de494d0b0f8"
"75787D2D-5A58-44E8-A39E-97B883AC9044","B837BF73-1E36-4670-BE18-6CB0A14FD784","9F06090A-4534-4835-85A0-DF74993BE844"
"INTERVALL","B89F2217D85C45F58BCF7F789C83131DFD1B","8d2a5e48-c90d-473d-b292-412757668753"
"AAE09ACA-7D09-4270-A826-2C591CDC62D6","B8FB2A29-FCF3-4FBB-909C-2DD686BB7BC2","82C85E26-CAC6-4CE0-A823-290DF8454580"
"AAE09ACA-7D09-4270-A826-2C591CDC62D6","B8FB2A29-FCF3-4FBB-909C-2DD686BB7BC2","9E43F54D-2503-4A91-A66A-E2E6532FB54D"
"AAE09ACA-7D09-4270-A826-2C591CDC62D6","B8FB2A29-FCF3-4FBB-909C-2DD686BB7BC2","CAD574B2-EFD9-4B11-BAC9-888B0C82AE78"
"AAE09ACA-7D09-4270-A826-2C591CDC62D6","B8FB2A29-FCF3-4FBB-909C-2DD686BB7BC2","DAF045FC-AEC0-4180-8D97-47AF452DA38C"
"AAE09ACA-7D09-4270-A826-2C591CDC62D6","B8FB2A29-FCF3-4FBB-909C-2DD686BB7BC2","FC9E6FB4-A62F-4610-A334-C7D4CB3C4B0F"
"18995036-F807-43B8-927E-0B6434E0E551","B91B64EE-8CA5-4E62-BFA6-CA415948AEC1","B2CBD5F4-80C1-4E74-BE82-2C1F3D5F2E22"
"3A99E133-1E46-45D7-BA80-15DBA4F3826F","B961C846-FBB7-4003-B803-1E9776AC0A27","EA861153-E892-4A57-9CA3-EEF55B475FB4"
"926C12E0-8A7F-41E5-8D4B-402688778F90","B97226AE-7F2F-4DF4-87F3-9CB6F4AA6CA0","0ED00F50-4D62-43CC-AF56-306DBC79E039"
"926C12E0-8A7F-41E5-8D4B-402688778F90","B97226AE-7F2F-4DF4-87F3-9CB6F4AA6CA0","200DA13F-E49E-4BA0-B437-F3B73488C12D"
"926C12E0-8A7F-41E5-8D4B-402688778F90","B97226AE-7F2F-4DF4-87F3-9CB6F4AA6CA0","21B3B1DE-6368-4BA0-8639-4D2678C99F59"
"926C12E0-8A7F-41E5-8D4B-402688778F90","B97226AE-7F2F-4DF4-87F3-9CB6F4AA6CA0","2435F379-E30D-476D-A655-0659A184A9BF"
"926C12E0-8A7F-41E5-8D4B-402688778F90","B97226AE-7F2F-4DF4-87F3-9CB6F4AA6CA0","2634BC92-EC5A-441B-A73E-0923B4BFDF51"
"926C12E0-8A7F-41E5-8D4B-402688778F90","B97226AE-7F2F-4DF4-87F3-9CB6F4AA6CA0","44BA26BB-782C-4D4C-8549-155DAAB54378"
"926C12E0-8A7F-41E5-8D4B-402688778F90","B97226AE-7F2F-4DF4-87F3-9CB6F4AA6CA0","457E2578-A26F-49EA-8F0A-86638C34EB1C"
"926C12E0-8A7F-41E5-8D4B-402688778F90","B97226AE-7F2F-4DF4-87F3-9CB6F4AA6CA0","4DBC9B0A-6C98-4B13-932F-43BF5C644633"
"926C12E0-8A7F-41E5-8D4B-402688778F90","B97226AE-7F2F-4DF4-87F3-9CB6F4AA6CA0","5B182BAA-1EAD-428D-92A5-4AECCC8E75B5"
"926C12E0-8A7F-41E5-8D4B-402688778F90","B97226AE-7F2F-4DF4-87F3-9CB6F4AA6CA0","5DE4A696-2C19-4FDB-992A-E7B29B1FADF8"
"926C12E0-8A7F-41E5-8D4B-402688778F90","B97226AE-7F2F-4DF4-87F3-9CB6F4AA6CA0","6163ECBB-6FC6-4FB4-90DE-870EA2D35F4D"
"926C12E0-8A7F-41E5-8D4B-402688778F90","B97226AE-7F2F-4DF4-87F3-9CB6F4AA6CA0","62CF98FC-91D9-4A53-A086-590D485488EF"
"926C12E0-8A7F-41E5-8D4B-402688778F90","B97226AE-7F2F-4DF4-87F3-9CB6F4AA6CA0","636E08D4-5E92-463E-B7A4-258B874C6AFE"
"926C12E0-8A7F-41E5-8D4B-402688778F90","B97226AE-7F2F-4DF4-87F3-9CB6F4AA6CA0","752FBAEE-3A71-4FDC-A6AD-C1FD1B7DBA52"
"926C12E0-8A7F-41E5-8D4B-402688778F90","B97226AE-7F2F-4DF4-87F3-9CB6F4AA6CA0","85CCDAED-CA38-42A5-A103-24CBAC5D7775"
"926C12E0-8A7F-41E5-8D4B-402688778F90","B97226AE-7F2F-4DF4-87F3-9CB6F4AA6CA0","8A29FF83-1D29-459D-AEC6-A7026CDDE27F"
"926C12E0-8A7F-41E5-8D4B-402688778F90","B97226AE-7F2F-4DF4-87F3-9CB6F4AA6CA0","8FB13527-C26D-4A74-B447-BDABA36E9622"
"926C12E0-8A7F-41E5-8D4B-402688778F90","B97226AE-7F2F-4DF4-87F3-9CB6F4AA6CA0","9D627870-5162-42CD-B0A1-70CF2F67A0E2"
"926C12E0-8A7F-41E5-8D4B-402688778F90","B97226AE-7F2F-4DF4-87F3-9CB6F4AA6CA0","A3C6E569-0E6C-4442-911B-1747EB452EB9"
"926C12E0-8A7F-41E5-8D4B-402688778F90","B97226AE-7F2F-4DF4-87F3-9CB6F4AA6CA0","A6CE8DC3-BB1F-4D54-A35E-E52E2B3AF5C6"
"926C12E0-8A7F-41E5-8D4B-402688778F90","B97226AE-7F2F-4DF4-87F3-9CB6F4AA6CA0","C192041E-5A27-48DE-8396-9A561F00AD17"
"926C12E0-8A7F-41E5-8D4B-402688778F90","B97226AE-7F2F-4DF4-87F3-9CB6F4AA6CA0","C6DEA821-7F6F-4C30-B85A-C5445EBBD569"
"926C12E0-8A7F-41E5-8D4B-402688778F90","B97226AE-7F2F-4DF4-87F3-9CB6F4AA6CA0","C80E0933-9A43-4447-ACA4-B4C2FDCDCAAE"
"926C12E0-8A7F-41E5-8D4B-402688778F90","B97226AE-7F2F-4DF4-87F3-9CB6F4AA6CA0","C9FF20C4-BD5F-4B2F-85AD-78F29639DF16"
"926C12E0-8A7F-41E5-8D4B-402688778F90","B97226AE-7F2F-4DF4-87F3-9CB6F4AA6CA0","ED615F7A-159B-4DDB-B945-CF4A478C4DDB"
"926C12E0-8A7F-41E5-8D4B-402688778F90","B97226AE-7F2F-4DF4-87F3-9CB6F4AA6CA0","F17A7968-4B87-4C08-B672-233EF95EB97D"
"926C12E0-8A7F-41E5-8D4B-402688778F90","B97226AE-7F2F-4DF4-87F3-9CB6F4AA6CA0","F25BF90C-865C-47B5-9DB2-01BCC48C499D"
"PER","B973687C4654D81E8103995D78479E7921D8","0ab12dee-b6d4-47ac-960e-7dd13a2f7b83"
"38512F55-FD68-4DBB-8728-141D590DD64A","B9D59B82-8907-4245-9DD8-36B6BD0FB876","00BAE1ED-8266-40F2-8ADF-AC4387BD7CA5"
"38512F55-FD68-4DBB-8728-141D590DD64A","B9D59B82-8907-4245-9DD8-36B6BD0FB876","01055D2C-5248-444A-9F3D-10EA75DE68D6"
"38512F55-FD68-4DBB-8728-141D590DD64A","B9D59B82-8907-4245-9DD8-36B6BD0FB876","063980C4-9C95-426D-8C12-2D0F19A31E21"
"38512F55-FD68-4DBB-8728-141D590DD64A","B9D59B82-8907-4245-9DD8-36B6BD0FB876","0B6C21A1-100C-4B0E-B4B4-8B72D8ADC325"
"38512F55-FD68-4DBB-8728-141D590DD64A","B9D59B82-8907-4245-9DD8-36B6BD0FB876","0C716136-C5CA-463F-B730-8C8ED7908599"
"38512F55-FD68-4DBB-8728-141D590DD64A","B9D59B82-8907-4245-9DD8-36B6BD0FB876","1145FF35-A7E8-4B12-84FC-2DBDBCB6F6DD"
"38512F55-FD68-4DBB-8728-141D590DD64A","B9D59B82-8907-4245-9DD8-36B6BD0FB876","17533565-D9FA-4F9E-A9C7-7B298A31660D"
"38512F55-FD68-4DBB-8728-141D590DD64A","B9D59B82-8907-4245-9DD8-36B6BD0FB876","18FFD75B-FF8D-4CA8-9D85-472A5640FD9C"
"38512F55-FD68-4DBB-8728-141D590DD64A","B9D59B82-8907-4245-9DD8-36B6BD0FB876","22269304-2372-4460-AE49-719E7E94006E"
"38512F55-FD68-4DBB-8728-141D590DD64A","B9D59B82-8907-4245-9DD8-36B6BD0FB876","227FF255-848E-435C-B3A3-ED659E6E7D45"
"38512F55-FD68-4DBB-8728-141D590DD64A","B9D59B82-8907-4245-9DD8-36B6BD0FB876","24674116-94DE-4896-816A-C9D976A3F940"
"38512F55-FD68-4DBB-8728-141D590DD64A","B9D59B82-8907-4245-9DD8-36B6BD0FB876","2A51158B-149C-4064-9ABA-8B9EF0CD4CE6"
"38512F55-FD68-4DBB-8728-141D590DD64A","B9D59B82-8907-4245-9DD8-36B6BD0FB876","2CD0D227-BCD1-4C48-8DA4-3E0007FA274E"
"38512F55-FD68-4DBB-8728-141D590DD64A","B9D59B82-8907-4245-9DD8-36B6BD0FB876","31B2446D-6C40-421F-AAD4-C2536BFEBA7B"
"38512F55-FD68-4DBB-8728-141D590DD64A","B9D59B82-8907-4245-9DD8-36B6BD0FB876","322E6E02-F42E-4390-82C2-24D6DD2E01B2"
"38512F55-FD68-4DBB-8728-141D590DD64A","B9D59B82-8907-4245-9DD8-36B6BD0FB876","338C94F3-4683-4AE7-A521-1BD6FE469506"
"38512F55-FD68-4DBB-8728-141D590DD64A","B9D59B82-8907-4245-9DD8-36B6BD0FB876","33F1E89D-A107-464D-BA47-8D9779668FFF"
"38512F55-FD68-4DBB-8728-141D590DD64A","B9D59B82-8907-4245-9DD8-36B6BD0FB876","362D5AE5-4AFB-4F27-8BCE-605CEC9DA7C2"
"38512F55-FD68-4DBB-8728-141D590DD64A","B9D59B82-8907-4245-9DD8-36B6BD0FB876","373445BA-A8CB-4DDB-B736-0AE63E2EA84F"
"38512F55-FD68-4DBB-8728-141D590DD64A","B9D59B82-8907-4245-9DD8-36B6BD0FB876","37965CD1-1C24-4CCD-95AF-9537FA1EFB3A"
"38512F55-FD68-4DBB-8728-141D590DD64A","B9D59B82-8907-4245-9DD8-36B6BD0FB876","3F3D8967-9F94-4CEF-826E-E7A28985CBB4"
"38512F55-FD68-4DBB-8728-141D590DD64A","B9D59B82-8907-4245-9DD8-36B6BD0FB876","3FDCD1C0-32C5-41B4-B913-F9B1EC7AB905"
"38512F55-FD68-4DBB-8728-141D590DD64A","B9D59B82-8907-4245-9DD8-36B6BD0FB876","4554B8BD-AB50-4A33-96C8-7B8FB3D4B099"
"F8BF8C9B-433B-48C1-AA68-84243FD58258","86C32B4F-E49D-4349-BFEF-C6E53D329418","61A45680-9916-40EC-B784-8EC74ABC1C98"
"F8BF8C9B-433B-48C1-AA68-84243FD58258","86C32B4F-E49D-4349-BFEF-C6E53D329418","7981D9F6-248A-47F1-94F8-37C9EE4C6B7D"
"F8BF8C9B-433B-48C1-AA68-84243FD58258","86C32B4F-E49D-4349-BFEF-C6E53D329418","90C88FAF-A0E3-48E6-AD91-CE20BBA45137"
"F8BF8C9B-433B-48C1-AA68-84243FD58258","86C32B4F-E49D-4349-BFEF-C6E53D329418","b48c9c93-0ed6-4705-b345-14dd3264cffe"
"F8BF8C9B-433B-48C1-AA68-84243FD58258","86C32B4F-E49D-4349-BFEF-C6E53D329418","D6039485-6A0F-4FAE-B2DB-E0D006410D6C"
"F8BF8C9B-433B-48C1-AA68-84243FD58258","86C32B4F-E49D-4349-BFEF-C6E53D329418","D65F5B54-4435-425E-ACAC-9BF2EE9510A3"
"A2691A9C-506A-4127-B542-757D154E2DB8","86E209BC-9763-4B8D-8CA6-C6691E3B2EC1","F2FACE22-A141-4261-AAE1-F9A37E0661A8"
"AB2C6FF4-42E7-4FA5-8236-6CC5CC109871","86E70586-DC38-4F7A-B061-93D796EB2334","303A2DA1-B5F5-4443-930E-852CBA6F82E3"
"AB2C6FF4-42E7-4FA5-8236-6CC5CC109871","86E70586-DC38-4F7A-B061-93D796EB2334","4B9212FD-9872-4A31-BC87-2EC24BDC3167"
"AB2C6FF4-42E7-4FA5-8236-6CC5CC109871","86E70586-DC38-4F7A-B061-93D796EB2334","59F3FF1A-33AD-44CB-A18E-49859D370944"
"AB2C6FF4-42E7-4FA5-8236-6CC5CC109871","86E70586-DC38-4F7A-B061-93D796EB2334","6F13E507-2B96-4BCF-8CF8-5B134143994A"
"AB2C6FF4-42E7-4FA5-8236-6CC5CC109871","86E70586-DC38-4F7A-B061-93D796EB2334","91D6F3AA-5EE2-4D5F-A957-CCC116E1BA11"
"AB2C6FF4-42E7-4FA5-8236-6CC5CC109871","86E70586-DC38-4F7A-B061-93D796EB2334","9CB00F71-3FCE-4DFC-B849-6FD7E1B5F100"
"AB2C6FF4-42E7-4FA5-8236-6CC5CC109871","86E70586-DC38-4F7A-B061-93D796EB2334","A48EBEDD-1DAB-4677-9CC6-149E4A9E7F1A"
"AB2C6FF4-42E7-4FA5-8236-6CC5CC109871","86E70586-DC38-4F7A-B061-93D796EB2334","B69DE0D1-B41E-4B7D-A79F-C3AD1369DE71"
"AB2C6FF4-42E7-4FA5-8236-6CC5CC109871","86E70586-DC38-4F7A-B061-93D796EB2334","BEE4A6BF-6F88-4129-A7AB-AE9AF8DC8FA3"
"AB2C6FF4-42E7-4FA5-8236-6CC5CC109871","86E70586-DC38-4F7A-B061-93D796EB2334","C55D9851-1C3B-4533-BE3E-9DFA253550D8"
"AB2C6FF4-42E7-4FA5-8236-6CC5CC109871","86E70586-DC38-4F7A-B061-93D796EB2334","C6EC25FB-2416-41E6-8C87-E37ABAFDD381"
"AB2C6FF4-42E7-4FA5-8236-6CC5CC109871","86E70586-DC38-4F7A-B061-93D796EB2334","DA31E154-B684-4592-8D8C-7894B4B39594"
"AB2C6FF4-42E7-4FA5-8236-6CC5CC109871","86E70586-DC38-4F7A-B061-93D796EB2334","DCCBFBA7-BFE8-432F-8382-6FBE4C087B05"
"AB2C6FF4-42E7-4FA5-8236-6CC5CC109871","86E70586-DC38-4F7A-B061-93D796EB2334","EFD2EB42-9FFE-45AF-9EB5-E7C61B312D04"
"AB2C6FF4-42E7-4FA5-8236-6CC5CC109871","86E70586-DC38-4F7A-B061-93D796EB2334","F9603135-E5A8-46EC-81DF-7E444E2BFED1"
"AD9B9B26-5626-4AE7-82D3-E15D8511A431","8727C20F-6317-4E6F-9D68-F8573B6654B6","7F3709E2-E750-4FAB-AB05-7DBEE677C44D"
"AD9B9B26-5626-4AE7-82D3-E15D8511A431","8727C20F-6317-4E6F-9D68-F8573B6654B6","CAD03AE3-6346-4B93-9A12-571C238AD294"
"B2693125-6CD5-412E-AE1A-7BEF5C09429D","87D8192D-931E-4322-AA80-4667D0AF6BA8","338F6226-34B2-4CB8-81FE-69680D547DD0"
"B2693125-6CD5-412E-AE1A-7BEF5C09429D","87D8192D-931E-4322-AA80-4667D0AF6BA8","5AA24B40-4401-4A65-9FD3-9F470F9AD78B"
"E881F13E-D489-42D0-84AC-D68FC0183D35","87F2738C-FE29-4259-B95D-9FC2C17BE690","A8ED09C0-77D5-4668-BE40-035A73F0E4A9"
"B680E546-7972-4F31-A3A3-C1C99A137410","888F0A87-A4D0-4D05-B94A-6D0257DADB7D","1BE23F72-EEB8-48E9-BB74-A899AC35983A"
"B680E546-7972-4F31-A3A3-C1C99A137410","888F0A87-A4D0-4D05-B94A-6D0257DADB7D","55B1A9BF-51AF-40B7-9009-477E41D6003F"
"B680E546-7972-4F31-A3A3-C1C99A137410","888F0A87-A4D0-4D05-B94A-6D0257DADB7D","A77C1D5F-DD40-4A84-BD79-E6C326AA7059"
"PER","88E9B41C31FEED7827F132117F185C8AFC4C","7cd99d19-c968-4a21-a446-5d7ed600f4d7"
"PER","88F3BC0D2A7A67207537C1D7A406D020AD4C","d9f6727c-0cf8-4a1d-a936-503a42e3f742"
"853B90BF-A8D2-4731-A5B2-FD4952A648FA","8901B8BF-D5E5-4366-8303-27B6A7CF5D1C","2c5fc6ca-6800-460c-8d36-8e764ace7529"
"853B90BF-A8D2-4731-A5B2-FD4952A648FA","8901B8BF-D5E5-4366-8303-27B6A7CF5D1C","B392EA53-D463-4CE1-AF5D-CF1241E736F1"
"03003506-A3AD-4C81-9CB2-64066F8E14E4","89644FB2-99EF-413A-B94A-AF00977829A5","00C35A88-A839-4B0B-B03A-47F966211338"
"03003506-A3AD-4C81-9CB2-64066F8E14E4","89644FB2-99EF-413A-B94A-AF00977829A5","01a839c6-061b-42f9-8f1e-bf36ebb25734"
"03003506-A3AD-4C81-9CB2-64066F8E14E4","89644FB2-99EF-413A-B94A-AF00977829A5","0252ca51-e90d-4994-b12a-1967dd31cf5a"
"03003506-A3AD-4C81-9CB2-64066F8E14E4","89644FB2-99EF-413A-B94A-AF00977829A5","0315b28b-2e45-42eb-87b3-e8cade6ea99a"
"03003506-A3AD-4C81-9CB2-64066F8E14E4","89644FB2-99EF-413A-B94A-AF00977829A5","06773e88-cc8a-43d8-8e9e-f30326c78115"
"03003506-A3AD-4C81-9CB2-64066F8E14E4","89644FB2-99EF-413A-B94A-AF00977829A5","0c1ea70b-8cfd-4795-8f16-bebd17697246"
"03003506-A3AD-4C81-9CB2-64066F8E14E4","89644FB2-99EF-413A-B94A-AF00977829A5","0fc06183-735e-4633-a486-d518272855f6"
"03003506-A3AD-4C81-9CB2-64066F8E14E4","89644FB2-99EF-413A-B94A-AF00977829A5","13ebc71d-cc55-41f5-90cb-1b0b514c480e"
"03003506-A3AD-4C81-9CB2-64066F8E14E4","89644FB2-99EF-413A-B94A-AF00977829A5","175e4d61-a9a3-4704-a8c9-58c46fe90772"
"03003506-A3AD-4C81-9CB2-64066F8E14E4","89644FB2-99EF-413A-B94A-AF00977829A5","1f5b2c23-c9c1-4023-a237-6cbdedd5f1f2"
"03003506-A3AD-4C81-9CB2-64066F8E14E4","89644FB2-99EF-413A-B94A-AF00977829A5","2389ac93-8c58-4dd1-8633-5d1db0a83375"
"03003506-A3AD-4C81-9CB2-64066F8E14E4","89644FB2-99EF-413A-B94A-AF00977829A5","2545BEDA-31C9-4449-95FC-9B1BEC626414"
"03003506-A3AD-4C81-9CB2-64066F8E14E4","89644FB2-99EF-413A-B94A-AF00977829A5","30e4a44a-7a5f-4b55-9b78-5df0ad23d363"
"03003506-A3AD-4C81-9CB2-64066F8E14E4","89644FB2-99EF-413A-B94A-AF00977829A5","406e0ef6-9942-4ab0-a4ed-f19de667220c"
"03003506-A3AD-4C81-9CB2-64066F8E14E4","89644FB2-99EF-413A-B94A-AF00977829A5","46a3b6aa-1ae3-4b1a-8fac-a37f08afec77"
"03003506-A3AD-4C81-9CB2-64066F8E14E4","89644FB2-99EF-413A-B94A-AF00977829A5","51f6add9-9c9c-471f-acde-b2a8f984916e"
"03003506-A3AD-4C81-9CB2-64066F8E14E4","89644FB2-99EF-413A-B94A-AF00977829A5","560ce25d-2d41-4339-b7d9-f2e5c18b1f66"
"03003506-A3AD-4C81-9CB2-64066F8E14E4","89644FB2-99EF-413A-B94A-AF00977829A5","586b8556-fb2d-414a-a49e-91f8b90e44e8"
"03003506-A3AD-4C81-9CB2-64066F8E14E4","89644FB2-99EF-413A-B94A-AF00977829A5","5dbd4507-7325-4970-8b02-99fd78f6debc"
"03003506-A3AD-4C81-9CB2-64066F8E14E4","89644FB2-99EF-413A-B94A-AF00977829A5","5fb603c3-4f3d-4e16-bb31-f9605075774d"
"03003506-A3AD-4C81-9CB2-64066F8E14E4","89644FB2-99EF-413A-B94A-AF00977829A5","6584604a-3da2-4cf8-8055-0f316717b93c"
"03003506-A3AD-4C81-9CB2-64066F8E14E4","89644FB2-99EF-413A-B94A-AF00977829A5","67a5ec21-7e23-493f-b99e-84d54ab88dba"
"03003506-A3AD-4C81-9CB2-64066F8E14E4","89644FB2-99EF-413A-B94A-AF00977829A5","68c706f2-2ce6-443b-995b-0a047e7869fc"
"03003506-A3AD-4C81-9CB2-64066F8E14E4","89644FB2-99EF-413A-B94A-AF00977829A5","69bf2d98-f94f-4a75-ac81-aa35fdd2c9d1"
"03003506-A3AD-4C81-9CB2-64066F8E14E4","89644FB2-99EF-413A-B94A-AF00977829A5","6aceda06-16fa-448b-8bbb-f204560b40ca"
"03003506-A3AD-4C81-9CB2-64066F8E14E4","89644FB2-99EF-413A-B94A-AF00977829A5","6e416261-e45f-480a-a5d8-20a0d9ca65ce"
"03003506-A3AD-4C81-9CB2-64066F8E14E4","89644FB2-99EF-413A-B94A-AF00977829A5","6e7315cf-8ebc-4506-9162-b2682189d674"
"03003506-A3AD-4C81-9CB2-64066F8E14E4","89644FB2-99EF-413A-B94A-AF00977829A5","7407195c-f626-4644-bb3b-d9664079d5d5"
"03003506-A3AD-4C81-9CB2-64066F8E14E4","89644FB2-99EF-413A-B94A-AF00977829A5","75a19907-5c2c-4966-9398-94723a12fb45"
"03003506-A3AD-4C81-9CB2-64066F8E14E4","89644FB2-99EF-413A-B94A-AF00977829A5","7e870850-b714-4ae6-9fc5-bd92b9ba2641"
"03003506-A3AD-4C81-9CB2-64066F8E14E4","89644FB2-99EF-413A-B94A-AF00977829A5","8127d3b3-7150-4615-9bfd-451fb27e84b7"
"03003506-A3AD-4C81-9CB2-64066F8E14E4","89644FB2-99EF-413A-B94A-AF00977829A5","8d9488cf-b04a-4e4b-8e37-72c14c962b89"
"03003506-A3AD-4C81-9CB2-64066F8E14E4","89644FB2-99EF-413A-B94A-AF00977829A5","8e3b43de-3bf4-46a1-8988-690a35a17050"
"03003506-A3AD-4C81-9CB2-64066F8E14E4","89644FB2-99EF-413A-B94A-AF00977829A5","92a31733-6412-423f-9838-70e91e9a7bab"
"03003506-A3AD-4C81-9CB2-64066F8E14E4","89644FB2-99EF-413A-B94A-AF00977829A5","92dcafd7-75a1-42fd-a78b-9ccc446fd5ab"
"03003506-A3AD-4C81-9CB2-64066F8E14E4","89644FB2-99EF-413A-B94A-AF00977829A5","9ee4315a-72fc-4ab9-95a5-a41b80617df5"
"03003506-A3AD-4C81-9CB2-64066F8E14E4","89644FB2-99EF-413A-B94A-AF00977829A5","a4068ea7-ebf8-4ff7-bc4a-aaf6f9e536ef"
"03003506-A3AD-4C81-9CB2-64066F8E14E4","89644FB2-99EF-413A-B94A-AF00977829A5","a804a574-2ef7-4a43-8598-ffe98a4f8d09"
"03003506-A3AD-4C81-9CB2-64066F8E14E4","89644FB2-99EF-413A-B94A-AF00977829A5","ae2ce7ae-cb98-49e8-94a8-591475170fbc"
"03003506-A3AD-4C81-9CB2-64066F8E14E4","89644FB2-99EF-413A-B94A-AF00977829A5","b44586fc-78a6-43a7-ba9e-a658fa5ee7ff"
"03003506-A3AD-4C81-9CB2-64066F8E14E4","89644FB2-99EF-413A-B94A-AF00977829A5","b4a35b86-b7c8-4e19-adf0-42cfd25efc66"
"03003506-A3AD-4C81-9CB2-64066F8E14E4","89644FB2-99EF-413A-B94A-AF00977829A5","b8753dc8-1fe5-4f28-b2de-d75a86389c35"
"03003506-A3AD-4C81-9CB2-64066F8E14E4","89644FB2-99EF-413A-B94A-AF00977829A5","b9f3fab3-7e0c-45f4-b4f6-503c9583b627"
"03003506-A3AD-4C81-9CB2-64066F8E14E4","89644FB2-99EF-413A-B94A-AF00977829A5","c984c4f9-03d1-4e61-86a1-d12b01af13d4"
"03003506-A3AD-4C81-9CB2-64066F8E14E4","89644FB2-99EF-413A-B94A-AF00977829A5","D41A20E6-033F-4C3C-868C-9756AA305390"
"03003506-A3AD-4C81-9CB2-64066F8E14E4","89644FB2-99EF-413A-B94A-AF00977829A5","db1450c6-0f5a-4f2e-a4ac-e0a7c5809033"
"03003506-A3AD-4C81-9CB2-64066F8E14E4","89644FB2-99EF-413A-B94A-AF00977829A5","e4c8f1ac-db42-44d8-9701-85be56399d8c"
"03003506-A3AD-4C81-9CB2-64066F8E14E4","89644FB2-99EF-413A-B94A-AF00977829A5","e87393e4-67d2-4338-86db-ce9db6a42d24"
"03003506-A3AD-4C81-9CB2-64066F8E14E4","89644FB2-99EF-413A-B94A-AF00977829A5","eb7f0e66-e0c2-43fe-bb22-c6f039d0f345"
"03003506-A3AD-4C81-9CB2-64066F8E14E4","89644FB2-99EF-413A-B94A-AF00977829A5","ec10db03-8c9b-4b8e-afce-885a144cdcc2"
"03003506-A3AD-4C81-9CB2-64066F8E14E4","89644FB2-99EF-413A-B94A-AF00977829A5","ed373ef6-7364-4d00-a869-e97ac402c4a8"
"03003506-A3AD-4C81-9CB2-64066F8E14E4","89644FB2-99EF-413A-B94A-AF00977829A5","f2ca51e8-4f24-42a1-b15a-85d4da5a1c18"
"03003506-A3AD-4C81-9CB2-64066F8E14E4","89644FB2-99EF-413A-B94A-AF00977829A5","f4fb2463-19d5-4cfa-9167-d68b208b635d"
"03003506-A3AD-4C81-9CB2-64066F8E14E4","89644FB2-99EF-413A-B94A-AF00977829A5","f67a0fc8-de23-45b3-b16f-f668276ef9ba"
"03003506-A3AD-4C81-9CB2-64066F8E14E4","89644FB2-99EF-413A-B94A-AF00977829A5","f6b44ad9-f112-4231-889b-78f8b9027d50"
"03003506-A3AD-4C81-9CB2-64066F8E14E4","89644FB2-99EF-413A-B94A-AF00977829A5","f9841b1f-e313-4738-a5c4-5e28d1fb9eb8"
"03003506-A3AD-4C81-9CB2-64066F8E14E4","89644FB2-99EF-413A-B94A-AF00977829A5","fc95e995-6756-4a42-8414-773a89f2f2de"
"03003506-A3AD-4C81-9CB2-64066F8E14E4","89644FB2-99EF-413A-B94A-AF00977829A5","fee30443-8b16-4ba6-9c8b-643b04eaa79d"
"E93646A1-F02B-4DD3-B586-604115028972","8982DB67-1827-4BCB-9FC5-AAEC748833CC","01E81CCC-1366-4386-9DAC-809980735D29"
"3BB738CC-FD84-4A82-A580-739D255C53D0","89B5DDA7-896C-42D4-AD29-28419B37FA06","183AA04C-6288-4F07-ACA0-678C722F93B2"
"E20791C9-F5E3-4EBE-A88B-737ACBAFBCDA","89DC81FB-5243-4F30-98B6-B03994309186","201A77D6-22E5-4D77-A8FC-BFDF337499FE"
"E20791C9-F5E3-4EBE-A88B-737ACBAFBCDA","89DC81FB-5243-4F30-98B6-B03994309186","3472C4B2-E098-4D23-ACA6-4DE4D7E7E05C"
"E20791C9-F5E3-4EBE-A88B-737ACBAFBCDA","89DC81FB-5243-4F30-98B6-B03994309186","463497C6-F91B-4192-B754-13F5F305D5E4"
"E20791C9-F5E3-4EBE-A88B-737ACBAFBCDA","89DC81FB-5243-4F30-98B6-B03994309186","568E0442-9166-42AB-A5D0-8875F4E561B8"
"E20791C9-F5E3-4EBE-A88B-737ACBAFBCDA","89DC81FB-5243-4F30-98B6-B03994309186","5C808D12-B6B0-4866-8626-F26737C049D3"
"E20791C9-F5E3-4EBE-A88B-737ACBAFBCDA","89DC81FB-5243-4F30-98B6-B03994309186","7A110D1C-9E2A-4A8D-A7DB-1623CF148CDD"
"E20791C9-F5E3-4EBE-A88B-737ACBAFBCDA","89DC81FB-5243-4F30-98B6-B03994309186","7DEF2832-6420-4141-A725-D0938A646822"
"E20791C9-F5E3-4EBE-A88B-737ACBAFBCDA","89DC81FB-5243-4F30-98B6-B03994309186","8B3E6BB1-C7B5-4942-9D55-FAF85B790B2B"
"E20791C9-F5E3-4EBE-A88B-737ACBAFBCDA","89DC81FB-5243-4F30-98B6-B03994309186","C0BE0B67-9E30-487B-AEF9-6F24AC81F317"
"E20791C9-F5E3-4EBE-A88B-737ACBAFBCDA","89DC81FB-5243-4F30-98B6-B03994309186","C7171D4E-9BB0-4C7B-B094-94666E08EE96"
"E20791C9-F5E3-4EBE-A88B-737ACBAFBCDA","89DC81FB-5243-4F30-98B6-B03994309186","CE13116E-A9DE-4C59-BC82-9303990AD59C"
"E20791C9-F5E3-4EBE-A88B-737ACBAFBCDA","89DC81FB-5243-4F30-98B6-B03994309186","dd47e802-7fbc-4466-b592-3e867330d3d5"
"E0A9CFD6-4553-424C-B742-4819A7AD4AEB","8A03D561-BC30-4ED0-86A0-891BE0764EFF","CF0DA4E2-860C-4A9F-9AA1-ACB74C19C192"
"E0A9CFD6-4553-424C-B742-4819A7AD4AEB","8A03D561-BC30-4ED0-86A0-891BE0764EFF","EE022D03-7384-4EF8-BDFB-7E4832C8B019"
"PER","8A2A184BB50EA642E11F8E9E32079B4AD0A9","11195e69-5c87-418e-986c-4cb598fc57c0"
"322633C9-D378-4E53-B675-C8837FD62500","8AEDABD4-84C0-4EDA-AFF5-C28EAA78128A","871ADD6B-D84C-46AB-9479-2CCDA92BCE26"
"INTERVALL","8B110E03FBD41CBA99FE1F9CCC4CBC115B7E","75746c27-b3b8-454f-8370-22962122a044"
"BBCHStadium","8B89DA0C3D4C910A952B756CE12B2C18AC08","79ec4f92-920c-4848-bdab-03027b0b9778"
"7227C5F6-91E9-4B26-A33A-5319CF61A5DC","8BDD7F04-2B44-4351-8E51-807B54B626C9","9FC62500-4247-40E3-9215-FE9E4A388557"
"E33300F9-A3F6-4195-A962-7995EDB036AF","8C42C4E1-DB74-45A8-80D1-A8EF3696E3A2","2F49D3E5-D1D8-4A49-B1A0-4F63EEBBDD36"
"C1574D1F-EDB1-4A61-8E2C-DE696C159AB0","8C8FE057-1615-437A-B537-CA3B742AAF3A","01CDED89-D1E6-4A2D-AC45-85F237389459"
"C1574D1F-EDB1-4A61-8E2C-DE696C159AB0","8C8FE057-1615-437A-B537-CA3B742AAF3A","026699A1-5CA1-4663-9A5F-4D5CC3513609"
"C1574D1F-EDB1-4A61-8E2C-DE696C159AB0","8C8FE057-1615-437A-B537-CA3B742AAF3A","02826D4E-71ED-4A04-A212-89D40DCF1838"
"C1574D1F-EDB1-4A61-8E2C-DE696C159AB0","8C8FE057-1615-437A-B537-CA3B742AAF3A","034A40E6-F1B5-4555-B9EC-677476A3F3C3"
"C1574D1F-EDB1-4A61-8E2C-DE696C159AB0","8C8FE057-1615-437A-B537-CA3B742AAF3A","036E886F-5674-46E1-8C2C-D17A9F5037B9"
"C1574D1F-EDB1-4A61-8E2C-DE696C159AB0","8C8FE057-1615-437A-B537-CA3B742AAF3A","06A62588-AD61-4190-BAA9-3AFD8BF219B1"
"C1574D1F-EDB1-4A61-8E2C-DE696C159AB0","8C8FE057-1615-437A-B537-CA3B742AAF3A","09BFB80F-B6AD-4A3C-9FCD-1ADEED140E79"
"C1574D1F-EDB1-4A61-8E2C-DE696C159AB0","8C8FE057-1615-437A-B537-CA3B742AAF3A","0B7A211D-8E2C-4811-B8D0-F61E8CE26E1C"
"C1574D1F-EDB1-4A61-8E2C-DE696C159AB0","8C8FE057-1615-437A-B537-CA3B742AAF3A","0C4ABCAC-F12F-41EF-97B4-26B90409C123"
"C1574D1F-EDB1-4A61-8E2C-DE696C159AB0","8C8FE057-1615-437A-B537-CA3B742AAF3A","0CD3C056-789E-418F-8AB5-E6E759589E88"
"C1574D1F-EDB1-4A61-8E2C-DE696C159AB0","8C8FE057-1615-437A-B537-CA3B742AAF3A","109C866F-E897-4C26-891E-5CDE21C6FC3E"
"C1574D1F-EDB1-4A61-8E2C-DE696C159AB0","8C8FE057-1615-437A-B537-CA3B742AAF3A","10AC586C-BE72-4359-9227-3B1CBBAAE81F"
"C1574D1F-EDB1-4A61-8E2C-DE696C159AB0","8C8FE057-1615-437A-B537-CA3B742AAF3A","10F8F090-52A3-46B3-875D-0C48FFF0358D"
"C1574D1F-EDB1-4A61-8E2C-DE696C159AB0","8C8FE057-1615-437A-B537-CA3B742AAF3A","18A3673C-533B-4077-A2B0-A8CBED84C3C7"
"C1574D1F-EDB1-4A61-8E2C-DE696C159AB0","8C8FE057-1615-437A-B537-CA3B742AAF3A","18F0A2D9-90A9-4688-AB04-B2ABDCDD6F85"
"C1574D1F-EDB1-4A61-8E2C-DE696C159AB0","8C8FE057-1615-437A-B537-CA3B742AAF3A","1AA5E8A1-0870-4FEC-AFF8-46897A26D113"
"C1574D1F-EDB1-4A61-8E2C-DE696C159AB0","8C8FE057-1615-437A-B537-CA3B742AAF3A","1B5716DD-585C-4572-833D-E4300EF84200"
"C1574D1F-EDB1-4A61-8E2C-DE696C159AB0","8C8FE057-1615-437A-B537-CA3B742AAF3A","1D9A2219-774B-4D97-8400-3B181A13F53D"
"C1574D1F-EDB1-4A61-8E2C-DE696C159AB0","8C8FE057-1615-437A-B537-CA3B742AAF3A","1E6CE015-8C4E-4CBE-926E-586CF1944A7B"
"C1574D1F-EDB1-4A61-8E2C-DE696C159AB0","8C8FE057-1615-437A-B537-CA3B742AAF3A","201A77D6-22E5-4D77-A8FC-BFDF337499FE"
"C1574D1F-EDB1-4A61-8E2C-DE696C159AB0","8C8FE057-1615-437A-B537-CA3B742AAF3A","23AA65AF-96E1-4B4D-AE2F-014C6C59888A"
"C1574D1F-EDB1-4A61-8E2C-DE696C159AB0","8C8FE057-1615-437A-B537-CA3B742AAF3A","25800681-47AC-4CFA-A712-1A812A397B09"
"C1574D1F-EDB1-4A61-8E2C-DE696C159AB0","8C8FE057-1615-437A-B537-CA3B742AAF3A","25F737C2-FEDE-4C4B-B318-B58C0FE8AF83"
"C1574D1F-EDB1-4A61-8E2C-DE696C159AB0","8C8FE057-1615-437A-B537-CA3B742AAF3A","266392E1-AD74-4542-938A-6AA0AB868544"
"C1574D1F-EDB1-4A61-8E2C-DE696C159AB0","8C8FE057-1615-437A-B537-CA3B742AAF3A","268F3ACF-3C91-49D3-84C9-07D60C1D9808"
"C1574D1F-EDB1-4A61-8E2C-DE696C159AB0","8C8FE057-1615-437A-B537-CA3B742AAF3A","26A70787-7613-482A-8125-25E5A129E6FB"
"C1574D1F-EDB1-4A61-8E2C-DE696C159AB0","8C8FE057-1615-437A-B537-CA3B742AAF3A","26B53684-35F2-40B9-AD52-1D79B7FB1A73"
"C1574D1F-EDB1-4A61-8E2C-DE696C159AB0","8C8FE057-1615-437A-B537-CA3B742AAF3A","2BB8A31B-371B-4EF8-BC23-DB56C435DDFA"
"C1574D1F-EDB1-4A61-8E2C-DE696C159AB0","8C8FE057-1615-437A-B537-CA3B742AAF3A","2E07F6D0-A772-41F9-A26E-0B623126D057"
"C1574D1F-EDB1-4A61-8E2C-DE696C159AB0","8C8FE057-1615-437A-B537-CA3B742AAF3A","2E6002D2-1BAC-4DCC-88DF-22AA51861C93"
"C1574D1F-EDB1-4A61-8E2C-DE696C159AB0","8C8FE057-1615-437A-B537-CA3B742AAF3A","2F36E178-6E74-46A1-81FB-485D3D026EB5"
"C1574D1F-EDB1-4A61-8E2C-DE696C159AB0","8C8FE057-1615-437A-B537-CA3B742AAF3A","30EFDA05-16DE-48D7-9FB7-19D6380E5557"
"C1574D1F-EDB1-4A61-8E2C-DE696C159AB0","8C8FE057-1615-437A-B537-CA3B742AAF3A","3137CE10-510E-4233-8E0C-37743AE24D25"
"C1574D1F-EDB1-4A61-8E2C-DE696C159AB0","8C8FE057-1615-437A-B537-CA3B742AAF3A","332F822A-80F6-4A90-B208-B70C74AA109E"
"C1574D1F-EDB1-4A61-8E2C-DE696C159AB0","8C8FE057-1615-437A-B537-CA3B742AAF3A","33776B45-CEC3-4224-84A3-718FA4AB9489"
"C1574D1F-EDB1-4A61-8E2C-DE696C159AB0","8C8FE057-1615-437A-B537-CA3B742AAF3A","3420850A-80FB-47D2-882E-B19E87EBA60E"
"C1574D1F-EDB1-4A61-8E2C-DE696C159AB0","8C8FE057-1615-437A-B537-CA3B742AAF3A","3472C4B2-E098-4D23-ACA6-4DE4D7E7E05C"
"C1574D1F-EDB1-4A61-8E2C-DE696C159AB0","8C8FE057-1615-437A-B537-CA3B742AAF3A","37086138-8270-4BFA-A505-44C8CCBCDBC9"
"C1574D1F-EDB1-4A61-8E2C-DE696C159AB0","8C8FE057-1615-437A-B537-CA3B742AAF3A","3711D307-65DC-4FFD-A348-B30CA7BBE566"
"C1574D1F-EDB1-4A61-8E2C-DE696C159AB0","8C8FE057-1615-437A-B537-CA3B742AAF3A","38488D30-B01B-43FB-968B-8CDBD7A8C648"
"C1574D1F-EDB1-4A61-8E2C-DE696C159AB0","8C8FE057-1615-437A-B537-CA3B742AAF3A","3B69ABCD-4B69-4A90-A428-D56CEA43132B"
"C1574D1F-EDB1-4A61-8E2C-DE696C159AB0","8C8FE057-1615-437A-B537-CA3B742AAF3A","3CB80FD8-D120-45DE-ACA4-4CF176231CBB"
"C1574D1F-EDB1-4A61-8E2C-DE696C159AB0","8C8FE057-1615-437A-B537-CA3B742AAF3A","3EBFAD54-5BCE-48C2-B095-602AE9CE5172"
"C1574D1F-EDB1-4A61-8E2C-DE696C159AB0","8C8FE057-1615-437A-B537-CA3B742AAF3A","3F287465-E1F3-423E-8B2D-CB7C33DDCA9F"
"C1574D1F-EDB1-4A61-8E2C-DE696C159AB0","8C8FE057-1615-437A-B537-CA3B742AAF3A","44D692E7-1D3C-4E76-8946-37787E0A6032"
"C1574D1F-EDB1-4A61-8E2C-DE696C159AB0","8C8FE057-1615-437A-B537-CA3B742AAF3A","47C678F1-33FF-4407-910D-89DA2845C542"
"C1574D1F-EDB1-4A61-8E2C-DE696C159AB0","8C8FE057-1615-437A-B537-CA3B742AAF3A","481AF2B2-1F86-4F46-A749-440C41816958"
"C1574D1F-EDB1-4A61-8E2C-DE696C159AB0","8C8FE057-1615-437A-B537-CA3B742AAF3A","49B49641-2EA6-47BE-BD98-62C008E56A39"
"C1574D1F-EDB1-4A61-8E2C-DE696C159AB0","8C8FE057-1615-437A-B537-CA3B742AAF3A","49EF2D9A-73FD-4590-828A-CFF169D44F04"
"C1574D1F-EDB1-4A61-8E2C-DE696C159AB0","8C8FE057-1615-437A-B537-CA3B742AAF3A","4B9FDD19-C72D-40E4-8EEB-BBC8B1435195"
"C1574D1F-EDB1-4A61-8E2C-DE696C159AB0","8C8FE057-1615-437A-B537-CA3B742AAF3A","4CAF9AF0-EB2E-43B5-82DC-571D98FE77CB"
"C1574D1F-EDB1-4A61-8E2C-DE696C159AB0","8C8FE057-1615-437A-B537-CA3B742AAF3A","4D2B02AA-A484-4293-9A57-DF3CA1F4E6A0"
"C1574D1F-EDB1-4A61-8E2C-DE696C159AB0","8C8FE057-1615-437A-B537-CA3B742AAF3A","4D4D38E7-673F-41FE-9BAB-74BA2528F115"
"C1574D1F-EDB1-4A61-8E2C-DE696C159AB0","8C8FE057-1615-437A-B537-CA3B742AAF3A","4E70F17A-EE3D-42CF-BD4A-FEDC8B32C7D9"
"C1574D1F-EDB1-4A61-8E2C-DE696C159AB0","8C8FE057-1615-437A-B537-CA3B742AAF3A","4F00D5F7-888E-4B67-8008-78D8333CDE47"
"C1574D1F-EDB1-4A61-8E2C-DE696C159AB0","8C8FE057-1615-437A-B537-CA3B742AAF3A","4FFFEF95-41C3-4ABA-9F23-47B431139E51"
"C1574D1F-EDB1-4A61-8E2C-DE696C159AB0","8C8FE057-1615-437A-B537-CA3B742AAF3A","502A373F-00EC-4222-8B58-00CF569A201C"
"C1574D1F-EDB1-4A61-8E2C-DE696C159AB0","8C8FE057-1615-437A-B537-CA3B742AAF3A","50324E4D-B309-4457-A0C8-B1DCAAF47384"
"C1574D1F-EDB1-4A61-8E2C-DE696C159AB0","8C8FE057-1615-437A-B537-CA3B742AAF3A","5143B185-71B6-4D3B-BAB4-5709CAB29326"
"C1574D1F-EDB1-4A61-8E2C-DE696C159AB0","8C8FE057-1615-437A-B537-CA3B742AAF3A","52DAB442-AEFA-488E-95BC-936F480EEC97"
"C1574D1F-EDB1-4A61-8E2C-DE696C159AB0","8C8FE057-1615-437A-B537-CA3B742AAF3A","53FAEDE4-054E-47CA-9021-DF576B4DD44E"
"C1574D1F-EDB1-4A61-8E2C-DE696C159AB0","8C8FE057-1615-437A-B537-CA3B742AAF3A","57995B6F-835D-48E6-A6D0-66249A0EE7B4"
"C1574D1F-EDB1-4A61-8E2C-DE696C159AB0","8C8FE057-1615-437A-B537-CA3B742AAF3A","57B0CEB3-E229-450C-B305-BCF4165774CA"
"C1574D1F-EDB1-4A61-8E2C-DE696C159AB0","8C8FE057-1615-437A-B537-CA3B742AAF3A","57DE9467-2C0A-4B0B-AA96-75F8DF7465A5"
"C1574D1F-EDB1-4A61-8E2C-DE696C159AB0","8C8FE057-1615-437A-B537-CA3B742AAF3A","5B3A2D90-5475-4CCC-9893-801AF3A84FDB"
"C1574D1F-EDB1-4A61-8E2C-DE696C159AB0","8C8FE057-1615-437A-B537-CA3B742AAF3A","5FCEAEE6-CBF1-4C95-A2E3-C3710A4CAA5F"
"C1574D1F-EDB1-4A61-8E2C-DE696C159AB0","8C8FE057-1615-437A-B537-CA3B742AAF3A","63FB24DE-12D7-40BB-8468-0B4399FD873C"
"C1574D1F-EDB1-4A61-8E2C-DE696C159AB0","8C8FE057-1615-437A-B537-CA3B742AAF3A","65B37657-5991-4E51-99B0-768509FA31F2"
"C1574D1F-EDB1-4A61-8E2C-DE696C159AB0","8C8FE057-1615-437A-B537-CA3B742AAF3A","67C415FD-2D39-4AC8-B506-60F3B6C78A4C"
"C1574D1F-EDB1-4A61-8E2C-DE696C159AB0","8C8FE057-1615-437A-B537-CA3B742AAF3A","6832E7F5-89B1-4EB1-9CE6-548BE8FB4D65"
"C1574D1F-EDB1-4A61-8E2C-DE696C159AB0","8C8FE057-1615-437A-B537-CA3B742AAF3A","6BB0BED1-18AD-4F9B-96F1-8BA6ECD95AD4"
"C1574D1F-EDB1-4A61-8E2C-DE696C159AB0","8C8FE057-1615-437A-B537-CA3B742AAF3A","70A3CE81-D852-4913-A95E-A998399BCC79"
"C1574D1F-EDB1-4A61-8E2C-DE696C159AB0","8C8FE057-1615-437A-B537-CA3B742AAF3A","721BB594-6D8F-4D18-984A-B9D53C0F807C"
"C1574D1F-EDB1-4A61-8E2C-DE696C159AB0","8C8FE057-1615-437A-B537-CA3B742AAF3A","7434DA89-FA87-49A3-8AFC-E47297CBC6F9"
"C1574D1F-EDB1-4A61-8E2C-DE696C159AB0","8C8FE057-1615-437A-B537-CA3B742AAF3A","7568DBA5-F186-4EAD-BB98-5B76661E7F1E"
"C1574D1F-EDB1-4A61-8E2C-DE696C159AB0","8C8FE057-1615-437A-B537-CA3B742AAF3A","769AB07A-F2C5-4E48-AD36-D87B28C36A0D"
"C1574D1F-EDB1-4A61-8E2C-DE696C159AB0","8C8FE057-1615-437A-B537-CA3B742AAF3A","76BD49CB-DCD3-490C-B690-F4A72C6615D9"
"C1574D1F-EDB1-4A61-8E2C-DE696C159AB0","8C8FE057-1615-437A-B537-CA3B742AAF3A","76DF77BF-82F9-4F53-B183-AB6270D30E32"
"C1574D1F-EDB1-4A61-8E2C-DE696C159AB0","8C8FE057-1615-437A-B537-CA3B742AAF3A","791EF894-A876-46C1-9C28-B39661F67961"
"C1574D1F-EDB1-4A61-8E2C-DE696C159AB0","8C8FE057-1615-437A-B537-CA3B742AAF3A","797BA537-DDE1-46F6-9EC1-B37C25EE9163"
"C1574D1F-EDB1-4A61-8E2C-DE696C159AB0","8C8FE057-1615-437A-B537-CA3B742AAF3A","7B07F095-640B-47CE-9994-B67A096107BE"
"C1574D1F-EDB1-4A61-8E2C-DE696C159AB0","8C8FE057-1615-437A-B537-CA3B742AAF3A","7D64F09C-B4AE-4185-88AE-A6E2E0F3CB0B"
"C1574D1F-EDB1-4A61-8E2C-DE696C159AB0","8C8FE057-1615-437A-B537-CA3B742AAF3A","807E41C2-0CE3-4283-A598-2C45915D0121"
"C1574D1F-EDB1-4A61-8E2C-DE696C159AB0","8C8FE057-1615-437A-B537-CA3B742AAF3A","8248882A-76E8-48C4-A022-7C5312EBDD63"
"C1574D1F-EDB1-4A61-8E2C-DE696C159AB0","8C8FE057-1615-437A-B537-CA3B742AAF3A","8589C8ED-5E7C-4D4F-9C19-DAA0D9E3E937"
"C1574D1F-EDB1-4A61-8E2C-DE696C159AB0","8C8FE057-1615-437A-B537-CA3B742AAF3A","86A3C286-9270-47F5-999C-AEFB18BB88AE"
"C1574D1F-EDB1-4A61-8E2C-DE696C159AB0","8C8FE057-1615-437A-B537-CA3B742AAF3A","870B1891-E3DB-4A47-A2E7-018E6898A8FB"
"C1574D1F-EDB1-4A61-8E2C-DE696C159AB0","8C8FE057-1615-437A-B537-CA3B742AAF3A","88D418AF-280A-4317-840C-5363E54E2F1D"
"C1574D1F-EDB1-4A61-8E2C-DE696C159AB0","8C8FE057-1615-437A-B537-CA3B742AAF3A","8AB2972F-F4C8-4769-B2E6-10B896D6C521"
"C1574D1F-EDB1-4A61-8E2C-DE696C159AB0","8C8FE057-1615-437A-B537-CA3B742AAF3A","8F1AC818-8339-4785-A574-D4349F48E989"
"C1574D1F-EDB1-4A61-8E2C-DE696C159AB0","8C8FE057-1615-437A-B537-CA3B742AAF3A","903E4F53-513C-4EB5-B200-B28DFF0A3185"
"C1574D1F-EDB1-4A61-8E2C-DE696C159AB0","8C8FE057-1615-437A-B537-CA3B742AAF3A","913ECC0F-5A59-44D2-AA63-D7D013AD7756"
"C1574D1F-EDB1-4A61-8E2C-DE696C159AB0","8C8FE057-1615-437A-B537-CA3B742AAF3A","93F19130-47D3-431F-B024-1AF3C163A888"
"C1574D1F-EDB1-4A61-8E2C-DE696C159AB0","8C8FE057-1615-437A-B537-CA3B742AAF3A","947C9CA5-824F-41E8-9F6A-05A6BE88F9ED"
"C1574D1F-EDB1-4A61-8E2C-DE696C159AB0","8C8FE057-1615-437A-B537-CA3B742AAF3A","96AEAC7D-CBB7-45F4-A697-628BED919C31"
"C1574D1F-EDB1-4A61-8E2C-DE696C159AB0","8C8FE057-1615-437A-B537-CA3B742AAF3A","97DC3437-66A6-49BC-9ADF-15C23C2484F3"
"C1574D1F-EDB1-4A61-8E2C-DE696C159AB0","8C8FE057-1615-437A-B537-CA3B742AAF3A","97E7A8ED-AC40-4C08-88EB-B73B39281402"
"C1574D1F-EDB1-4A61-8E2C-DE696C159AB0","8C8FE057-1615-437A-B537-CA3B742AAF3A","98BE24D3-101F-4E02-A364-4AE507A487FA"
"C1574D1F-EDB1-4A61-8E2C-DE696C159AB0","8C8FE057-1615-437A-B537-CA3B742AAF3A","9D5F58AF-B1F8-441C-A441-F9CDB5E15437"
"C1574D1F-EDB1-4A61-8E2C-DE696C159AB0","8C8FE057-1615-437A-B537-CA3B742AAF3A","A1D561ED-6566-4F7D-B0F8-DB44E55C02E7"
"C1574D1F-EDB1-4A61-8E2C-DE696C159AB0","8C8FE057-1615-437A-B537-CA3B742AAF3A","A2E0F7FC-A05A-44ED-87D9-7C8186ADDA2B"
"C1574D1F-EDB1-4A61-8E2C-DE696C159AB0","8C8FE057-1615-437A-B537-CA3B742AAF3A","A9EFACA0-F672-403F-B910-F1F36818646B"
"C1574D1F-EDB1-4A61-8E2C-DE696C159AB0","8C8FE057-1615-437A-B537-CA3B742AAF3A","AF149CD2-8A21-4877-AFD1-FE27309700B9"
"C1574D1F-EDB1-4A61-8E2C-DE696C159AB0","8C8FE057-1615-437A-B537-CA3B742AAF3A","B0382D97-2C08-4433-9C2D-3D5BBC6C5A07"
"C1574D1F-EDB1-4A61-8E2C-DE696C159AB0","8C8FE057-1615-437A-B537-CA3B742AAF3A","B09F0B18-3049-478E-BC9B-CF00D04FF9F2"
"C1574D1F-EDB1-4A61-8E2C-DE696C159AB0","8C8FE057-1615-437A-B537-CA3B742AAF3A","B603FD73-578D-4EB2-B121-C280EC735609"
"C1574D1F-EDB1-4A61-8E2C-DE696C159AB0","8C8FE057-1615-437A-B537-CA3B742AAF3A","B7D4BF98-26D3-4AB9-BCF7-40AC9FF09B78"
"C1574D1F-EDB1-4A61-8E2C-DE696C159AB0","8C8FE057-1615-437A-B537-CA3B742AAF3A","B988E501-D5AB-44A0-BF31-1BB9C59BF861"
"C1574D1F-EDB1-4A61-8E2C-DE696C159AB0","8C8FE057-1615-437A-B537-CA3B742AAF3A","BAEF297D-F5A4-4AE2-84DC-A4D0177910A7"
"C1574D1F-EDB1-4A61-8E2C-DE696C159AB0","8C8FE057-1615-437A-B537-CA3B742AAF3A","BCAE2499-C30E-4C5C-8CA8-E07C75A41F66"
"C1574D1F-EDB1-4A61-8E2C-DE696C159AB0","8C8FE057-1615-437A-B537-CA3B742AAF3A","BCB4C368-E571-4CE7-81E7-BE613099E1FD"
"C1574D1F-EDB1-4A61-8E2C-DE696C159AB0","8C8FE057-1615-437A-B537-CA3B742AAF3A","C2133448-197A-4543-B6B1-E2BDE6A3E43E"
"C1574D1F-EDB1-4A61-8E2C-DE696C159AB0","8C8FE057-1615-437A-B537-CA3B742AAF3A","C41AB2EC-8AEB-470D-8446-CADB41F16DC5"
"C1574D1F-EDB1-4A61-8E2C-DE696C159AB0","8C8FE057-1615-437A-B537-CA3B742AAF3A","C47D7D86-0E50-4B10-96F5-E465BDD9E0CC"
"C1574D1F-EDB1-4A61-8E2C-DE696C159AB0","8C8FE057-1615-437A-B537-CA3B742AAF3A","CBDA3803-96B5-45F0-8C73-D2FECF1E2667"
"C1574D1F-EDB1-4A61-8E2C-DE696C159AB0","8C8FE057-1615-437A-B537-CA3B742AAF3A","CD481419-62DA-4396-8628-B867CE9FF586"
"C1574D1F-EDB1-4A61-8E2C-DE696C159AB0","8C8FE057-1615-437A-B537-CA3B742AAF3A","CF0FFF62-BD55-4EDB-9842-9CA9188D2A90"
"C1574D1F-EDB1-4A61-8E2C-DE696C159AB0","8C8FE057-1615-437A-B537-CA3B742AAF3A","D0DD3884-EF71-4884-BF60-D4621824617B"
"C1574D1F-EDB1-4A61-8E2C-DE696C159AB0","8C8FE057-1615-437A-B537-CA3B742AAF3A","D201D331-9712-4F6B-83F4-EA6B29C817D8"
"C1574D1F-EDB1-4A61-8E2C-DE696C159AB0","8C8FE057-1615-437A-B537-CA3B742AAF3A","D381DA8E-971B-4B83-84E8-3D6674D52BB0"
"C1574D1F-EDB1-4A61-8E2C-DE696C159AB0","8C8FE057-1615-437A-B537-CA3B742AAF3A","D5D30FC8-EF7D-4F0E-A16A-9187024C2664"
"C1574D1F-EDB1-4A61-8E2C-DE696C159AB0","8C8FE057-1615-437A-B537-CA3B742AAF3A","D72583FF-ED0A-405D-941D-2CDB88662DAC"
"C1574D1F-EDB1-4A61-8E2C-DE696C159AB0","8C8FE057-1615-437A-B537-CA3B742AAF3A","D9A8F306-F582-41C0-994F-4E943CB9F3A1"
"C1574D1F-EDB1-4A61-8E2C-DE696C159AB0","8C8FE057-1615-437A-B537-CA3B742AAF3A","DD120DE9-0D83-4C77-B6BE-64F717EEC778"
"C1574D1F-EDB1-4A61-8E2C-DE696C159AB0","8C8FE057-1615-437A-B537-CA3B742AAF3A","DF039DB3-D226-4032-8946-400CAA243CFF"
"C1574D1F-EDB1-4A61-8E2C-DE696C159AB0","8C8FE057-1615-437A-B537-CA3B742AAF3A","E1AE9A8C-11C8-48B2-83B7-45764CA4D126"
"C1574D1F-EDB1-4A61-8E2C-DE696C159AB0","8C8FE057-1615-437A-B537-CA3B742AAF3A","E1B17BF5-1387-48FB-851C-C6F4ECBFBED2"
"C1574D1F-EDB1-4A61-8E2C-DE696C159AB0","8C8FE057-1615-437A-B537-CA3B742AAF3A","E53C4DFA-73D0-46C1-9132-9A61777A703E"
"C1574D1F-EDB1-4A61-8E2C-DE696C159AB0","8C8FE057-1615-437A-B537-CA3B742AAF3A","E780C4A0-B4ED-4AEF-BC09-EED9167C4967"
"C1574D1F-EDB1-4A61-8E2C-DE696C159AB0","8C8FE057-1615-437A-B537-CA3B742AAF3A","E856E962-8158-4235-9637-8217C540A87B"
"C1574D1F-EDB1-4A61-8E2C-DE696C159AB0","8C8FE057-1615-437A-B537-CA3B742AAF3A","E8867F5F-8A52-41C4-BCA3-EF02326E9BAC"
"C1574D1F-EDB1-4A61-8E2C-DE696C159AB0","8C8FE057-1615-437A-B537-CA3B742AAF3A","E9F5FB93-1F26-43D2-BED4-825B28558AB9"
"C1574D1F-EDB1-4A61-8E2C-DE696C159AB0","8C8FE057-1615-437A-B537-CA3B742AAF3A","EA839DE2-59C3-418A-A6B5-8253A8CCB543"
"C1574D1F-EDB1-4A61-8E2C-DE696C159AB0","8C8FE057-1615-437A-B537-CA3B742AAF3A","EB74FD8D-3D16-4238-818C-AD38903BE631"
"C1574D1F-EDB1-4A61-8E2C-DE696C159AB0","8C8FE057-1615-437A-B537-CA3B742AAF3A","EC5EBD86-D1F4-46FE-8DC6-7EC0DC82B454"
"C1574D1F-EDB1-4A61-8E2C-DE696C159AB0","8C8FE057-1615-437A-B537-CA3B742AAF3A","EF1D771B-03E7-4B95-BCBF-6ED79761375E"
"C1574D1F-EDB1-4A61-8E2C-DE696C159AB0","8C8FE057-1615-437A-B537-CA3B742AAF3A","F0C0D937-71B1-4F53-8387-C9A7F7B1342D"
"C1574D1F-EDB1-4A61-8E2C-DE696C159AB0","8C8FE057-1615-437A-B537-CA3B742AAF3A","F4658473-1280-4B59-8B51-561BD1CF6817"
"C1574D1F-EDB1-4A61-8E2C-DE696C159AB0","8C8FE057-1615-437A-B537-CA3B742AAF3A","F4BE8BFE-3677-438D-834E-F03D1793F21E"
"C1574D1F-EDB1-4A61-8E2C-DE696C159AB0","8C8FE057-1615-437A-B537-CA3B742AAF3A","F7D5370C-F241-478B-B424-B4BE2A1247E1"
"C1574D1F-EDB1-4A61-8E2C-DE696C159AB0","8C8FE057-1615-437A-B537-CA3B742AAF3A","F8385858-C592-4F46-98BF-4312CEC28AD3"
"C1574D1F-EDB1-4A61-8E2C-DE696C159AB0","8C8FE057-1615-437A-B537-CA3B742AAF3A","F853C838-B7C1-4DC7-9C77-CCAAD71E1275"
"C1574D1F-EDB1-4A61-8E2C-DE696C159AB0","8C8FE057-1615-437A-B537-CA3B742AAF3A","F89FD38D-04FC-4E8F-89AB-F1E6149C53D1"
"C1574D1F-EDB1-4A61-8E2C-DE696C159AB0","8C8FE057-1615-437A-B537-CA3B742AAF3A","F93E916A-E182-4A8F-9A82-C4A51BCAE77E"
"C1574D1F-EDB1-4A61-8E2C-DE696C159AB0","8C8FE057-1615-437A-B537-CA3B742AAF3A","F9E82F7F-F177-45A1-925D-D646040718AB"
"C1574D1F-EDB1-4A61-8E2C-DE696C159AB0","8C8FE057-1615-437A-B537-CA3B742AAF3A","FA3DC022-7D0D-45AB-AEB9-689A0C781995"
"C1574D1F-EDB1-4A61-8E2C-DE696C159AB0","8C8FE057-1615-437A-B537-CA3B742AAF3A","FB9074E9-3769-4940-A2CB-C7CA707D4D98"
"C1574D1F-EDB1-4A61-8E2C-DE696C159AB0","8C8FE057-1615-437A-B537-CA3B742AAF3A","FBA76763-DD0E-456C-A92C-AB886ED3D88E"
"C1574D1F-EDB1-4A61-8E2C-DE696C159AB0","8C8FE057-1615-437A-B537-CA3B742AAF3A","FC7861FF-7A55-4FEF-AB36-EC40516A0771"
"C1574D1F-EDB1-4A61-8E2C-DE696C159AB0","8C8FE057-1615-437A-B537-CA3B742AAF3A","FC7C3CD3-CD91-49BD-8CFD-13CF2419C0DD"
"C1574D1F-EDB1-4A61-8E2C-DE696C159AB0","8C8FE057-1615-437A-B537-CA3B742AAF3A","FD16D508-1221-4EE8-9278-506F08D5B5B2"
"C1574D1F-EDB1-4A61-8E2C-DE696C159AB0","8C8FE057-1615-437A-B537-CA3B742AAF3A","FD3691DC-D29E-4D8B-B30E-AD4242BA4954"
"C1574D1F-EDB1-4A61-8E2C-DE696C159AB0","8C8FE057-1615-437A-B537-CA3B742AAF3A","FD8D3763-AC3B-4952-8141-5F3EEEFA12E8"
"PER","8D4038D2CC565F250AE92E09E1D582A9FE06","30800a3f-1325-4afb-ae72-a8d7771c237f"
"0F9E013C-57EE-46C6-AAE3-856D08380937","8D8DCBE6-DE5A-43F0-9FEB-2C05CC8F6263","7773EBFF-A4F4-4745-A5C6-1327FFD95BA5"
"0F9E013C-57EE-46C6-AAE3-856D08380937","8D8DCBE6-DE5A-43F0-9FEB-2C05CC8F6263","E0296AD7-27A6-4B4D-964C-524045A88B5F"
"157DF325-806C-4C56-9F48-6CFB368A0639","8DE68D64-1145-4FAC-8620-84CC5EEB0DD4","99C37679-99E9-4803-B740-02E08A75350C"
"157DF325-806C-4C56-9F48-6CFB368A0639","8DE68D64-1145-4FAC-8620-84CC5EEB0DD4","F99CF43E-9E43-4388-A0DC-84CB8FCEF414"
"PER","8EAEA00B95320B8D67A2C5EA05B15FC04AC6","67975324-b802-4aad-b902-7d88cece94cb"
"4898538E-9828-4B71-8BBB-33A5EA8D63A2","8ED57D28-F61C-468E-8AA9-D9C827F968B1","15430c74-8c97-433c-b922-cdd91ff69d0a"
"4898538E-9828-4B71-8BBB-33A5EA8D63A2","8ED57D28-F61C-468E-8AA9-D9C827F968B1","162AB4EF-998B-4BC1-8719-2B5CB6EF83C8"
"4898538E-9828-4B71-8BBB-33A5EA8D63A2","8ED57D28-F61C-468E-8AA9-D9C827F968B1","16348e83-6c0e-4670-bcc4-9e3c3b6eb8b8"
"4898538E-9828-4B71-8BBB-33A5EA8D63A2","8ED57D28-F61C-468E-8AA9-D9C827F968B1","489BFA65-BC92-4424-B2A4-EF375FCA1EFC"
"4898538E-9828-4B71-8BBB-33A5EA8D63A2","8ED57D28-F61C-468E-8AA9-D9C827F968B1","5B332AF9-B2AE-4131-B6D0-0C9183B10080"
"4898538E-9828-4B71-8BBB-33A5EA8D63A2","8ED57D28-F61C-468E-8AA9-D9C827F968B1","7335A150-C32B-4EA9-8397-C4CAAB5546B5"
"4898538E-9828-4B71-8BBB-33A5EA8D63A2","8ED57D28-F61C-468E-8AA9-D9C827F968B1","B66194EA-1A7A-4639-8581-AD50E9FDEAD3"
"4898538E-9828-4B71-8BBB-33A5EA8D63A2","8ED57D28-F61C-468E-8AA9-D9C827F968B1","C8C1C732-1396-4920-8961-3D17CCB9B5F2"
"4898538E-9828-4B71-8BBB-33A5EA8D63A2","8ED57D28-F61C-468E-8AA9-D9C827F968B1","E6E7D064-C5B8-4A13-B26F-45339CC67AB1"
"PER","8F50B139B37E3FC659FA86FCF53250447D89","0207e86d-b846-471e-b67a-b59e27d4685a"
"38512F55-FD68-4DBB-8728-141D590DD64A","B9D59B82-8907-4245-9DD8-36B6BD0FB876","45A1BB0A-2C72-4613-96C0-8883C0F2F656"
"38512F55-FD68-4DBB-8728-141D590DD64A","B9D59B82-8907-4245-9DD8-36B6BD0FB876","46AE26E8-417B-4F45-973D-56F59BB99CAE"
"38512F55-FD68-4DBB-8728-141D590DD64A","B9D59B82-8907-4245-9DD8-36B6BD0FB876","486BF030-578F-4F1E-9C7D-F5E4256A2D07"
"38512F55-FD68-4DBB-8728-141D590DD64A","B9D59B82-8907-4245-9DD8-36B6BD0FB876","4AD107D0-3943-47CF-8A48-07FE351E0531"
"38512F55-FD68-4DBB-8728-141D590DD64A","B9D59B82-8907-4245-9DD8-36B6BD0FB876","504AEE92-61D3-490D-BDA9-EDFE395A5A2B"
"38512F55-FD68-4DBB-8728-141D590DD64A","B9D59B82-8907-4245-9DD8-36B6BD0FB876","5224B673-2010-4D06-8D34-63DF828708D8"
"38512F55-FD68-4DBB-8728-141D590DD64A","B9D59B82-8907-4245-9DD8-36B6BD0FB876","65241A9D-7033-43D8-B81C-2A006EACBB01"
"38512F55-FD68-4DBB-8728-141D590DD64A","B9D59B82-8907-4245-9DD8-36B6BD0FB876","65D0FA41-9FEC-4EA3-B78E-BF2653403E70"
"38512F55-FD68-4DBB-8728-141D590DD64A","B9D59B82-8907-4245-9DD8-36B6BD0FB876","6649A3D3-2E24-4B89-AE3C-DE89D275B9F4"
"38512F55-FD68-4DBB-8728-141D590DD64A","B9D59B82-8907-4245-9DD8-36B6BD0FB876","68700B56-5C5F-42F1-A94A-613FA5FEE82A"
"38512F55-FD68-4DBB-8728-141D590DD64A","B9D59B82-8907-4245-9DD8-36B6BD0FB876","6B3D7DB1-655C-4421-B8E4-5A7C176C425F"
"38512F55-FD68-4DBB-8728-141D590DD64A","B9D59B82-8907-4245-9DD8-36B6BD0FB876","6B5242DF-9510-47F4-8A06-40B1A18F1668"
"38512F55-FD68-4DBB-8728-141D590DD64A","B9D59B82-8907-4245-9DD8-36B6BD0FB876","759ED88D-5460-4196-9C05-1DF4AB2A27A4"
"38512F55-FD68-4DBB-8728-141D590DD64A","B9D59B82-8907-4245-9DD8-36B6BD0FB876","762E585A-7E2D-4FF9-864D-5FF89A7280CC"
"38512F55-FD68-4DBB-8728-141D590DD64A","B9D59B82-8907-4245-9DD8-36B6BD0FB876","78893B14-E35D-4D44-AB08-C41BCD03AFFD"
"38512F55-FD68-4DBB-8728-141D590DD64A","B9D59B82-8907-4245-9DD8-36B6BD0FB876","7B372527-6887-44A6-A646-1E30C3988E9F"
"38512F55-FD68-4DBB-8728-141D590DD64A","B9D59B82-8907-4245-9DD8-36B6BD0FB876","7cd99d19-c968-4a21-a446-5d7ed600f4d7"
"38512F55-FD68-4DBB-8728-141D590DD64A","B9D59B82-8907-4245-9DD8-36B6BD0FB876","81787DA2-34E1-427D-BD88-05DEFC6483D5"
"38512F55-FD68-4DBB-8728-141D590DD64A","B9D59B82-8907-4245-9DD8-36B6BD0FB876","85FEC3A7-8D4F-4C01-8667-EA8AFAF7146A"
"38512F55-FD68-4DBB-8728-141D590DD64A","B9D59B82-8907-4245-9DD8-36B6BD0FB876","8D013044-B19F-499E-8CE3-66FB05B209B8"
"38512F55-FD68-4DBB-8728-141D590DD64A","B9D59B82-8907-4245-9DD8-36B6BD0FB876","924F7E2E-D729-4527-AF2D-18B175BE8412"
"38512F55-FD68-4DBB-8728-141D590DD64A","B9D59B82-8907-4245-9DD8-36B6BD0FB876","972110AA-CC6F-4D95-A6F7-919DB97B67DF"
"38512F55-FD68-4DBB-8728-141D590DD64A","B9D59B82-8907-4245-9DD8-36B6BD0FB876","97DD6B50-FF41-40B7-AA99-DC5D6871F2F1"
"38512F55-FD68-4DBB-8728-141D590DD64A","B9D59B82-8907-4245-9DD8-36B6BD0FB876","987ACE04-0F59-47F2-B2A8-7A6441B7ADE7"
"B6F03C73-F4EF-49ED-A630-66972CF13506","52785B4C-25A9-480B-98E4-661DEA1FA46E","CCF4CAEA-3CB6-46BF-ABF8-11B77FCABB7D"
"B6F03C73-F4EF-49ED-A630-66972CF13506","52785B4C-25A9-480B-98E4-661DEA1FA46E","D629F201-33B5-4DCE-81E0-26EB3A2B2F76"
"B6F03C73-F4EF-49ED-A630-66972CF13506","52785B4C-25A9-480B-98E4-661DEA1FA46E","DB906942-D58E-4EDB-8F58-302AEFDC5085"
"B6F03C73-F4EF-49ED-A630-66972CF13506","52785B4C-25A9-480B-98E4-661DEA1FA46E","E11407B3-0CCE-4002-BB4C-7DDAA3055E86"
"B6F03C73-F4EF-49ED-A630-66972CF13506","52785B4C-25A9-480B-98E4-661DEA1FA46E","EB1325E1-10CD-4F33-85DD-792142F3A7E2"
"B6F03C73-F4EF-49ED-A630-66972CF13506","52785B4C-25A9-480B-98E4-661DEA1FA46E","ECA11D1B-81C4-4304-9CB3-1676115ADAB8"
"B6F03C73-F4EF-49ED-A630-66972CF13506","52785B4C-25A9-480B-98E4-661DEA1FA46E","F01D24FB-DF29-4D94-A308-ECC7F4ECB0A9"
"B6F03C73-F4EF-49ED-A630-66972CF13506","52785B4C-25A9-480B-98E4-661DEA1FA46E","F14EE2D5-6751-4A99-B3EB-947D24A70DB4"
"B6F03C73-F4EF-49ED-A630-66972CF13506","52785B4C-25A9-480B-98E4-661DEA1FA46E","F2FA76AA-BEF5-4F90-BC89-E776D27C27D8"
"B6F03C73-F4EF-49ED-A630-66972CF13506","52785B4C-25A9-480B-98E4-661DEA1FA46E","F4D53B00-55D0-4241-B7FB-A214B4854AD5"
"B6F03C73-F4EF-49ED-A630-66972CF13506","52785B4C-25A9-480B-98E4-661DEA1FA46E","F635A871-8AC5-4838-A172-C5F25E6E596E"
"B6F03C73-F4EF-49ED-A630-66972CF13506","52785B4C-25A9-480B-98E4-661DEA1FA46E","FE484117-5D50-491E-8C75-71DD1DE18DD5"
"2F445EA7-19F1-40D2-AAF3-9AE6CB25343A","52C21200-F6AE-4058-9257-8DCEE0C732EA","0495161F-526A-4ED1-B473-8ADF4464C331"
"2F445EA7-19F1-40D2-AAF3-9AE6CB25343A","52C21200-F6AE-4058-9257-8DCEE0C732EA","325CDB44-24C9-4BF5-9E5E-F13EFFF1FE2E"
"2F445EA7-19F1-40D2-AAF3-9AE6CB25343A","52C21200-F6AE-4058-9257-8DCEE0C732EA","95DA3EDF-0D00-4D82-A375-E0EFD731DC60"
"19AC8D63-7D14-474E-8B5E-5400052732CE","52D12C60-8B1D-4BD8-B343-4633E38AFDD5","34FC606A-5B74-4B9A-895A-E609736CFAC4"
"19AC8D63-7D14-474E-8B5E-5400052732CE","52D12C60-8B1D-4BD8-B343-4633E38AFDD5","E8896C3F-7E85-4FF5-9D4F-D55D05923F3D"
"BBCHStadium","52DA4A17B7CFB52E444D8B2E818A48DDACFF","812250fe-0823-4798-ac6f-c6ad5caff239"
"24B549E9-532D-4ECB-9F43-76CC26898735","52E6DF0C-91EE-4BD3-BB58-7A2C173CBAE9","0C25AA7D-88B2-41FC-B291-88C1498559AB"
"24B549E9-532D-4ECB-9F43-76CC26898735","52E6DF0C-91EE-4BD3-BB58-7A2C173CBAE9","7C017C8C-C6FB-4A2C-B85C-A036A2B715B1"
"24B549E9-532D-4ECB-9F43-76CC26898735","52E6DF0C-91EE-4BD3-BB58-7A2C173CBAE9","81800A81-E4E5-42DC-BC3A-0C17A24C7516"
"24B549E9-532D-4ECB-9F43-76CC26898735","52E6DF0C-91EE-4BD3-BB58-7A2C173CBAE9","A0BADC62-8A86-4B72-B091-1BAA1A3A2011"
"24B549E9-532D-4ECB-9F43-76CC26898735","52E6DF0C-91EE-4BD3-BB58-7A2C173CBAE9","CCD8303C-5EDC-429C-8661-536EF6E1F07D"
"24B549E9-532D-4ECB-9F43-76CC26898735","52E6DF0C-91EE-4BD3-BB58-7A2C173CBAE9","DB971D5B-4486-4F64-BD96-31ED4637385C"
"40F29A19-67EC-4ADB-B291-800E3E11BAB3","52E993A1-2EC9-4F4D-BF77-FA48E1CE1E4E","1DD3896F-2389-4EAE-9555-34B198AFF14C"
"C2BCCBB7-CA70-43FE-BFE0-391D6DB56F57","53028158-3DFB-44C4-8ABC-AAB88049994E","2CA05433-0582-4B35-9DEB-0F4B013E01FE"
"C2BCCBB7-CA70-43FE-BFE0-391D6DB56F57","53028158-3DFB-44C4-8ABC-AAB88049994E","32318A54-6D2C-4909-9C9B-B7E725354D43"
"C2BCCBB7-CA70-43FE-BFE0-391D6DB56F57","53028158-3DFB-44C4-8ABC-AAB88049994E","783357DB-B179-41B1-A801-D6F8F03B05C0"
"B186B033-B904-4E44-911F-C9C83E47349F","546529FC-5984-420F-AE5C-05C4B74E0454","2cde27e9-b095-4019-aa52-c7efb60ab733"
"B186B033-B904-4E44-911F-C9C83E47349F","546529FC-5984-420F-AE5C-05C4B74E0454","c72d550b-ca1d-4896-abdc-2c26c5663c23"
"B186B033-B904-4E44-911F-C9C83E47349F","546529FC-5984-420F-AE5C-05C4B74E0454","D3F52E28-DE4E-4F97-BAEE-43A6968DFD0E"
"B186B033-B904-4E44-911F-C9C83E47349F","546529FC-5984-420F-AE5C-05C4B74E0454","F7926D4A-0E2B-40C2-B084-4365CDD3E036"
"D926E13E-1C87-4D46-BA6B-E1CFE802DCF1","5476F35E-DE2A-47E1-8E97-8D51323399E1","08F34477-B83B-4044-9CBB-4DFB6F63CBB1"
"D926E13E-1C87-4D46-BA6B-E1CFE802DCF1","5476F35E-DE2A-47E1-8E97-8D51323399E1","24178218-86B4-4FB9-8402-52B34817B097"
"D926E13E-1C87-4D46-BA6B-E1CFE802DCF1","5476F35E-DE2A-47E1-8E97-8D51323399E1","3666CFD6-E231-4C67-A08C-9B7A2D48AEDF"
"D926E13E-1C87-4D46-BA6B-E1CFE802DCF1","5476F35E-DE2A-47E1-8E97-8D51323399E1","77F50137-CD5A-448F-8CF4-46D1C4BA246D"
"D926E13E-1C87-4D46-BA6B-E1CFE802DCF1","5476F35E-DE2A-47E1-8E97-8D51323399E1","C47E142A-CD01-4251-823C-DBF6EC54BF94"
"05E4BD50-353A-4D67-BA6D-DA0B16CC1A81","547BD4AE-3266-4312-985B-C5159519EA50","6FC4CF67-78B3-40B5-A4DB-467AE5CD120C"
"05E4BD50-353A-4D67-BA6D-DA0B16CC1A81","547BD4AE-3266-4312-985B-C5159519EA50","F69EEDD6-16D3-447B-B371-6C168F494D29"
"PER","553CEA7E5E88D53D0DDCCF6A5B4577630953","9e6a64f3-00cd-4b4e-ade0-ee166749a89c"
"5197A4A3-0460-4B76-A21D-880902B0C8E8","55977D72-300C-4C18-8CB9-779A96D5C19A","CFEE9046-232B-466C-BBE3-13CB1D2CF110"
"FBE7091B-ABFB-46F1-880B-FEC40D82EC1E","55D7D588-D311-42E0-B078-6BABC0C6D404","3427346F-4396-4109-8B09-A759942F2DE8"
"BBCHStadium","560B301A90E2EC5C0F372905348406B6B170","102f4cbd-75b1-4a9b-ba1d-80b40b54c4db"
"49C42C99-2A2B-4EAC-85FE-55097A77206D","5612975B-AD19-42C7-9394-B81FAD96B389","029B2111-D9C1-4515-B6C5-2CBA0C2E69D0"
"49C42C99-2A2B-4EAC-85FE-55097A77206D","5612975B-AD19-42C7-9394-B81FAD96B389","1231C2D5-C54F-444D-AA8A-394407BDE737"
"49C42C99-2A2B-4EAC-85FE-55097A77206D","5612975B-AD19-42C7-9394-B81FAD96B389","36728650-16D5-48E4-86E0-68031DD47A2D"
"49C42C99-2A2B-4EAC-85FE-55097A77206D","5612975B-AD19-42C7-9394-B81FAD96B389","3E650CF1-8325-4794-93BB-D24E78196AFF"
"49C42C99-2A2B-4EAC-85FE-55097A77206D","5612975B-AD19-42C7-9394-B81FAD96B389","5CA6C1E4-1604-4F96-B733-ACE7A8AEE38F"
"71F78CC3-FBE0-4777-837C-639BFA42B943","5638827F-E5F6-4FF2-9C18-07D1B666B8AF","758976B0-4F91-4F25-8E31-4A8938866F0D"
"71F78CC3-FBE0-4777-837C-639BFA42B943","5638827F-E5F6-4FF2-9C18-07D1B666B8AF","BB772240-9865-4645-B291-9C9EE7CB406A"
"F32AF5B2-2F16-4F8E-A722-B6BF5F0A8772","56623FE1-3E29-44DE-9426-9CA1009B12F3","1BFB346F-B2C3-422F-B39F-4AAF9DCFA38E"
"F32AF5B2-2F16-4F8E-A722-B6BF5F0A8772","56623FE1-3E29-44DE-9426-9CA1009B12F3","6946A4EE-E9C8-4DE4-9A94-7D3EE4596A80"
"F32AF5B2-2F16-4F8E-A722-B6BF5F0A8772","56623FE1-3E29-44DE-9426-9CA1009B12F3","847CF955-4635-4129-BFC3-EF3E3482FF12"
"68FCB8CE-602B-48AB-950A-6C1BED15C77D","568641DD-15C2-4CCC-AECB-31892148F542","00971244-CC40-434A-9B90-DD9598E5203F"
"68FCB8CE-602B-48AB-950A-6C1BED15C77D","568641DD-15C2-4CCC-AECB-31892148F542","197933E9-E533-4A87-AEE2-F2C14B73FF98"
"68FCB8CE-602B-48AB-950A-6C1BED15C77D","568641DD-15C2-4CCC-AECB-31892148F542","1B8C495C-4EAD-47D3-99B4-7AACF389AE04"
"68FCB8CE-602B-48AB-950A-6C1BED15C77D","568641DD-15C2-4CCC-AECB-31892148F542","25B31FAA-3617-4039-B3B4-37C053B45E28"
"68FCB8CE-602B-48AB-950A-6C1BED15C77D","568641DD-15C2-4CCC-AECB-31892148F542","2843A04D-CD4B-478A-B161-49FEAD64DB49"
"68FCB8CE-602B-48AB-950A-6C1BED15C77D","568641DD-15C2-4CCC-AECB-31892148F542","45AEB28B-22F4-4B11-820E-A30EC7AE9AC5"
"68FCB8CE-602B-48AB-950A-6C1BED15C77D","568641DD-15C2-4CCC-AECB-31892148F542","47288D48-BB26-4754-9B2D-B257BBD575C6"
"68FCB8CE-602B-48AB-950A-6C1BED15C77D","568641DD-15C2-4CCC-AECB-31892148F542","4A254067-A8E2-47D2-8956-CD9546F45C7A"
"68FCB8CE-602B-48AB-950A-6C1BED15C77D","568641DD-15C2-4CCC-AECB-31892148F542","619154D3-F0C9-441C-A1DB-385D9CBAC996"
"68FCB8CE-602B-48AB-950A-6C1BED15C77D","568641DD-15C2-4CCC-AECB-31892148F542","6F138048-7F17-4B73-B148-0BE88E266A68"
"68FCB8CE-602B-48AB-950A-6C1BED15C77D","568641DD-15C2-4CCC-AECB-31892148F542","7A31301B-E3B2-4CE1-8806-0BAA0E16F9BB"
"68FCB8CE-602B-48AB-950A-6C1BED15C77D","568641DD-15C2-4CCC-AECB-31892148F542","7FDF8E03-8433-449F-84C9-1C98144E0169"
"68FCB8CE-602B-48AB-950A-6C1BED15C77D","568641DD-15C2-4CCC-AECB-31892148F542","A4A6CCCC-8671-42FE-8DC5-1E768AD0DD6C"
"68FCB8CE-602B-48AB-950A-6C1BED15C77D","568641DD-15C2-4CCC-AECB-31892148F542","A5B3EC9C-4B5B-4AEC-97D5-2F8369253F9E"
"68FCB8CE-602B-48AB-950A-6C1BED15C77D","568641DD-15C2-4CCC-AECB-31892148F542","F9A4BB5F-23AE-4504-88B8-98C2BF9099D5"
"5CFB1D34-95B0-4F69-871E-52B743C073F9","569EC31D-3331-4D98-8204-43212359CA0D","39C4ABDD-74EC-4F58-9D9A-92B842908E95"
"E90A4A50-8EFB-4F3B-ADB8-3FC7DC22F735","56C4E52D-E73D-4B55-BF12-C86F271DE55C","C6F297CB-997C-42B1-91C3-01AACCF5AF0D"
"53D31562-18B7-4293-A584-138E1A750866","56D3D006-6889-46E0-BA6B-5E8D121E35E2","00BA34A4-7216-4049-8D09-1E39E04957E0"
"53D31562-18B7-4293-A584-138E1A750866","56D3D006-6889-46E0-BA6B-5E8D121E35E2","09991543-FCC1-4CD3-8C65-A2854792DA39"
"53D31562-18B7-4293-A584-138E1A750866","56D3D006-6889-46E0-BA6B-5E8D121E35E2","0D3A6A07-22E1-4D7D-9F28-2AFCD79911AB"
"53D31562-18B7-4293-A584-138E1A750866","56D3D006-6889-46E0-BA6B-5E8D121E35E2","10350380-6075-4cdf-8f01-149c2da7fed0"
"53D31562-18B7-4293-A584-138E1A750866","56D3D006-6889-46E0-BA6B-5E8D121E35E2","2129ADAB-5CEC-44FE-B1D4-0908A45DB7C2"
"53D31562-18B7-4293-A584-138E1A750866","56D3D006-6889-46E0-BA6B-5E8D121E35E2","31B2A4FA-9A4C-48EB-8E75-50E5FE603CBF"
"53D31562-18B7-4293-A584-138E1A750866","56D3D006-6889-46E0-BA6B-5E8D121E35E2","37165B7F-A44B-470D-99A4-85C0A3490C55"
"53D31562-18B7-4293-A584-138E1A750866","56D3D006-6889-46E0-BA6B-5E8D121E35E2","409EFCDF-975C-4ECC-91C4-52FB13624D1B"
"53D31562-18B7-4293-A584-138E1A750866","56D3D006-6889-46E0-BA6B-5E8D121E35E2","4DD57A4D-768F-4409-A397-6C4E60A3AB19"
"53D31562-18B7-4293-A584-138E1A750866","56D3D006-6889-46E0-BA6B-5E8D121E35E2","544F6B7C-8284-4BF4-979A-4CA874BE7623"
"53D31562-18B7-4293-A584-138E1A750866","56D3D006-6889-46E0-BA6B-5E8D121E35E2","58051B1C-774B-488E-8316-272C4F31FB99"
"53D31562-18B7-4293-A584-138E1A750866","56D3D006-6889-46E0-BA6B-5E8D121E35E2","59E10D10-AA6A-4179-B7F0-CE680A872268"
"53D31562-18B7-4293-A584-138E1A750866","56D3D006-6889-46E0-BA6B-5E8D121E35E2","5e83e9f6-3393-45bd-a4c1-6f236e9c1ef0"
"53D31562-18B7-4293-A584-138E1A750866","56D3D006-6889-46E0-BA6B-5E8D121E35E2","663A3C03-205B-4C7C-AB6D-219BE526B532"
"53D31562-18B7-4293-A584-138E1A750866","56D3D006-6889-46E0-BA6B-5E8D121E35E2","6B8D2DF0-AE88-44E4-8159-40EF8DD61E70"
"53D31562-18B7-4293-A584-138E1A750866","56D3D006-6889-46E0-BA6B-5E8D121E35E2","7345064C-7398-4C1B-9DAB-43912E670BAB"
"53D31562-18B7-4293-A584-138E1A750866","56D3D006-6889-46E0-BA6B-5E8D121E35E2","7567E0A4-E14A-4060-946E-475022430EED"
"53D31562-18B7-4293-A584-138E1A750866","56D3D006-6889-46E0-BA6B-5E8D121E35E2","85394F49-A486-40B5-94FE-B3EC11ED6B5B"
"53D31562-18B7-4293-A584-138E1A750866","56D3D006-6889-46E0-BA6B-5E8D121E35E2","954a460a-877c-44c6-9e41-d76db1c0f96b"
"53D31562-18B7-4293-A584-138E1A750866","56D3D006-6889-46E0-BA6B-5E8D121E35E2","961DC99A-7337-42DD-8F8A-721877D842C7"
"53D31562-18B7-4293-A584-138E1A750866","56D3D006-6889-46E0-BA6B-5E8D121E35E2","A58B1305-E924-4149-A30B-034F1BA504CC"
"53D31562-18B7-4293-A584-138E1A750866","56D3D006-6889-46E0-BA6B-5E8D121E35E2","A86DE41B-BEE6-4420-B9FE-BDCF02C1DA0F"
"53D31562-18B7-4293-A584-138E1A750866","56D3D006-6889-46E0-BA6B-5E8D121E35E2","AC5EE373-0C27-4883-80DB-54FCB0D676AC"
"53D31562-18B7-4293-A584-138E1A750866","56D3D006-6889-46E0-BA6B-5E8D121E35E2","CBFE1046-2C46-4F3C-B076-E34B320C35C8"
"53D31562-18B7-4293-A584-138E1A750866","56D3D006-6889-46E0-BA6B-5E8D121E35E2","CC4A1D5D-5229-40DB-B4E5-0C8864EA1FBA"
"53D31562-18B7-4293-A584-138E1A750866","56D3D006-6889-46E0-BA6B-5E8D121E35E2","CC98D6C5-7B1C-4E95-9095-55882DED8DB2"
"53D31562-18B7-4293-A584-138E1A750866","56D3D006-6889-46E0-BA6B-5E8D121E35E2","CF3F4063-8353-426C-A945-D88DBC105382"
"53D31562-18B7-4293-A584-138E1A750866","56D3D006-6889-46E0-BA6B-5E8D121E35E2","ddb12317-ecd2-4e03-8a19-636a05951cc0"
"53D31562-18B7-4293-A584-138E1A750866","56D3D006-6889-46E0-BA6B-5E8D121E35E2","E0B4347A-9FCC-4F8A-B3F8-A3AB2623FC04"
"385E7982-7705-4FDC-BA30-BAF98A4EB123","5726C9FB-1185-4814-8364-41306C4A03CA","3E5AD159-9BAA-4623-95A8-5958BCE625EC"
"94545606-1196-4B42-97F7-49C475263523","5755FA06-8F37-4789-A8DF-517602EE85E9","01FFF2A0-8DF0-4918-A4E0-D0644A29DEF1"
"94545606-1196-4B42-97F7-49C475263523","5755FA06-8F37-4789-A8DF-517602EE85E9","08D35C1C-5DDA-462E-9131-626A507313E4"
"94545606-1196-4B42-97F7-49C475263523","5755FA06-8F37-4789-A8DF-517602EE85E9","2EBAE114-035F-4488-80AE-D863C99FF8E2"
"94545606-1196-4B42-97F7-49C475263523","5755FA06-8F37-4789-A8DF-517602EE85E9","31142C84-D321-4CA1-96F1-9E9B32FA1FD9"
"94545606-1196-4B42-97F7-49C475263523","5755FA06-8F37-4789-A8DF-517602EE85E9","CD724191-54AD-4748-B1D0-8324A49D0847"
"4EECE703-B85B-4ABE-81DA-D7749665543D","5787E991-AB5F-4180-AFCC-8B3A688439C9","1CB2D020-0F1A-411F-970E-8CEF54B622C1"
"4EECE703-B85B-4ABE-81DA-D7749665543D","5787E991-AB5F-4180-AFCC-8B3A688439C9","EF5B0FDD-386D-4839-B6BE-DCA6AA4B84B0"
"6D69BCDB-2CBA-45F8-939C-02572081D4A6","57A8780D-6DF9-4142-9B23-E0938DF29C0D","5C596871-F547-4C68-99AE-97A2A7E50C8B"
"6D69BCDB-2CBA-45F8-939C-02572081D4A6","57A8780D-6DF9-4142-9B23-E0938DF29C0D","D8E2DBC5-F3FE-40D5-8AB2-0EB709644C96"
"6D69BCDB-2CBA-45F8-939C-02572081D4A6","57A8780D-6DF9-4142-9B23-E0938DF29C0D","FA43CD8E-4586-463E-8862-28DE9F99BF20"
"A86977F1-91A2-45D4-82B4-095E3F5F1E72","57A89350-7E2E-4BA0-89D5-BA9E6C7A060B","0E034852-83A3-44F6-B53E-16FB39357694"
"A86977F1-91A2-45D4-82B4-095E3F5F1E72","57A89350-7E2E-4BA0-89D5-BA9E6C7A060B","7F6667F5-ADC9-40EA-95FC-15CF27CDAC43"
"A86977F1-91A2-45D4-82B4-095E3F5F1E72","57A89350-7E2E-4BA0-89D5-BA9E6C7A060B","C9A15F7F-8005-462C-8B97-1F7F9775F060"
"PER","57EB90DAE9E9796B942851D411C0F2CCD67E","602d6df1-0bb7-4235-ae39-3a1b51cf4979"
"431699F0-5E38-40E3-88C8-B151D8487AFB","57EFE21D-EEAC-485E-89A7-C812E47DE1EF","9743265f-c250-420d-81d4-1fd315b65b1e"
"431699F0-5E38-40E3-88C8-B151D8487AFB","57EFE21D-EEAC-485E-89A7-C812E47DE1EF","bbe1e347-6e18-473d-a1f3-c68f39894059"
"0C2FDB32-04CA-458A-A83E-55167F5A3171","57F1ABC8-F127-4110-ABEA-BC4C1038FDE0","1fe695c2-f671-4c62-a3e8-8e1693d7427e"
"0C2FDB32-04CA-458A-A83E-55167F5A3171","57F1ABC8-F127-4110-ABEA-BC4C1038FDE0","2DFA5BA0-3170-419B-A00D-6868D67C2D1C"
"0C2FDB32-04CA-458A-A83E-55167F5A3171","57F1ABC8-F127-4110-ABEA-BC4C1038FDE0","5216C34B-5395-4E3A-9319-71F93B68807D"
"0C2FDB32-04CA-458A-A83E-55167F5A3171","57F1ABC8-F127-4110-ABEA-BC4C1038FDE0","6054F926-04DB-4848-B01B-80E33708E30D"
"0C2FDB32-04CA-458A-A83E-55167F5A3171","57F1ABC8-F127-4110-ABEA-BC4C1038FDE0","89D79179-356B-4675-8291-5FF12011451F"
"0C2FDB32-04CA-458A-A83E-55167F5A3171","57F1ABC8-F127-4110-ABEA-BC4C1038FDE0","9FC3BB1A-1C6C-4646-8332-51EEBBAB74B0"
"C7FD2F59-BE21-49D4-B7FF-C366BC11A374","5860B353-59D7-40A1-A305-3CEFB789E2E7","2914BA18-7868-4AFF-BE4B-C234891E415B"
"C7FD2F59-BE21-49D4-B7FF-C366BC11A374","5860B353-59D7-40A1-A305-3CEFB789E2E7","3BFD5B2C-F96D-4BD0-8448-18511F41E12E"
"C7FD2F59-BE21-49D4-B7FF-C366BC11A374","5860B353-59D7-40A1-A305-3CEFB789E2E7","4FA09E08-5260-473D-B141-16A45B1BC9AD"
"C7FD2F59-BE21-49D4-B7FF-C366BC11A374","5860B353-59D7-40A1-A305-3CEFB789E2E7","5070804B-343E-4593-8C23-8DD7288BAF2A"
"C7FD2F59-BE21-49D4-B7FF-C366BC11A374","5860B353-59D7-40A1-A305-3CEFB789E2E7","90503573-DA16-43DF-BE1C-0139C106172A"
"C7FD2F59-BE21-49D4-B7FF-C366BC11A374","5860B353-59D7-40A1-A305-3CEFB789E2E7","9986F303-03A5-4F9F-A1ED-6F8E6F2129B4"
"C7FD2F59-BE21-49D4-B7FF-C366BC11A374","5860B353-59D7-40A1-A305-3CEFB789E2E7","9D583245-3C2F-4E65-8775-C8A11413C54E"
"C7FD2F59-BE21-49D4-B7FF-C366BC11A374","5860B353-59D7-40A1-A305-3CEFB789E2E7","ACAC9803-3826-4E45-B2B3-9EB9C2104765"
"C7FD2F59-BE21-49D4-B7FF-C366BC11A374","5860B353-59D7-40A1-A305-3CEFB789E2E7","B3230CA8-0981-406B-AE37-D0C320D3656F"
"C7FD2F59-BE21-49D4-B7FF-C366BC11A374","5860B353-59D7-40A1-A305-3CEFB789E2E7","D8FB2063-D478-402E-B44C-97B8F824D910"
"C7FD2F59-BE21-49D4-B7FF-C366BC11A374","5860B353-59D7-40A1-A305-3CEFB789E2E7","FF854ACB-91B9-40C0-A563-18294578F94D"
"63166D56-120A-48DF-940E-F3E12DA06164","5873C46F-D3DA-42F8-9CAC-115FEF899124","345FEF2C-56AD-4BA3-B432-BFC530276D70"
"63166D56-120A-48DF-940E-F3E12DA06164","5873C46F-D3DA-42F8-9CAC-115FEF899124","49FF810B-68FF-4CEE-8B59-B9B7252F6168"
"63166D56-120A-48DF-940E-F3E12DA06164","5873C46F-D3DA-42F8-9CAC-115FEF899124","8CC8BAB0-C2CB-4E30-8D2C-2B153995D82C"
"63166D56-120A-48DF-940E-F3E12DA06164","5873C46F-D3DA-42F8-9CAC-115FEF899124","A5993068-379F-447C-BED3-989F308A05B8"
"63166D56-120A-48DF-940E-F3E12DA06164","5873C46F-D3DA-42F8-9CAC-115FEF899124","B1C5573A-95F1-4939-AFFF-674EC2566515"
"63166D56-120A-48DF-940E-F3E12DA06164","5873C46F-D3DA-42F8-9CAC-115FEF899124","BAD736C0-452F-491B-A73A-8C87810AE63B"
"FE624A3E-6FDA-4138-A60A-0F5AC4384142","5880901B-88D6-4D1D-8D78-10EB26A09246","0EFD031D-800C-4AB6-A24F-D0389E73338C"
"FE624A3E-6FDA-4138-A60A-0F5AC4384142","5880901B-88D6-4D1D-8D78-10EB26A09246","1E9858FA-64DA-437A-8BE0-C1E40FDD5E0B"
"FE624A3E-6FDA-4138-A60A-0F5AC4384142","5880901B-88D6-4D1D-8D78-10EB26A09246","48AF348B-48AC-4939-B0C7-8D19969D52E7"
"FE624A3E-6FDA-4138-A60A-0F5AC4384142","5880901B-88D6-4D1D-8D78-10EB26A09246","810FFED7-DB8E-4D93-A77D-182C3093DE87"
"FE624A3E-6FDA-4138-A60A-0F5AC4384142","5880901B-88D6-4D1D-8D78-10EB26A09246","ACE0F17B-89E3-401E-9AD0-969C202888DD"
"FE624A3E-6FDA-4138-A60A-0F5AC4384142","5880901B-88D6-4D1D-8D78-10EB26A09246","AFAA1110-A367-4FDD-9465-4FE2758504E1"
"FE624A3E-6FDA-4138-A60A-0F5AC4384142","5880901B-88D6-4D1D-8D78-10EB26A09246","B87D33E9-A66D-4C9B-A318-876B93F5B001"
"FE624A3E-6FDA-4138-A60A-0F5AC4384142","5880901B-88D6-4D1D-8D78-10EB26A09246","BE2E3329-261E-46C8-A868-261AB3B48031"
"FE624A3E-6FDA-4138-A60A-0F5AC4384142","5880901B-88D6-4D1D-8D78-10EB26A09246","BF70A15D-CD4F-4E70-9A26-53DEDC70A6E1"
"FE624A3E-6FDA-4138-A60A-0F5AC4384142","5880901B-88D6-4D1D-8D78-10EB26A09246","F5D8F3D9-16ED-4AC7-A2D3-0D59A0AE4E79"
"FE624A3E-6FDA-4138-A60A-0F5AC4384142","5880901B-88D6-4D1D-8D78-10EB26A09246","F778CA07-660B-48B6-A611-6C38B399BF76"
"C2FAC86C-1D8C-44C6-B0C7-C2DE0898ED9C","588C7E1F-3C36-4193-AAA3-BAAFEC335EEC","824E9E31-C44E-4FD5-9899-C4F7D1E8DF4D"
"INTERVALL","58A77403859F70601AFF18B37212B26C87BD","58c999ba-f971-49d9-9044-6ed847e7d2d8"
"7E44DA59-F0BE-4171-9933-7B9C798868C4","58D3211B-4CCC-49F3-B1A4-1197BBD637BA","50FFB1FD-2216-435D-BFFF-B4603F11EA7F"
"7E44DA59-F0BE-4171-9933-7B9C798868C4","58D3211B-4CCC-49F3-B1A4-1197BBD637BA","64401484-21B8-48A6-83E7-45140C0A4C9C"
"7E44DA59-F0BE-4171-9933-7B9C798868C4","58D3211B-4CCC-49F3-B1A4-1197BBD637BA","702159F1-BB0F-4F5F-A4CB-0F19FAE2D794"
"7E44DA59-F0BE-4171-9933-7B9C798868C4","58D3211B-4CCC-49F3-B1A4-1197BBD637BA","7CDFE4AB-36E0-40D7-8D6D-F3953E24BDF2"
"7E44DA59-F0BE-4171-9933-7B9C798868C4","58D3211B-4CCC-49F3-B1A4-1197BBD637BA","95052881-707E-431E-AF52-76FCE3DAEB74"
"7E44DA59-F0BE-4171-9933-7B9C798868C4","58D3211B-4CCC-49F3-B1A4-1197BBD637BA","A74088F5-3EA8-469C-B583-4FBCE2BF2135"
"7E44DA59-F0BE-4171-9933-7B9C798868C4","58D3211B-4CCC-49F3-B1A4-1197BBD637BA","B6EB6702-02F0-4E75-B290-F4EB13752845"
"7E44DA59-F0BE-4171-9933-7B9C798868C4","58D3211B-4CCC-49F3-B1A4-1197BBD637BA","D37F89E7-097C-4719-9A48-10601A89CD6A"
"7E44DA59-F0BE-4171-9933-7B9C798868C4","58D3211B-4CCC-49F3-B1A4-1197BBD637BA","d4f9ab12-8ec5-41eb-92ac-3dc88cdb8acc"
"7E44DA59-F0BE-4171-9933-7B9C798868C4","58D3211B-4CCC-49F3-B1A4-1197BBD637BA","D9AE38C6-2CC3-41DC-AE39-9DF185257BCA"
"7E44DA59-F0BE-4171-9933-7B9C798868C4","58D3211B-4CCC-49F3-B1A4-1197BBD637BA","f054a6cd-006c-4fa9-a4e0-d518275f3923"
"AFE400EB-7098-4433-837C-FDAD993E434F","591149A9-BE8B-434C-ADF7-B1CEE4AAA839","29D6CA05-D828-437C-B9FD-50C555C573CA"
"AFE400EB-7098-4433-837C-FDAD993E434F","591149A9-BE8B-434C-ADF7-B1CEE4AAA839","342B1664-C12F-4286-AB61-7F3EB8088C86"
"AFE400EB-7098-4433-837C-FDAD993E434F","591149A9-BE8B-434C-ADF7-B1CEE4AAA839","5FB78131-8ADC-4E69-9156-B21FA1EE7964"
"2891BF7E-800C-41DA-A07C-7EF25B57D06C","59B708D9-8705-4BCD-873E-91FA8C393AB5","9b86f4ec-ff0c-45bb-805e-a7c2c5985ab1"
"2891BF7E-800C-41DA-A07C-7EF25B57D06C","59B708D9-8705-4BCD-873E-91FA8C393AB5","9cc023c1-8e91-451e-a16b-25c5d1c71523"
"F8F20D67-EB7B-401D-8D02-8E5439AC50A8","59BA0C01-5AC8-400E-8529-C05F1F71B0EE","4DF46670-1C2C-47F9-9B88-B6733456C055"
"C024ADB2-2600-486D-9CD4-ADDC73FAD9C8","59BD6681-5399-45E9-A004-E37683C75485","1E742FD3-8BD8-4A9A-9ED9-C37B514CD194"
"INTERVALL","5A00C548C9991042A1E9017A28941837AAD2","43e03f9a-0860-4249-a545-472a193a90d9"
"INTERVALL","5A40938C497E1DA2AE80A851A07EB78F4122","f57092d1-a496-44b0-812e-8778fb9c957a"
"81348C18-C6C0-4528-98F9-E30442BCBB99","5A957633-CDB9-4E66-B79B-52FA42E5A9DD","1AD1A2CC-64C8-4575-A7CE-99205B15128C"
"81348C18-C6C0-4528-98F9-E30442BCBB99","5A957633-CDB9-4E66-B79B-52FA42E5A9DD","B6B4F674-BBC3-4C97-B5A5-3E0F6A03C6EC"
"849E7D44-87C6-4E4B-83E0-E24525719756","5A997581-A2FE-4B8C-8EEF-3CD040DE382B","2D288FBD-E80B-44D7-A8B8-CEB39AE33421"
"849E7D44-87C6-4E4B-83E0-E24525719756","5A997581-A2FE-4B8C-8EEF-3CD040DE382B","5A217B30-1013-4F12-9593-52EB00C6C384"
"849E7D44-87C6-4E4B-83E0-E24525719756","5A997581-A2FE-4B8C-8EEF-3CD040DE382B","632B8579-8E50-42F2-BC48-1DD897039270"
"849E7D44-87C6-4E4B-83E0-E24525719756","5A997581-A2FE-4B8C-8EEF-3CD040DE382B","91425207-C153-4A7C-A40C-C5C0A1BBD9EE"
"849E7D44-87C6-4E4B-83E0-E24525719756","5A997581-A2FE-4B8C-8EEF-3CD040DE382B","A74186A6-E967-4922-AD1A-F92BF69F6E8C"
"849E7D44-87C6-4E4B-83E0-E24525719756","5A997581-A2FE-4B8C-8EEF-3CD040DE382B","E9C45257-55EE-44D3-8AC6-6073166ECE49"
"E0CA3C62-97C9-4C1F-A281-2F0DC4108DFD","5A9A2EE8-C78E-4924-AB2A-2952885E9928","09CDCBA4-EEBE-42C4-BD00-DD47ECEC8DC6"
"E0CA3C62-97C9-4C1F-A281-2F0DC4108DFD","5A9A2EE8-C78E-4924-AB2A-2952885E9928","0A8AFEE9-BB37-4135-B4F5-16E074F6C6AB"
"E0CA3C62-97C9-4C1F-A281-2F0DC4108DFD","5A9A2EE8-C78E-4924-AB2A-2952885E9928","10D1480C-3824-4EF6-8F39-1E563F5CF2E8"
"E0CA3C62-97C9-4C1F-A281-2F0DC4108DFD","5A9A2EE8-C78E-4924-AB2A-2952885E9928","3E73C930-6D11-4837-9A4B-AB5FA6A0A372"
"E0CA3C62-97C9-4C1F-A281-2F0DC4108DFD","5A9A2EE8-C78E-4924-AB2A-2952885E9928","40141237-4927-43D3-AC2C-BFBC7EEBC7AA"
"E0CA3C62-97C9-4C1F-A281-2F0DC4108DFD","5A9A2EE8-C78E-4924-AB2A-2952885E9928","439CAF64-BB67-492B-881E-46063647A450"
"E0CA3C62-97C9-4C1F-A281-2F0DC4108DFD","5A9A2EE8-C78E-4924-AB2A-2952885E9928","55AA52F1-041E-41AE-A56C-E532D4F7B554"
"E0CA3C62-97C9-4C1F-A281-2F0DC4108DFD","5A9A2EE8-C78E-4924-AB2A-2952885E9928","5D8CFCAA-05C0-488E-A9F5-17038F4E3669"
"E0CA3C62-97C9-4C1F-A281-2F0DC4108DFD","5A9A2EE8-C78E-4924-AB2A-2952885E9928","624C1C9F-7C51-45AE-81DA-327E6D21CE34"
"E0CA3C62-97C9-4C1F-A281-2F0DC4108DFD","5A9A2EE8-C78E-4924-AB2A-2952885E9928","83E590D2-8DC4-4BC3-ABB0-19E4963823AB"
"E0CA3C62-97C9-4C1F-A281-2F0DC4108DFD","5A9A2EE8-C78E-4924-AB2A-2952885E9928","8AE3EE93-E54C-4EDB-81B3-646AD5483DD9"
"E0CA3C62-97C9-4C1F-A281-2F0DC4108DFD","5A9A2EE8-C78E-4924-AB2A-2952885E9928","8F7F0C6B-4737-4772-8C13-397AA9619006"
"E0CA3C62-97C9-4C1F-A281-2F0DC4108DFD","5A9A2EE8-C78E-4924-AB2A-2952885E9928","99784E17-36BA-4F38-BF9F-4FA195723E16"
"E0CA3C62-97C9-4C1F-A281-2F0DC4108DFD","5A9A2EE8-C78E-4924-AB2A-2952885E9928","9FF9F842-4A5C-42FF-9163-05A3965F61AD"
"E0CA3C62-97C9-4C1F-A281-2F0DC4108DFD","5A9A2EE8-C78E-4924-AB2A-2952885E9928","A417FDCD-B941-4006-B16C-B0C8762DEFA1"
"E0CA3C62-97C9-4C1F-A281-2F0DC4108DFD","5A9A2EE8-C78E-4924-AB2A-2952885E9928","C26E0E2D-5C38-47EA-84C8-9F9BE0958DA1"
"E0CA3C62-97C9-4C1F-A281-2F0DC4108DFD","5A9A2EE8-C78E-4924-AB2A-2952885E9928","CE488CAB-AEFE-4592-AC17-A0F68B40CBBA"
"E0CA3C62-97C9-4C1F-A281-2F0DC4108DFD","5A9A2EE8-C78E-4924-AB2A-2952885E9928","CFC9B88A-67FE-4310-B027-A91000173BD5"
"E0CA3C62-97C9-4C1F-A281-2F0DC4108DFD","5A9A2EE8-C78E-4924-AB2A-2952885E9928","D13CD2CF-24E0-4B24-BF73-FF25777246E3"
"E0CA3C62-97C9-4C1F-A281-2F0DC4108DFD","5A9A2EE8-C78E-4924-AB2A-2952885E9928","E40DF293-1738-4169-B3AA-0B9BA3950274"
"E0CA3C62-97C9-4C1F-A281-2F0DC4108DFD","5A9A2EE8-C78E-4924-AB2A-2952885E9928","E7DC26C4-0FD8-4602-9304-E16D240741A7"
"E0CA3C62-97C9-4C1F-A281-2F0DC4108DFD","5A9A2EE8-C78E-4924-AB2A-2952885E9928","ED98EBBE-0323-4B52-951C-7B25CF0436BE"
"E0CA3C62-97C9-4C1F-A281-2F0DC4108DFD","5A9A2EE8-C78E-4924-AB2A-2952885E9928","F2B58711-F3E7-4E35-8964-9AC78473AC8E"
"E0CA3C62-97C9-4C1F-A281-2F0DC4108DFD","5A9A2EE8-C78E-4924-AB2A-2952885E9928","F6C7D6E6-7A82-4350-98D4-55B7EF7B740D"
"E0CA3C62-97C9-4C1F-A281-2F0DC4108DFD","5A9A2EE8-C78E-4924-AB2A-2952885E9928","FADAE528-E081-48AB-91F7-F27B3E444AF3"
"E0CA3C62-97C9-4C1F-A281-2F0DC4108DFD","5A9A2EE8-C78E-4924-AB2A-2952885E9928","FF8D74FA-3FA7-4B9F-AAF0-7A1A3E8AE4D4"
"6EA15CF0-28E4-46B2-B22D-15B59E1EC012","5AA19792-3183-436C-9A1F-80D49D6A7428","05E25D94-1762-4F10-BFA6-781EC1059DCC"
"6EA15CF0-28E4-46B2-B22D-15B59E1EC012","5AA19792-3183-436C-9A1F-80D49D6A7428","181279DF-EC11-434A-BF04-F625138D413A"
"6EA15CF0-28E4-46B2-B22D-15B59E1EC012","5AA19792-3183-436C-9A1F-80D49D6A7428","8DBFDF5B-B27F-4386-9B0D-8D163FED6347"
"6EA15CF0-28E4-46B2-B22D-15B59E1EC012","5AA19792-3183-436C-9A1F-80D49D6A7428","E8A7AE87-540C-46DA-ABC7-D66E7CB88268"
"94679E16-9247-4EFE-8C74-550E50B25B36","5AD8B041-A094-42C8-BA97-A6FC47B3FED3","1733309A-3165-4F53-AE8D-C2CF9696984A"
"94679E16-9247-4EFE-8C74-550E50B25B36","5AD8B041-A094-42C8-BA97-A6FC47B3FED3","97098717-7DA1-46FA-8FC5-8D24E7765642"
"B0D053F5-0316-4B67-9629-23B795F8854D","5AE343C4-C2FE-4DB5-A963-0CC027823121","1E742FD3-8BD8-4A9A-9ED9-C37B514CD194"
"B0D053F5-0316-4B67-9629-23B795F8854D","5AE343C4-C2FE-4DB5-A963-0CC027823121","31dd2836-1f68-4fa6-8670-d0ee9ae63b66"
"B0D053F5-0316-4B67-9629-23B795F8854D","5AE343C4-C2FE-4DB5-A963-0CC027823121","3E42CE43-2B5D-434D-A0B3-5AA6EB4EB567"
"B0D053F5-0316-4B67-9629-23B795F8854D","5AE343C4-C2FE-4DB5-A963-0CC027823121","4730F9BA-A69E-4EE7-B180-DA1EF10466B9"
"B0D053F5-0316-4B67-9629-23B795F8854D","5AE343C4-C2FE-4DB5-A963-0CC027823121","49587F55-186A-4064-BF02-BFB37D59E283"
"B0D053F5-0316-4B67-9629-23B795F8854D","5AE343C4-C2FE-4DB5-A963-0CC027823121","E0CE1F1F-ACAC-419B-93ED-54239B5028AC"
"B0D053F5-0316-4B67-9629-23B795F8854D","5AE343C4-C2FE-4DB5-A963-0CC027823121","EF3F0513-DE20-42E8-A89C-CD8FD0969C3E"
"INTERVALL","5B0BBBE6A3E1D47C22702707D4EE34242D48","b5d2f830-f327-4abd-9858-5cb4e4a58bcf"
"87895C0E-692F-431B-BBD5-514ED30CE359","5B91FAA7-6162-4EB6-8503-5244CA2DD4CE","7ECDEEA3-3A5A-461E-AB10-D64E5FC7924A"
"87895C0E-692F-431B-BBD5-514ED30CE359","5B91FAA7-6162-4EB6-8503-5244CA2DD4CE","866546DF-A8FA-4D09-AA89-E9BCB739CB6B"
"87895C0E-692F-431B-BBD5-514ED30CE359","5B91FAA7-6162-4EB6-8503-5244CA2DD4CE","E1B18A66-C073-4E38-A27A-AE409BEE3F71"
"F5EDB7EE-BEC4-4E1F-B7FA-77181D52551C","5BD599E0-7BF6-4334-AE93-39F35F015A94","E9DD26B5-A944-4FFA-AEEF-2B2F81D65279"
"20986DBE-1FD2-40D5-931C-D9A49AE92597","5C371D44-F914-4229-B6FC-4A46FF86E057","824E9E31-C44E-4FD5-9899-C4F7D1E8DF4D"
"21FCB0D1-8ACE-4C4A-A70C-12E3B7FB807B","5C73FD94-05B4-4A95-AFA6-E072A48AD3E2","CA964F27-F836-459D-AD4E-3EE0A6BD2744"
"FF5B26E2-B1B8-4A76-92A4-0FC216EE3843","5D092382-4D8B-4968-A214-6B8EA29EF84A","84112336-70D8-4837-8DEB-59B7AD6E9BD8"
"376D3B46-CA99-4BD3-8AFB-5200C0645D4A","5D4D8FFC-3B99-4985-8BF6-A587FC10AB85","9329EB6B-B5AC-4051-BC54-DE516DAC4DAF"
"376D3B46-CA99-4BD3-8AFB-5200C0645D4A","5D4D8FFC-3B99-4985-8BF6-A587FC10AB85","E71B3A6A-0725-49A0-A2B6-A7F728E7EEE1"
"033DB8B0-EE13-407C-A333-1CA6B438E609","5D584076-269A-4733-8510-F0C5EF144487","56B14E8A-CABB-41C9-8D4F-169A14545BBA"
"033DB8B0-EE13-407C-A333-1CA6B438E609","5D584076-269A-4733-8510-F0C5EF144487","94742C69-F497-408E-8CDB-E3C45F4D7ED3"
"033DB8B0-EE13-407C-A333-1CA6B438E609","5D584076-269A-4733-8510-F0C5EF144487","A74088F5-3EA8-469C-B583-4FBCE2BF2135"
"033DB8B0-EE13-407C-A333-1CA6B438E609","5D584076-269A-4733-8510-F0C5EF144487","CCAC5912-FE01-42B8-8AAE-2D7C1B17BE73"
"033DB8B0-EE13-407C-A333-1CA6B438E609","5D584076-269A-4733-8510-F0C5EF144487","D3FD75B3-5869-4932-94C0-22A313F3749F"
"033DB8B0-EE13-407C-A333-1CA6B438E609","5D584076-269A-4733-8510-F0C5EF144487","f054a6cd-006c-4fa9-a4e0-d518275f3923"
"B4C570F4-1CCC-4BD8-92CC-3B3214FBC4C1","5DE6C041-7CD4-4228-870F-F0DFE8A5166C","6DA9D27D-4435-458A-894E-572AE4B03114"
"B4C570F4-1CCC-4BD8-92CC-3B3214FBC4C1","5DE6C041-7CD4-4228-870F-F0DFE8A5166C","EEE6B1FF-2C93-41F5-AFCA-D318BB17BC14"
"8D50B76C-A520-4D12-938A-E2F0F0773D01","5E1C1181-13CE-4C1F-A8C7-F58DEAF6C26E","7F222741-62FC-40D1-A4ED-3B3AA8F417FD"
"INTERVALL","5E31F4A2E82EFE3B18FADB0B84694DC3402E","1753e132-8a70-4be2-ac6c-fcb9450ea25f"
"475ED664-6DBA-48B4-962C-9CB84F39CBBE","5E668160-DDE5-4479-AF8E-84201A3682E8","6FDF8117-B5C5-4AD3-B36C-E3128D13F759"
"475ED664-6DBA-48B4-962C-9CB84F39CBBE","5E668160-DDE5-4479-AF8E-84201A3682E8","C05E7322-EEC6-4E28-9D14-1DD6F735AFC4"
"70C51D32-F346-4124-A9D8-A26DC9AC7DC5","5E6D2979-5395-449D-BA0A-7FBC4D1E25DC","6F9D7A9B-CE47-4F20-9C8C-D8DE1365434F"
"70C51D32-F346-4124-A9D8-A26DC9AC7DC5","5E6D2979-5395-449D-BA0A-7FBC4D1E25DC","AAA1E08E-D505-4288-B7EE-9714723D1B4A"
"B17049FC-B551-4B72-8044-64E33731B99A","5E9A043B-DCE9-4AB1-9AEC-DFE36CC21F15","0075681D-B346-4623-AADF-8C0E85A94F20"
"1253811f-976f-4758-85d2-ba69f2606459","5f1704a7-11be-442e-8c18-18587d2ef9a6","bfaa70ed-a705-49e9-bb14-90c70c2161f9"
"B525350E-4252-4178-96B3-79550395E1E0","5FA2C638-C3B4-47BF-B4E1-0B31526A9008","534367D6-CE8F-4C72-AF86-49765F1FFE51"
"B525350E-4252-4178-96B3-79550395E1E0","5FA2C638-C3B4-47BF-B4E1-0B31526A9008","D767613D-78B9-459D-962C-42FA7C1FA4B9"
"B525350E-4252-4178-96B3-79550395E1E0","5FA2C638-C3B4-47BF-B4E1-0B31526A9008","F7BCDCD5-E26B-42DF-B511-9C09CD1893F0"
"286E799B-0EBC-4854-9CC6-4E48A192AD52","5FF208C8-D87D-42C4-82E2-8855457D250C","0098e584-aa59-4e46-a1e4-e696a4a953dc"
"286E799B-0EBC-4854-9CC6-4E48A192AD52","5FF208C8-D87D-42C4-82E2-8855457D250C","0624AD0F-CE87-4170-9138-2E1CF1B691D0"
"286E799B-0EBC-4854-9CC6-4E48A192AD52","5FF208C8-D87D-42C4-82E2-8855457D250C","0F7867D4-81BA-4690-84F1-BF8135A42D4C"
"286E799B-0EBC-4854-9CC6-4E48A192AD52","5FF208C8-D87D-42C4-82E2-8855457D250C","2837F7F7-CB42-4DAE-9F8C-71BD3E6F5EDB"
"286E799B-0EBC-4854-9CC6-4E48A192AD52","5FF208C8-D87D-42C4-82E2-8855457D250C","42f0a980-8091-4d9a-b990-b82522779d0a"
"286E799B-0EBC-4854-9CC6-4E48A192AD52","5FF208C8-D87D-42C4-82E2-8855457D250C","650c444a-69e4-44f7-a3ad-81cde693dd98"
"286E799B-0EBC-4854-9CC6-4E48A192AD52","5FF208C8-D87D-42C4-82E2-8855457D250C","68042A25-E938-49C0-81BA-FA3A7F92F54D"
"286E799B-0EBC-4854-9CC6-4E48A192AD52","5FF208C8-D87D-42C4-82E2-8855457D250C","6d0c4740-6b81-4ada-9ca2-52c957caab50"
"286E799B-0EBC-4854-9CC6-4E48A192AD52","5FF208C8-D87D-42C4-82E2-8855457D250C","78fe220d-0758-425b-922b-7f00e75d8429"
"286E799B-0EBC-4854-9CC6-4E48A192AD52","5FF208C8-D87D-42C4-82E2-8855457D250C","7FEB83BD-2C4D-4D57-B45B-CFBD37EF584A"
"286E799B-0EBC-4854-9CC6-4E48A192AD52","5FF208C8-D87D-42C4-82E2-8855457D250C","b875179e-e61b-4197-9412-b5efc62efc85"
"286E799B-0EBC-4854-9CC6-4E48A192AD52","5FF208C8-D87D-42C4-82E2-8855457D250C","bb9ce536-0d7d-4626-8b48-5d830740ecc8"
"286E799B-0EBC-4854-9CC6-4E48A192AD52","5FF208C8-D87D-42C4-82E2-8855457D250C","d8a3cf93-14e0-46b3-94d9-2968fecf4dda"
"286E799B-0EBC-4854-9CC6-4E48A192AD52","5FF208C8-D87D-42C4-82E2-8855457D250C","f01eda15-791d-4816-83b1-4c56f9152b07"
"F3B89B36-1158-4A58-85A3-DCE0CBF122A6","EA26C1F7-B145-41BE-8727-D0081F7BB3DB","F3A5455F-9665-41BB-A095-44F91233F141"
"3C387384-088E-401E-8626-8747EC894A40","EA3475D9-7B29-412A-9EA7-600A3ABE3746","A82AEE8D-E1B6-4A2E-866F-D8D8CC7A0FED"
"3C387384-088E-401E-8626-8747EC894A40","EA3475D9-7B29-412A-9EA7-600A3ABE3746","C86A4B8D-E35E-442A-A075-1F4AB0A5F44E"
"BBCHStadium","EAF45CA292842D45289BA40FAB5B107A838D","1753e132-8a70-4be2-ac6c-fcb9450ea25f"
"CDCA86AE-D4A8-4E98-AAE5-B963D2F37C7A","EB0A07F2-4476-4E06-B009-4BBC06B53F8F","C8CC181C-A797-4513-92E8-DBDA396242A1"
"643507B4-328D-4E38-B7E5-4F1786EBDF6F","EB296C0F-120B-4C15-B5F2-99B2F433FF3B","18524262-55EF-43EE-9A89-EDB79E16F792"
"643507B4-328D-4E38-B7E5-4F1786EBDF6F","EB296C0F-120B-4C15-B5F2-99B2F433FF3B","1F110E54-1EE6-46BD-8D0A-633B73D1AC24"
"643507B4-328D-4E38-B7E5-4F1786EBDF6F","EB296C0F-120B-4C15-B5F2-99B2F433FF3B","4D6362D7-AE64-4CDD-98B0-3999751F9508"
"643507B4-328D-4E38-B7E5-4F1786EBDF6F","EB296C0F-120B-4C15-B5F2-99B2F433FF3B","590D0430-76FA-4747-8CEA-72BEA214AEEF"
"643507B4-328D-4E38-B7E5-4F1786EBDF6F","EB296C0F-120B-4C15-B5F2-99B2F433FF3B","63706F91-1788-4A79-8090-965633678E5D"
"643507B4-328D-4E38-B7E5-4F1786EBDF6F","EB296C0F-120B-4C15-B5F2-99B2F433FF3B","6811E7C7-051A-4296-A43A-465B4EA62FE1"
"643507B4-328D-4E38-B7E5-4F1786EBDF6F","EB296C0F-120B-4C15-B5F2-99B2F433FF3B","6891AAF4-366E-4651-8EF3-B429971B4710"
"643507B4-328D-4E38-B7E5-4F1786EBDF6F","EB296C0F-120B-4C15-B5F2-99B2F433FF3B","6D527397-4738-4E3B-84DF-1C1416D26C12"
"643507B4-328D-4E38-B7E5-4F1786EBDF6F","EB296C0F-120B-4C15-B5F2-99B2F433FF3B","91317C72-8FBF-40AA-8A96-1D33E644EB81"
"643507B4-328D-4E38-B7E5-4F1786EBDF6F","EB296C0F-120B-4C15-B5F2-99B2F433FF3B","98D6A6DC-FA8E-4927-861C-DDD260A5A203"
"643507B4-328D-4E38-B7E5-4F1786EBDF6F","EB296C0F-120B-4C15-B5F2-99B2F433FF3B","9B34FD86-FABF-4F10-8CCD-928DB7EA2F42"
"643507B4-328D-4E38-B7E5-4F1786EBDF6F","EB296C0F-120B-4C15-B5F2-99B2F433FF3B","A744E22E-E188-4C7E-B3EB-7A029C5822C2"
"643507B4-328D-4E38-B7E5-4F1786EBDF6F","EB296C0F-120B-4C15-B5F2-99B2F433FF3B","A93C8402-980D-443B-8424-B56D132465CF"
"643507B4-328D-4E38-B7E5-4F1786EBDF6F","EB296C0F-120B-4C15-B5F2-99B2F433FF3B","AEF7701C-AF3B-4A63-BC7C-38F364EC1DA4"
"643507B4-328D-4E38-B7E5-4F1786EBDF6F","EB296C0F-120B-4C15-B5F2-99B2F433FF3B","D036A3CD-E9E2-48AD-BF77-25CE18D26CE7"
"643507B4-328D-4E38-B7E5-4F1786EBDF6F","EB296C0F-120B-4C15-B5F2-99B2F433FF3B","D57E80AE-0FF4-4FEC-9B29-FC6C8E626065"
"643507B4-328D-4E38-B7E5-4F1786EBDF6F","EB296C0F-120B-4C15-B5F2-99B2F433FF3B","DD21CB96-BA4C-4E8D-8B44-88351C7D190C"
"643507B4-328D-4E38-B7E5-4F1786EBDF6F","EB296C0F-120B-4C15-B5F2-99B2F433FF3B","EC0CD4E7-5BCD-48F1-9074-E47612B480FF"
"643507B4-328D-4E38-B7E5-4F1786EBDF6F","EB296C0F-120B-4C15-B5F2-99B2F433FF3B","F0BE9BD3-3BB1-45FD-A842-FC9D8A15301E"
"643507B4-328D-4E38-B7E5-4F1786EBDF6F","EB296C0F-120B-4C15-B5F2-99B2F433FF3B","F871E48E-DD8E-43EE-BD81-07B559B4645E"
"1F01BB32-D60D-4DE7-BC75-CE63B63B1EC1","EB4EC2EC-5E2F-49B5-BDD1-F73B3561F0A6","5216C34B-5395-4E3A-9319-71F93B68807D"
"A50F6161-45FB-473F-9209-7746C4B973A9","EC0327B9-132F-4557-B607-EDEB3A6ACED7","7435B42D-43CE-4B94-B9B9-0B76D4286757"
"A50F6161-45FB-473F-9209-7746C4B973A9","EC0327B9-132F-4557-B607-EDEB3A6ACED7","813B5049-14AA-43CC-AB10-4C824B8AFB9E"
"A50F6161-45FB-473F-9209-7746C4B973A9","EC0327B9-132F-4557-B607-EDEB3A6ACED7","8A96FD69-86FE-4EF3-A2D3-6279CD37E0D7"
"A50F6161-45FB-473F-9209-7746C4B973A9","EC0327B9-132F-4557-B607-EDEB3A6ACED7","9A0B44EF-9A9A-4467-BB11-35E108F02E8C"
"A50F6161-45FB-473F-9209-7746C4B973A9","EC0327B9-132F-4557-B607-EDEB3A6ACED7","C873F2F1-120A-4EDA-BA02-6A49FD535794"
"A50F6161-45FB-473F-9209-7746C4B973A9","EC0327B9-132F-4557-B607-EDEB3A6ACED7","CABF48E1-87F9-4C25-A577-55EFCE645B85"
"A50F6161-45FB-473F-9209-7746C4B973A9","EC0327B9-132F-4557-B607-EDEB3A6ACED7","CB84AB91-5BC2-4812-9EEA-01C45EA5F27E"
"A50F6161-45FB-473F-9209-7746C4B973A9","EC0327B9-132F-4557-B607-EDEB3A6ACED7","DB7C133B-8D43-4DAE-BCAA-650811A18DEB"
"A50F6161-45FB-473F-9209-7746C4B973A9","EC0327B9-132F-4557-B607-EDEB3A6ACED7","F3D5CE48-15A9-4EB7-A13B-6EDFA45381F1"
"A50F6161-45FB-473F-9209-7746C4B973A9","EC0327B9-132F-4557-B607-EDEB3A6ACED7","FE07F313-16E8-4289-8165-4577D897CF64"
"F418D04F-4CB3-44DF-B57C-679D2CEF0C00","ECF94C65-8BB0-4B30-88B4-8B49519F80FE","02D37ACD-A03B-4BC4-A6B6-AA1752962CA5"
"0B4FB262-E103-4A0B-ACA8-BE27D5B13C46","ED4F8CF0-CA21-44F3-B8F4-E46DB80AD016","6D899417-92D4-4B5F-BB32-C9A6668FAB13"
"C6DD3A79-2E15-4F7D-BCAF-EA299F1F8B4B","ED697028-54BA-4E01-9248-6F5B9687CD54","20082FDE-630E-48F7-80CA-8874F0F23B77"
"C6DD3A79-2E15-4F7D-BCAF-EA299F1F8B4B","ED697028-54BA-4E01-9248-6F5B9687CD54","498D3E18-71F1-4003-957D-DDC979B04210"
"C6DD3A79-2E15-4F7D-BCAF-EA299F1F8B4B","ED697028-54BA-4E01-9248-6F5B9687CD54","738A63DB-7EE7-4035-9E53-5616E0830149"
"C6DD3A79-2E15-4F7D-BCAF-EA299F1F8B4B","ED697028-54BA-4E01-9248-6F5B9687CD54","8D2ECD3C-8AD3-4526-8979-02E281B1730B"
"C6DD3A79-2E15-4F7D-BCAF-EA299F1F8B4B","ED697028-54BA-4E01-9248-6F5B9687CD54","94FB3B08-56E1-4040-BA71-CC42BD2EF671"
"C6DD3A79-2E15-4F7D-BCAF-EA299F1F8B4B","ED697028-54BA-4E01-9248-6F5B9687CD54","FD409FF9-40D4-46EA-9F09-8B7F97F933A6"
"D2D9FB4C-582B-4980-ABDF-B5F4FE79666D","EDB30090-EE2D-4BE9-BB73-4EA2B1CA5A85","4B4B19E9-551D-4E33-ABBC-7F349774453E"
"D2D9FB4C-582B-4980-ABDF-B5F4FE79666D","EDB30090-EE2D-4BE9-BB73-4EA2B1CA5A85","50AC8B73-7C4D-4C19-A09A-765AB2DD0320"
"D2D9FB4C-582B-4980-ABDF-B5F4FE79666D","EDB30090-EE2D-4BE9-BB73-4EA2B1CA5A85","60CFF5DB-D123-48EB-B876-73A52236E48A"
"D2D9FB4C-582B-4980-ABDF-B5F4FE79666D","EDB30090-EE2D-4BE9-BB73-4EA2B1CA5A85","A945D3EB-0178-4BEC-BB7B-B708D02A6722"
"29501EF5-A5F7-4455-83AB-6A59B16E4C01","EDD4C76F-4471-4DFE-AD39-430C6D355B50","939b9a40-f1ab-430e-8481-cb65186b61ed"
"29501EF5-A5F7-4455-83AB-6A59B16E4C01","EDD4C76F-4471-4DFE-AD39-430C6D355B50","BC9984E4-497A-43AD-8E14-C50A10B52C13"
"CC200629-04EC-47A1-8896-D25E0031B1D2","EDF9A2D6-CD5A-4238-8E7A-98F6667C23F3","094DF840-26F7-4F77-95F2-EC72B4C6FAE1"
"BBCHStadium","EE0B6F485659BA628B254190B8630C44F279","1ea85627-fb5e-4433-a1e0-ecfa73bd2d28"
"CE4A662A-DA20-4FAC-BA39-A18FF6C4B003","EE5D2AA5-E6ED-4435-9B3A-6FC1DD1D901A","52D42609-9586-45D3-9E17-69D663B2169D"
"CE4A662A-DA20-4FAC-BA39-A18FF6C4B003","EE5D2AA5-E6ED-4435-9B3A-6FC1DD1D901A","E01BFF49-B1D7-4341-9209-975A66105F70"
"INTERVALL","EE6C21A9648BE374E981B12AF223E6810A33","f1b3a352-038e-4dd1-b3e0-e272bb45eaf4"
"4CFC5469-CFBB-49C3-8AEB-C2271EE1D17A","EE968CB0-6F30-48A7-A659-B3B1746B7E97","70D89792-EDA5-4299-BD39-038CB30E46D6"
"BBCHStadium","EEE500ABD38D53FE15C8D91C37058B47CEBC","f382cb52-563d-4d2f-8d5a-8127de1e0d7a"
"D8C7C919-763C-46C0-A3E9-C4DE458D8F87","EF4B41C1-9BD2-444F-B420-E9CE9FF56444","26A290E1-6BB7-4D5C-A74A-D44BAF8443F3"
"D8C7C919-763C-46C0-A3E9-C4DE458D8F87","EF4B41C1-9BD2-444F-B420-E9CE9FF56444","2702099D-60E4-4698-A8F5-29BFE0941831"
"D8C7C919-763C-46C0-A3E9-C4DE458D8F87","EF4B41C1-9BD2-444F-B420-E9CE9FF56444","36BEE14C-555D-494A-AC26-5CD360124F2E"
"D8C7C919-763C-46C0-A3E9-C4DE458D8F87","EF4B41C1-9BD2-444F-B420-E9CE9FF56444","9F42DBA9-675D-4350-A33E-BAF463BB966F"
"D8C7C919-763C-46C0-A3E9-C4DE458D8F87","EF4B41C1-9BD2-444F-B420-E9CE9FF56444","B066B91B-F865-4A7C-801E-F09742823C5E"
"D8C7C919-763C-46C0-A3E9-C4DE458D8F87","EF4B41C1-9BD2-444F-B420-E9CE9FF56444","B91A025E-D4BF-42D2-8BE7-FB4013EC2C1C"
"D8C7C919-763C-46C0-A3E9-C4DE458D8F87","EF4B41C1-9BD2-444F-B420-E9CE9FF56444","C581EFD2-254A-47C7-BA87-C7FB9A955E56"
"D8C7C919-763C-46C0-A3E9-C4DE458D8F87","EF4B41C1-9BD2-444F-B420-E9CE9FF56444","E588FF0C-1C92-4274-9A80-9658387767E8"
"INTERVALL","EFCC143F8522AB67BEAC365737C704DF9F99","f067f8b7-2548-4777-a048-33c3b95521bc"
"194CA94B-FB24-437B-A075-4654F744B2B2","EFDE8CB8-BC8F-4EF5-8D42-8DF54C6B717C","2A8AF7B4-BBC6-4D6A-ABB2-DD4ADB8A45AC"
"194CA94B-FB24-437B-A075-4654F744B2B2","EFDE8CB8-BC8F-4EF5-8D42-8DF54C6B717C","50FFB1FD-2216-435D-BFFF-B4603F11EA7F"
"194CA94B-FB24-437B-A075-4654F744B2B2","EFDE8CB8-BC8F-4EF5-8D42-8DF54C6B717C","5320B261-738E-4E98-B158-A105B0C2C63C"
"194CA94B-FB24-437B-A075-4654F744B2B2","EFDE8CB8-BC8F-4EF5-8D42-8DF54C6B717C","630BC058-D9DE-4DE7-8C49-A080A7E4F566"
"194CA94B-FB24-437B-A075-4654F744B2B2","EFDE8CB8-BC8F-4EF5-8D42-8DF54C6B717C","64401484-21B8-48A6-83E7-45140C0A4C9C"
"194CA94B-FB24-437B-A075-4654F744B2B2","EFDE8CB8-BC8F-4EF5-8D42-8DF54C6B717C","7DA4D2D2-54A6-407F-8A8B-DC8179C0BBB4"
"194CA94B-FB24-437B-A075-4654F744B2B2","EFDE8CB8-BC8F-4EF5-8D42-8DF54C6B717C","93965B31-3AD2-4DE0-AF55-AACEE917A18A"
"194CA94B-FB24-437B-A075-4654F744B2B2","EFDE8CB8-BC8F-4EF5-8D42-8DF54C6B717C","95052881-707E-431E-AF52-76FCE3DAEB74"
"194CA94B-FB24-437B-A075-4654F744B2B2","EFDE8CB8-BC8F-4EF5-8D42-8DF54C6B717C","95A4B605-502B-482E-AFEB-B19E88E74B2C"
"194CA94B-FB24-437B-A075-4654F744B2B2","EFDE8CB8-BC8F-4EF5-8D42-8DF54C6B717C","D9AE38C6-2CC3-41DC-AE39-9DF185257BCA"
"194CA94B-FB24-437B-A075-4654F744B2B2","EFDE8CB8-BC8F-4EF5-8D42-8DF54C6B717C","EEA69A00-3E42-4B7A-9DD7-731CA3D7A315"
"B4CE895B-528B-48B7-916B-EC120996CC30","F087AC10-D8DB-4918-A9D4-D08C46002FEB","2CCA21BE-3EC6-45AD-926C-E40B59B1AF8D"
"51FCF117-ED40-40F3-B1A9-273F20B1D94F","F1100C61-3FF8-470A-B4B7-47FD5F278EE9","1E90418A-28B7-479F-9C4A-8CE1D4D28D61"
"AABEC701-3834-4E8D-B688-BDC91F6753FE","F14922B1-FCE6-4798-8FE7-A9DAFE68143F","9B0C15B2-27AF-4BA4-ACF6-7AAAEE0C2A89"
"6407C56B-5AE7-4960-B106-8F24CD1D6ACB","F1A5B531-B7A3-4D39-975D-AA80EE247FE0","05C8883D-6D26-41FA-94B7-68E8604C0738"
"6407C56B-5AE7-4960-B106-8F24CD1D6ACB","F1A5B531-B7A3-4D39-975D-AA80EE247FE0","1C69C75C-787A-4B88-96EE-F0E61FB7031F"
"6407C56B-5AE7-4960-B106-8F24CD1D6ACB","F1A5B531-B7A3-4D39-975D-AA80EE247FE0","415AEF70-17F2-4B2B-9394-661C13C2D356"
"6407C56B-5AE7-4960-B106-8F24CD1D6ACB","F1A5B531-B7A3-4D39-975D-AA80EE247FE0","48A40199-D322-4749-BDB8-FF5BED1A9D0D"
"6407C56B-5AE7-4960-B106-8F24CD1D6ACB","F1A5B531-B7A3-4D39-975D-AA80EE247FE0","8860CDC6-6A9A-47F2-AF18-94BCEA5748F6"
"6407C56B-5AE7-4960-B106-8F24CD1D6ACB","F1A5B531-B7A3-4D39-975D-AA80EE247FE0","B0CA9CED-DCBD-4349-84B3-D29974029529"
"6407C56B-5AE7-4960-B106-8F24CD1D6ACB","F1A5B531-B7A3-4D39-975D-AA80EE247FE0","E321B447-7518-410D-AF21-53A854927E61"
"6407C56B-5AE7-4960-B106-8F24CD1D6ACB","F1A5B531-B7A3-4D39-975D-AA80EE247FE0","E5246D47-9253-49E8-AAD9-A7ECC75833B5"
"6407C56B-5AE7-4960-B106-8F24CD1D6ACB","F1A5B531-B7A3-4D39-975D-AA80EE247FE0","F2C5AA09-D003-44E6-B152-80FD42E2E519"
"6407C56B-5AE7-4960-B106-8F24CD1D6ACB","F1A5B531-B7A3-4D39-975D-AA80EE247FE0","FEBC2178-9CCA-4C4F-BEFA-EF90225A38F4"
"D3FFB8B2-90F0-4502-8AAB-6018FCB67119","F2623D88-3C72-450A-AB76-4BE57F1C37E2","04ABAB3A-15A3-4392-8CC6-047D81BE7362"
"D3FFB8B2-90F0-4502-8AAB-6018FCB67119","F2623D88-3C72-450A-AB76-4BE57F1C37E2","51598fbc-f38e-47de-951a-5de7c0687a5c"
"D3FFB8B2-90F0-4502-8AAB-6018FCB67119","F2623D88-3C72-450A-AB76-4BE57F1C37E2","5a31ad21-4698-4ed4-9b94-b7ee04c921f2"
"D3FFB8B2-90F0-4502-8AAB-6018FCB67119","F2623D88-3C72-450A-AB76-4BE57F1C37E2","97A56E8A-DB8C-4026-BF3A-DC22EE6BCBE0"
"7763F44E-DAFE-4A5A-85C5-5981451B0F3B","F349782C-01C5-4F44-B3A6-7411D3F53831","604DE391-23D5-40D8-96EE-2B6FEB1CCA62"
"7763F44E-DAFE-4A5A-85C5-5981451B0F3B","F349782C-01C5-4F44-B3A6-7411D3F53831","64E1B5AF-204C-4080-B274-034F92FF079E"
"7763F44E-DAFE-4A5A-85C5-5981451B0F3B","F349782C-01C5-4F44-B3A6-7411D3F53831","8FFC5C93-43FF-4474-8209-2D6EAE5320EB"
"7763F44E-DAFE-4A5A-85C5-5981451B0F3B","F349782C-01C5-4F44-B3A6-7411D3F53831","CA19F17B-0C84-44F2-85E2-CE2F2D2E3DE5"
"ABFEE4B4-294F-401B-9F71-465A934D3715","F35C4F70-053B-4296-9D10-A8D7DD4C85AC","A4AF1969-FA0D-4816-820F-0E49AB4A1FFF"
"ABFEE4B4-294F-401B-9F71-465A934D3715","F35C4F70-053B-4296-9D10-A8D7DD4C85AC","D7FD5A2E-D16C-486D-89FA-C0E75399948D"
"92283592-8228-4F38-98B2-5748B4035B06","F381C393-02C3-4EFA-96F6-0F7D7D5AA408","121673A8-A81E-4676-8A77-5F3A0951B0B0"
"92283592-8228-4F38-98B2-5748B4035B06","F381C393-02C3-4EFA-96F6-0F7D7D5AA408","6F6BD091-1F86-44B9-A66A-5509F40E01BD"
"92283592-8228-4F38-98B2-5748B4035B06","F381C393-02C3-4EFA-96F6-0F7D7D5AA408","90A42FD5-5D35-44EC-AC54-9DA82707415C"
"92283592-8228-4F38-98B2-5748B4035B06","F381C393-02C3-4EFA-96F6-0F7D7D5AA408","9A29EEB6-4D0A-46B2-90F8-702F85A229CF"
"92283592-8228-4F38-98B2-5748B4035B06","F381C393-02C3-4EFA-96F6-0F7D7D5AA408","A2653C4D-C284-4EBB-BC50-BA04B48CFDEF"
"7CE37211-F218-46EE-9B21-7A89AF3DCC47","F3E01FAF-71CD-44B9-947B-DD9B5EE39E8C","25736A8D-EB34-4912-9201-2EE125F9CD71"
"7CE37211-F218-46EE-9B21-7A89AF3DCC47","F3E01FAF-71CD-44B9-947B-DD9B5EE39E8C","52A05D96-7786-49A2-BB2B-19791E4FA65B"
"7CE37211-F218-46EE-9B21-7A89AF3DCC47","F3E01FAF-71CD-44B9-947B-DD9B5EE39E8C","560A4846-F167-4A74-91C2-4CB2AC563558"
"7CE37211-F218-46EE-9B21-7A89AF3DCC47","F3E01FAF-71CD-44B9-947B-DD9B5EE39E8C","70083C69-AED3-4635-BBB7-1DF3ADAD4C47"
"7CE37211-F218-46EE-9B21-7A89AF3DCC47","F3E01FAF-71CD-44B9-947B-DD9B5EE39E8C","82779075-D5EC-49FD-9CDA-8BC5E0C02E7F"
"7CE37211-F218-46EE-9B21-7A89AF3DCC47","F3E01FAF-71CD-44B9-947B-DD9B5EE39E8C","90E75710-9C8E-4316-BDC7-E27888372E45"
"7CE37211-F218-46EE-9B21-7A89AF3DCC47","F3E01FAF-71CD-44B9-947B-DD9B5EE39E8C","B103107B-5361-422C-8653-6C863EE15EFD"
"7CE37211-F218-46EE-9B21-7A89AF3DCC47","F3E01FAF-71CD-44B9-947B-DD9B5EE39E8C","C11BA47F-6A17-430A-BA24-0CE137EA7264"
"7CE37211-F218-46EE-9B21-7A89AF3DCC47","F3E01FAF-71CD-44B9-947B-DD9B5EE39E8C","EBE1FA6E-3BAF-43D2-BD33-2438BE7F43BC"
"7CE37211-F218-46EE-9B21-7A89AF3DCC47","F3E01FAF-71CD-44B9-947B-DD9B5EE39E8C","FD8C8481-CD25-4BA9-9EA1-0D1C07F139DA"
"8DE1B39E-B514-455B-A417-2F5BEAB6044D","F3F95925-ADB7-4F3E-AEC1-65E3CBCC583F","4907A407-2A1E-444F-B203-33954D2D5166"
"8DE1B39E-B514-455B-A417-2F5BEAB6044D","F3F95925-ADB7-4F3E-AEC1-65E3CBCC583F","e845493f-d576-4d7c-8adb-7bd7806f8f0d"
"PER","F45176CB4A9602B0DC78076F4F3ED20D03BB","79ec4f92-920c-4848-bdab-03027b0b9778"
"EA5ED5DA-EE23-41A3-9CCE-9A07EB2E603B","F46B181F-9A12-4AAA-AD4E-CE8C1DF440CC","F2C5AA09-D003-44E6-B152-80FD42E2E519"
"2C9AAFB4-1DE0-4265-911F-49BBF2CEE555","F4764448-CF73-4A23-AE4A-AC8E9502D29B","BD1FEE1A-FE23-4973-891C-0DA57D754D5D"
"26145BB8-0127-4B2A-8B2F-16628BC7B4A9","F4E1976C-7224-4D6C-840D-907EFF4D3178","4B870854-846E-472F-9985-FD06F8EB0B4C"
"3D16A550-663A-434D-B9A4-64D60BC2FCA1","F50AA690-2313-41FA-933B-805D736CE2D7","58E23DEC-8E7D-4496-B677-96B234DF2C95"
"PER","F52FA3EB088F8159F629A028F521D797BD5D","f57092d1-a496-44b0-812e-8778fb9c957a"
"0A466015-6211-4734-B491-C19A69359E6B","F552DEE2-FA6F-411D-893F-31D0369BC60E","631D33B1-0A2C-4EDB-A9C5-A091A9C2216C"
"0A466015-6211-4734-B491-C19A69359E6B","F552DEE2-FA6F-411D-893F-31D0369BC60E","8429c1b5-a0cb-4922-b04b-8880113a6aa3"
"0A466015-6211-4734-B491-C19A69359E6B","F552DEE2-FA6F-411D-893F-31D0369BC60E","B1722BF9-A981-45F3-B79D-2D714EE8A1F1"
"0A466015-6211-4734-B491-C19A69359E6B","F552DEE2-FA6F-411D-893F-31D0369BC60E","c6f9e4b2-ab64-4f27-97f5-97e56d42fa3e"
"FEBA5220-20AC-493B-803B-AC442A1684F7","F5C806D8-9029-46C8-9BDF-F12B0734ACEA","41572CDC-2C59-42FB-9A0C-F276A92E73FB"
"FEBA5220-20AC-493B-803B-AC442A1684F7","F5C806D8-9029-46C8-9BDF-F12B0734ACEA","59A80CF2-1218-49BC-B937-867076955CE4"
"FEBA5220-20AC-493B-803B-AC442A1684F7","F5C806D8-9029-46C8-9BDF-F12B0734ACEA","82214971-d305-4e2e-a3ae-e73af12f61ac"
"INTERVALL","F616C801E48521F62CB64C517A91187147FC","66c5c660-11f5-4744-9316-4ef3d6f939eb"
"6C9E4D4C-1D33-4682-9B86-77803201543B","F66517AF-516D-497D-B9D4-8FD9E304B137","2C59092D-B25F-4FBA-A062-31C2E4D245B3"
"6C9E4D4C-1D33-4682-9B86-77803201543B","F66517AF-516D-497D-B9D4-8FD9E304B137","4E676E79-EE6D-4A7A-9B97-A6331487278A"
"6C9E4D4C-1D33-4682-9B86-77803201543B","F66517AF-516D-497D-B9D4-8FD9E304B137","901BC681-7FD6-433C-8145-A0C81AFA2AE8"
"987E970C-FA90-4008-AB6A-D37A41D7D1B5","F6D7AEB3-4FCB-43AB-B0E7-5251C1F55426","CC3A35E8-9FC1-4214-87D0-AD407F4C85ED"
"987E970C-FA90-4008-AB6A-D37A41D7D1B5","F6D7AEB3-4FCB-43AB-B0E7-5251C1F55426","D197AAB6-F10D-4209-90CF-F2B2E460B214"
"F1445E27-F1D1-4C72-84E4-948BC4E5C39D","F78E0BBB-5B04-4EC0-9C8D-7599F5443348","10A874EB-149D-4040-AD28-40D5BB4BBF6C"
"F1445E27-F1D1-4C72-84E4-948BC4E5C39D","F78E0BBB-5B04-4EC0-9C8D-7599F5443348","48697DFF-D3FC-406D-9BD1-E0B03DE36ABC"
"F0450BF5-9986-4F29-BFC5-B0CC4BD53977","F793D1A2-1F68-4034-8CA3-A97EA49A4BF2","0F3F4C17-A702-484F-A6F7-1A64C6D67A6A"
"FAE3E8E3-D103-480D-9B75-1375DC82A88E","F79CBA52-60D5-4CD3-B012-3B80A5E74E59","C867D8DC-0A1C-496A-A74B-5D2E64AF0D01"
"429B1F3D-4860-4CCA-A578-D25996B249C4","F8BEFDF2-AECA-410A-B50A-DB96C09EADED","37755E10-3F7E-4499-B11C-5187E4687DCC"
"429B1F3D-4860-4CCA-A578-D25996B249C4","F8BEFDF2-AECA-410A-B50A-DB96C09EADED","68D8D67E-5C73-4659-ADE2-4376B147BFFA"
"2A3C66B1-F7AE-443A-9E2A-BDECC1324065","F90DE85C-F3E6-4BE5-B306-F90C90ED5EE8","0B02EB04-284C-474E-97C4-7D0B69CE2C89"
"2A3C66B1-F7AE-443A-9E2A-BDECC1324065","F90DE85C-F3E6-4BE5-B306-F90C90ED5EE8","135509C1-40CA-41CC-8D8D-43408832BDA6"
"2A3C66B1-F7AE-443A-9E2A-BDECC1324065","F90DE85C-F3E6-4BE5-B306-F90C90ED5EE8","1937B1E6-DA44-4F48-BBD0-B9B0D92842A1"
"2A3C66B1-F7AE-443A-9E2A-BDECC1324065","F90DE85C-F3E6-4BE5-B306-F90C90ED5EE8","29E509C6-61EA-47C1-80A1-8FEFFEDF06E5"
"2A3C66B1-F7AE-443A-9E2A-BDECC1324065","F90DE85C-F3E6-4BE5-B306-F90C90ED5EE8","335DC2F1-8128-4858-92DC-1142BE8EE326"
"2A3C66B1-F7AE-443A-9E2A-BDECC1324065","F90DE85C-F3E6-4BE5-B306-F90C90ED5EE8","34E58DAC-8132-41D0-8E43-430C8AA22530"
"2A3C66B1-F7AE-443A-9E2A-BDECC1324065","F90DE85C-F3E6-4BE5-B306-F90C90ED5EE8","3771DA13-1D79-4C36-B9E0-89FFC5B46DE5"
"2A3C66B1-F7AE-443A-9E2A-BDECC1324065","F90DE85C-F3E6-4BE5-B306-F90C90ED5EE8","4A94445C-4EBA-46F3-AAD9-EF28AADE7C3E"
"2A3C66B1-F7AE-443A-9E2A-BDECC1324065","F90DE85C-F3E6-4BE5-B306-F90C90ED5EE8","5295778D-1CF3-4B92-A7A9-EF76086FE4B8"
"2A3C66B1-F7AE-443A-9E2A-BDECC1324065","F90DE85C-F3E6-4BE5-B306-F90C90ED5EE8","9EA89137-D34A-49C8-A349-67936C2708BF"
"2A3C66B1-F7AE-443A-9E2A-BDECC1324065","F90DE85C-F3E6-4BE5-B306-F90C90ED5EE8","A8901B1B-D290-4BA1-94E0-F32D7BC126B8"
"2A3C66B1-F7AE-443A-9E2A-BDECC1324065","F90DE85C-F3E6-4BE5-B306-F90C90ED5EE8","B1945D3B-01C1-4B7B-94D7-FD8DEA96F377"
"2A3C66B1-F7AE-443A-9E2A-BDECC1324065","F90DE85C-F3E6-4BE5-B306-F90C90ED5EE8","DB15A46E-8913-469B-A478-96697871567A"
"2A3C66B1-F7AE-443A-9E2A-BDECC1324065","F90DE85C-F3E6-4BE5-B306-F90C90ED5EE8","E21B7BF5-B2A6-4B69-B193-B756B9542FB6"
"2A3C66B1-F7AE-443A-9E2A-BDECC1324065","F90DE85C-F3E6-4BE5-B306-F90C90ED5EE8","E2D11E5B-A916-425F-AD5D-385307627F8E"
"2A3C66B1-F7AE-443A-9E2A-BDECC1324065","F90DE85C-F3E6-4BE5-B306-F90C90ED5EE8","ED47C765-64DF-4E08-B2DF-F332A396E044"
"2A3C66B1-F7AE-443A-9E2A-BDECC1324065","F90DE85C-F3E6-4BE5-B306-F90C90ED5EE8","F1E5579C-CBE7-4325-AE59-6A270EEEE243"
"2A3C66B1-F7AE-443A-9E2A-BDECC1324065","F90DE85C-F3E6-4BE5-B306-F90C90ED5EE8","FBD89A04-4ABD-47D8-B86D-CCD91D436B8E"
"8CCED62A-A39F-4A75-9EB9-99772D996FF1","F94AD1B6-D81B-475F-9C0B-074EC209FD34","0D0F0E42-6BC4-43C4-BBB0-2A4085FA7B37"
"8CCED62A-A39F-4A75-9EB9-99772D996FF1","F94AD1B6-D81B-475F-9C0B-074EC209FD34","C353106A-D172-4759-BF41-68BD02CC94C1"
"A9CA00D0-C296-4E67-AA85-ACF678CC979F","F97B4D73-3CDA-4421-8AB1-63E0F719B01A","20762400-B75B-44E1-B05C-F0AFBDBEF3AB"
"A9CA00D0-C296-4E67-AA85-ACF678CC979F","F97B4D73-3CDA-4421-8AB1-63E0F719B01A","68B6AD18-66D1-4B83-A0B4-195F265F8FF3"
"A9CA00D0-C296-4E67-AA85-ACF678CC979F","F97B4D73-3CDA-4421-8AB1-63E0F719B01A","6AFE050B-35A5-4CF8-B7AA-B05F8D7CA596"
"A9CA00D0-C296-4E67-AA85-ACF678CC979F","F97B4D73-3CDA-4421-8AB1-63E0F719B01A","6E707B6E-4D7D-4980-B459-3FB265F00A1E"
"A9CA00D0-C296-4E67-AA85-ACF678CC979F","F97B4D73-3CDA-4421-8AB1-63E0F719B01A","7510CB5A-8C4F-4593-BBFD-081282D75042"
"A9CA00D0-C296-4E67-AA85-ACF678CC979F","F97B4D73-3CDA-4421-8AB1-63E0F719B01A","85771B28-B314-482F-B7EA-F3B36653ED46"
"A9CA00D0-C296-4E67-AA85-ACF678CC979F","F97B4D73-3CDA-4421-8AB1-63E0F719B01A","916AFE86-6E79-4CED-8787-D44C537ECC2E"
"A9CA00D0-C296-4E67-AA85-ACF678CC979F","F97B4D73-3CDA-4421-8AB1-63E0F719B01A","96CA2B17-5501-4977-B47D-EB96F30F3AE0"
"A9CA00D0-C296-4E67-AA85-ACF678CC979F","F97B4D73-3CDA-4421-8AB1-63E0F719B01A","985C1DC0-A6FA-4D25-A78D-FE4F73585C54"
"A9CA00D0-C296-4E67-AA85-ACF678CC979F","F97B4D73-3CDA-4421-8AB1-63E0F719B01A","9A5ABC40-57DA-4892-BA68-9DB3D6EE91E6"
"A9CA00D0-C296-4E67-AA85-ACF678CC979F","F97B4D73-3CDA-4421-8AB1-63E0F719B01A","AC1202C4-0A3A-40A9-B261-7930EE362B6F"
"A9CA00D0-C296-4E67-AA85-ACF678CC979F","F97B4D73-3CDA-4421-8AB1-63E0F719B01A","B331A57E-99EA-48CB-8B4F-79226E6F0E9D"
"A9CA00D0-C296-4E67-AA85-ACF678CC979F","F97B4D73-3CDA-4421-8AB1-63E0F719B01A","C1E89BFD-E384-4F84-8843-7B0786078D4F"
"A9CA00D0-C296-4E67-AA85-ACF678CC979F","F97B4D73-3CDA-4421-8AB1-63E0F719B01A","CB15A5AB-10B1-400A-86E4-3FA790B3F877"
"A9CA00D0-C296-4E67-AA85-ACF678CC979F","F97B4D73-3CDA-4421-8AB1-63E0F719B01A","FB96C3B3-E375-43EB-BD2A-84835CFE982D"
"33F4A3CF-C834-4341-8903-11C1DE56AF14","F9C84D69-48D6-4993-AF09-51D963146474","1A81DE89-F010-4A86-9769-421DA912E16E"
"33F4A3CF-C834-4341-8903-11C1DE56AF14","F9C84D69-48D6-4993-AF09-51D963146474","2DBEEF5D-3099-4841-9262-AE82F7FF1591"
"33F4A3CF-C834-4341-8903-11C1DE56AF14","F9C84D69-48D6-4993-AF09-51D963146474","5FAED3D0-52C3-4AEE-B7F6-7E5091A8D5E1"
"33F4A3CF-C834-4341-8903-11C1DE56AF14","F9C84D69-48D6-4993-AF09-51D963146474","90DCD230-36C7-4FD5-913B-346BA5661105"
"33F4A3CF-C834-4341-8903-11C1DE56AF14","F9C84D69-48D6-4993-AF09-51D963146474","AF74AC0C-8C4B-4C1E-99BF-7195E8440D01"
"DD51EC52-D653-46E7-A5B6-7E1AAA9B6E33","FA3FAB1C-52B7-46A6-9A16-FAA5B3B671D0","35B1B2A9-8800-45A8-AC15-997E1CAE1F2D"
"DD51EC52-D653-46E7-A5B6-7E1AAA9B6E33","FA3FAB1C-52B7-46A6-9A16-FAA5B3B671D0","46C078B8-79B5-4889-A068-E5279004A289"
"DD51EC52-D653-46E7-A5B6-7E1AAA9B6E33","FA3FAB1C-52B7-46A6-9A16-FAA5B3B671D0","94B9D608-57C3-40E2-92FF-A83A04795F32"
"DD51EC52-D653-46E7-A5B6-7E1AAA9B6E33","FA3FAB1C-52B7-46A6-9A16-FAA5B3B671D0","A55C5E94-93EF-45F5-8E32-E6D66054FAE1"
"DD51EC52-D653-46E7-A5B6-7E1AAA9B6E33","FA3FAB1C-52B7-46A6-9A16-FAA5B3B671D0","F23C2BB8-39CD-4E72-B2B4-5EDB5D66C567"
"E2300372-AB91-4C1F-BA93-C9DA8420E850","FA6487D9-67DF-42CE-839C-525A9CF26125","8F77496A-BEAB-4082-8B3E-1F8BC7045253"
"56F5B72A-83CF-4E0B-8E00-EE348C56A278","FA9A616B-531A-4A9F-B4C1-02FFECEC83D4","2178F2C8-9778-431B-AD01-D6852C0EB304"
"56F5B72A-83CF-4E0B-8E00-EE348C56A278","FA9A616B-531A-4A9F-B4C1-02FFECEC83D4","31BAE5BA-5C30-4135-A50B-CA166AB5429F"
"56F5B72A-83CF-4E0B-8E00-EE348C56A278","FA9A616B-531A-4A9F-B4C1-02FFECEC83D4","58548075-B181-4838-BF99-6ECC22CB5982"
"56F5B72A-83CF-4E0B-8E00-EE348C56A278","FA9A616B-531A-4A9F-B4C1-02FFECEC83D4","8F56CE70-3759-486A-871A-2B9A914DA472"
"56F5B72A-83CF-4E0B-8E00-EE348C56A278","FA9A616B-531A-4A9F-B4C1-02FFECEC83D4","9ED865C8-5EE1-4F52-AD6D-F0DB89BE1463"
"56F5B72A-83CF-4E0B-8E00-EE348C56A278","FA9A616B-531A-4A9F-B4C1-02FFECEC83D4","ABDD7D11-2502-4A8A-ABE3-3058E1694C44"
"56F5B72A-83CF-4E0B-8E00-EE348C56A278","FA9A616B-531A-4A9F-B4C1-02FFECEC83D4","B95D90A4-ADC6-497C-8EF7-90C06AA97C05"
"56F5B72A-83CF-4E0B-8E00-EE348C56A278","FA9A616B-531A-4A9F-B4C1-02FFECEC83D4","CFE55B91-E4BD-450B-9DAF-AA07DD76B3C1"
"022EB30E-A704-4313-85E6-DCE1E1752453","FA9EE664-FEA7-485B-B1D7-0A78DD834837","81221D49-792C-4370-9965-17E3EE1C68D4"
"022EB30E-A704-4313-85E6-DCE1E1752453","FA9EE664-FEA7-485B-B1D7-0A78DD834837","F5D2D952-9D12-43F1-BEA4-87235660AE1F"
"E78686DA-A0A6-45BA-9CDE-D78454ED8451","FAB76999-1369-4D34-9A58-93E6BC771779","933687FA-CD50-4FD5-B1F3-7C7652CCA433"
"34988959-1DA0-416F-8459-B4F36CA6B58B","FABE5094-8C71-4EA5-BDB3-CEBD8A853307","09EA4429-9681-4928-AFA1-F75061DC8F4D"
"34988959-1DA0-416F-8459-B4F36CA6B58B","FABE5094-8C71-4EA5-BDB3-CEBD8A853307","0C343A74-561A-4B26-843C-0E73C1C86046"
"34988959-1DA0-416F-8459-B4F36CA6B58B","FABE5094-8C71-4EA5-BDB3-CEBD8A853307","0E94D9C8-19C0-4B22-B90F-84D4977D38C8"
"34988959-1DA0-416F-8459-B4F36CA6B58B","FABE5094-8C71-4EA5-BDB3-CEBD8A853307","1446D0E0-47C2-4C00-ADDE-203CF0750E87"
"34988959-1DA0-416F-8459-B4F36CA6B58B","FABE5094-8C71-4EA5-BDB3-CEBD8A853307","1B3884BC-838A-4497-B5BA-C64D32D0D6DE"
"34988959-1DA0-416F-8459-B4F36CA6B58B","FABE5094-8C71-4EA5-BDB3-CEBD8A853307","20BA7B66-3388-4E19-8DD0-FE25D9AC16BE"
"34988959-1DA0-416F-8459-B4F36CA6B58B","FABE5094-8C71-4EA5-BDB3-CEBD8A853307","2C5B9D7C-4143-44F0-8FF7-40F84DCD0E63"
"34988959-1DA0-416F-8459-B4F36CA6B58B","FABE5094-8C71-4EA5-BDB3-CEBD8A853307","2FB39407-C9D0-46EF-A442-195599BAD727"
"34988959-1DA0-416F-8459-B4F36CA6B58B","FABE5094-8C71-4EA5-BDB3-CEBD8A853307","35398560-FE09-4C19-9437-DC519B12950A"
"34988959-1DA0-416F-8459-B4F36CA6B58B","FABE5094-8C71-4EA5-BDB3-CEBD8A853307","37F8D458-2400-4CE7-B57E-C8E7D4C331B8"
"34988959-1DA0-416F-8459-B4F36CA6B58B","FABE5094-8C71-4EA5-BDB3-CEBD8A853307","3DE9008B-B031-4E25-B424-3E83939F711F"
"34988959-1DA0-416F-8459-B4F36CA6B58B","FABE5094-8C71-4EA5-BDB3-CEBD8A853307","3F701CA6-A271-48FB-9058-F24A9BBBA384"
"34988959-1DA0-416F-8459-B4F36CA6B58B","FABE5094-8C71-4EA5-BDB3-CEBD8A853307","49553998-F66D-44D1-A03D-5DCD0724E908"
"34988959-1DA0-416F-8459-B4F36CA6B58B","FABE5094-8C71-4EA5-BDB3-CEBD8A853307","5542318D-8CAB-4A3C-8019-88A535D10A8B"
"34988959-1DA0-416F-8459-B4F36CA6B58B","FABE5094-8C71-4EA5-BDB3-CEBD8A853307","5A5C488C-20D4-45FF-BB72-F85041B5D227"
"34988959-1DA0-416F-8459-B4F36CA6B58B","FABE5094-8C71-4EA5-BDB3-CEBD8A853307","62CBAA6D-C090-40AA-A39F-2BAFD579FED1"
"34988959-1DA0-416F-8459-B4F36CA6B58B","FABE5094-8C71-4EA5-BDB3-CEBD8A853307","6978A09B-9572-4AD7-B6E4-68164F931C97"
"34988959-1DA0-416F-8459-B4F36CA6B58B","FABE5094-8C71-4EA5-BDB3-CEBD8A853307","7209126B-01F1-44EA-A7D0-73CD7A16708C"
"34988959-1DA0-416F-8459-B4F36CA6B58B","FABE5094-8C71-4EA5-BDB3-CEBD8A853307","72954D3D-424D-408D-AA84-0A55EA121734"
"34988959-1DA0-416F-8459-B4F36CA6B58B","FABE5094-8C71-4EA5-BDB3-CEBD8A853307","7CD8AD00-17F7-47E7-B1D6-9FFFF75160F8"
"34988959-1DA0-416F-8459-B4F36CA6B58B","FABE5094-8C71-4EA5-BDB3-CEBD8A853307","7DD82772-3996-4B7D-BE12-13D59A315ECC"
"34988959-1DA0-416F-8459-B4F36CA6B58B","FABE5094-8C71-4EA5-BDB3-CEBD8A853307","848ac789-bb5c-4fdf-8977-8ac865f02b7d"
"34988959-1DA0-416F-8459-B4F36CA6B58B","FABE5094-8C71-4EA5-BDB3-CEBD8A853307","86A50561-66C6-424C-9E60-2498AC3751CE"
"34988959-1DA0-416F-8459-B4F36CA6B58B","FABE5094-8C71-4EA5-BDB3-CEBD8A853307","8DCF45A0-54AE-4A76-B564-DBCB5878D83C"
"34988959-1DA0-416F-8459-B4F36CA6B58B","FABE5094-8C71-4EA5-BDB3-CEBD8A853307","90732B21-0F2C-4435-98F7-624387D1A2D5"
"34988959-1DA0-416F-8459-B4F36CA6B58B","FABE5094-8C71-4EA5-BDB3-CEBD8A853307","9086325E-A980-445D-A4E2-3EA5148138F3"
"34988959-1DA0-416F-8459-B4F36CA6B58B","FABE5094-8C71-4EA5-BDB3-CEBD8A853307","9635BF21-FD60-445B-9CC9-30966C5A3624"
"34988959-1DA0-416F-8459-B4F36CA6B58B","FABE5094-8C71-4EA5-BDB3-CEBD8A853307","97AC5AF9-6483-4842-88F9-FBD7D6A85BD2"
"34988959-1DA0-416F-8459-B4F36CA6B58B","FABE5094-8C71-4EA5-BDB3-CEBD8A853307","A0DC9A05-B380-470A-AFF3-786140E35C5C"
"34988959-1DA0-416F-8459-B4F36CA6B58B","FABE5094-8C71-4EA5-BDB3-CEBD8A853307","AF4FBD63-E9FB-4F06-9CA3-10681D524FE6"
"34988959-1DA0-416F-8459-B4F36CA6B58B","FABE5094-8C71-4EA5-BDB3-CEBD8A853307","B8BFFECA-FB87-46D2-99EA-06437051D9DB"
"34988959-1DA0-416F-8459-B4F36CA6B58B","FABE5094-8C71-4EA5-BDB3-CEBD8A853307","BB65A8FE-8C39-4AFE-9C53-FA24F468D4BA"
"34988959-1DA0-416F-8459-B4F36CA6B58B","FABE5094-8C71-4EA5-BDB3-CEBD8A853307","C49A5B39-3A6B-46CF-B047-F82E33495474"
"34988959-1DA0-416F-8459-B4F36CA6B58B","FABE5094-8C71-4EA5-BDB3-CEBD8A853307","C68220A0-71F7-44CC-A860-F660BC553A56"
"34988959-1DA0-416F-8459-B4F36CA6B58B","FABE5094-8C71-4EA5-BDB3-CEBD8A853307","D1E49F5D-A5AF-4D0B-8E57-36D2F8A8C310"
"34988959-1DA0-416F-8459-B4F36CA6B58B","FABE5094-8C71-4EA5-BDB3-CEBD8A853307","E3A5DB6E-4C75-4096-B1CE-54FB3185FC05"
"34988959-1DA0-416F-8459-B4F36CA6B58B","FABE5094-8C71-4EA5-BDB3-CEBD8A853307","E53F3933-9738-437A-AFF1-0F8F09CCBC03"
"34988959-1DA0-416F-8459-B4F36CA6B58B","FABE5094-8C71-4EA5-BDB3-CEBD8A853307","E86FCF67-2670-4F8B-9CE9-DE48A0FA2F8A"
"34988959-1DA0-416F-8459-B4F36CA6B58B","FABE5094-8C71-4EA5-BDB3-CEBD8A853307","F6271BF2-A26B-4CDA-95B8-573E62496023"
"34988959-1DA0-416F-8459-B4F36CA6B58B","FABE5094-8C71-4EA5-BDB3-CEBD8A853307","FA272452-F054-4229-80C1-3B902928DB48"
"34988959-1DA0-416F-8459-B4F36CA6B58B","FABE5094-8C71-4EA5-BDB3-CEBD8A853307","FAA7D316-83BD-4C52-B366-0A1FC193BA41"
"94110204-827E-4D23-9405-D260221722C3","FC3EFD2D-C218-4D00-ACDB-208E448470C6","062EA581-20CD-486B-B734-C4AB7C372472"
"94110204-827E-4D23-9405-D260221722C3","FC3EFD2D-C218-4D00-ACDB-208E448470C6","1398377E-1B0F-42BE-A5DB-38B287EF70A4"
"94110204-827E-4D23-9405-D260221722C3","FC3EFD2D-C218-4D00-ACDB-208E448470C6","1bcab205-f85d-4f0e-b7db-91dd589d4f6a"
"94110204-827E-4D23-9405-D260221722C3","FC3EFD2D-C218-4D00-ACDB-208E448470C6","2298822D-6E87-4F3E-911B-BB48E6F82ABF"
"94110204-827E-4D23-9405-D260221722C3","FC3EFD2D-C218-4D00-ACDB-208E448470C6","233E89D8-8AE2-490C-BCD8-89A8C9E4DE2C"
"94110204-827E-4D23-9405-D260221722C3","FC3EFD2D-C218-4D00-ACDB-208E448470C6","2DCF51C9-7ED8-4C68-ADF8-F34210E9D4E0"
"94110204-827E-4D23-9405-D260221722C3","FC3EFD2D-C218-4D00-ACDB-208E448470C6","318048E0-30A6-4C9D-B740-FD2D554325B5"
"94110204-827E-4D23-9405-D260221722C3","FC3EFD2D-C218-4D00-ACDB-208E448470C6","35EEF84D-ED00-4360-91FD-EBA82649DDA6"
"94110204-827E-4D23-9405-D260221722C3","FC3EFD2D-C218-4D00-ACDB-208E448470C6","3A2E3463-EDD6-41FB-83BA-04A01BAA84B4"
"94110204-827E-4D23-9405-D260221722C3","FC3EFD2D-C218-4D00-ACDB-208E448470C6","4F584CD6-2851-43FB-9D15-F2D19DDF1035"
"94110204-827E-4D23-9405-D260221722C3","FC3EFD2D-C218-4D00-ACDB-208E448470C6","5849202B-E0CD-44B8-9068-7AFFBFEA829B"
"94110204-827E-4D23-9405-D260221722C3","FC3EFD2D-C218-4D00-ACDB-208E448470C6","5A3CEA38-3E09-4129-B21E-2293D6BE1EF8"
"94110204-827E-4D23-9405-D260221722C3","FC3EFD2D-C218-4D00-ACDB-208E448470C6","6300A6BB-A13D-4480-8C67-E86CDA9023B5"
"94110204-827E-4D23-9405-D260221722C3","FC3EFD2D-C218-4D00-ACDB-208E448470C6","7616B425-3653-4CF2-A424-DCB9671083E1"
"94110204-827E-4D23-9405-D260221722C3","FC3EFD2D-C218-4D00-ACDB-208E448470C6","863B30CF-0856-4D63-AC76-FF3B5504F497"
"94110204-827E-4D23-9405-D260221722C3","FC3EFD2D-C218-4D00-ACDB-208E448470C6","8A6F9EFD-D458-4EEA-BEC9-7B607C93FB39"
"94110204-827E-4D23-9405-D260221722C3","FC3EFD2D-C218-4D00-ACDB-208E448470C6","8B10C225-519C-4155-8FB7-B4D6659396E1"
"94110204-827E-4D23-9405-D260221722C3","FC3EFD2D-C218-4D00-ACDB-208E448470C6","A0AFB10C-3F85-404F-8E40-08BB136FE160"
"94110204-827E-4D23-9405-D260221722C3","FC3EFD2D-C218-4D00-ACDB-208E448470C6","A8AAC065-8F55-4F57-99F6-573B5733AC02"
"94110204-827E-4D23-9405-D260221722C3","FC3EFD2D-C218-4D00-ACDB-208E448470C6","B46730E3-4FA0-4D06-9857-CF8090DD92AF"
"94110204-827E-4D23-9405-D260221722C3","FC3EFD2D-C218-4D00-ACDB-208E448470C6","B56A972F-B7BE-4901-8823-33B72ED2CD33"
"94110204-827E-4D23-9405-D260221722C3","FC3EFD2D-C218-4D00-ACDB-208E448470C6","B698320B-B935-4E38-A8E8-91251AAA2452"
"94110204-827E-4D23-9405-D260221722C3","FC3EFD2D-C218-4D00-ACDB-208E448470C6","B8DE53F9-3170-4219-908A-70F724E26EC0"
"94110204-827E-4D23-9405-D260221722C3","FC3EFD2D-C218-4D00-ACDB-208E448470C6","B90AD87B-E5F3-4C3C-8538-E10C6C260E55"
"94110204-827E-4D23-9405-D260221722C3","FC3EFD2D-C218-4D00-ACDB-208E448470C6","C5656557-78DE-453F-A7A9-4C34D7E797C6"
"94110204-827E-4D23-9405-D260221722C3","FC3EFD2D-C218-4D00-ACDB-208E448470C6","D5DE1F4D-F7FF-4D55-90C1-BC897F445F7F"
"94110204-827E-4D23-9405-D260221722C3","FC3EFD2D-C218-4D00-ACDB-208E448470C6","DB510AFF-F754-4787-A6B2-B534D529F130"
"94110204-827E-4D23-9405-D260221722C3","FC3EFD2D-C218-4D00-ACDB-208E448470C6","E550C681-446E-4EA5-953C-AE101B0D5B41"
"94110204-827E-4D23-9405-D260221722C3","FC3EFD2D-C218-4D00-ACDB-208E448470C6","F281FEB8-93A0-4AF8-AA2C-E278E15573B1"
"94110204-827E-4D23-9405-D260221722C3","FC3EFD2D-C218-4D00-ACDB-208E448470C6","F369DB3F-2607-4796-9545-F09071D6B68A"
"94110204-827E-4D23-9405-D260221722C3","FC3EFD2D-C218-4D00-ACDB-208E448470C6","FB65729E-3DD7-4796-AD97-9AC51B80E297"
"4EAF90D3-BBFA-4B95-97C0-629CA54B5497","FCECE2CC-A7AC-4E22-BEA2-F07DA6BCA31C","3D449664-9660-4896-A8FA-A56E660B8B30"
"4EAF90D3-BBFA-4B95-97C0-629CA54B5497","FCECE2CC-A7AC-4E22-BEA2-F07DA6BCA31C","91110AD1-DC3D-4107-8824-68E644C0AE54"
"D4866A29-71B7-4E1C-BC8B-56B54E28931D","FD00069F-E8DD-40AB-AEB8-D4802033CDDD","3E012A71-603B-4BE7-9ADA-897253C6C3CD"
"D4866A29-71B7-4E1C-BC8B-56B54E28931D","FD00069F-E8DD-40AB-AEB8-D4802033CDDD","45C2F0D0-D2BC-47E0-A4C0-DF43ED5D2F39"
"D4866A29-71B7-4E1C-BC8B-56B54E28931D","FD00069F-E8DD-40AB-AEB8-D4802033CDDD","473024BB-05BF-4A28-B15F-ED8370D9DC46"
"D4866A29-71B7-4E1C-BC8B-56B54E28931D","FD00069F-E8DD-40AB-AEB8-D4802033CDDD","4DFCB07F-BA75-431A-BBAE-6C3328A6F933"
"D4866A29-71B7-4E1C-BC8B-56B54E28931D","FD00069F-E8DD-40AB-AEB8-D4802033CDDD","530536EC-FFDB-43DA-8B54-1EC0296840D4"
"D4866A29-71B7-4E1C-BC8B-56B54E28931D","FD00069F-E8DD-40AB-AEB8-D4802033CDDD","5B45A52F-FD54-4521-B1A9-E874FCF2BB35"
"D4866A29-71B7-4E1C-BC8B-56B54E28931D","FD00069F-E8DD-40AB-AEB8-D4802033CDDD","B02104B5-E138-4EF1-AC1E-D7669F81B632"
"D4866A29-71B7-4E1C-BC8B-56B54E28931D","FD00069F-E8DD-40AB-AEB8-D4802033CDDD","C4A39C48-4D8F-4693-9D8D-50048DC64BCF"
"17BA8048-B4DD-443C-BC7A-9DCC93B59E02","FD5D1CBA-3808-4219-9674-CAF278FFDB51","0F039A3C-B415-4CE1-90F7-845464698F16"
"17BA8048-B4DD-443C-BC7A-9DCC93B59E02","FD5D1CBA-3808-4219-9674-CAF278FFDB51","338028EE-D1EA-484A-AA0F-711E9522BF8A"
"286E799B-0EBC-4854-9CC6-4E48A192AD52","5FF208C8-D87D-42C4-82E2-8855457D250C","f3e02ae5-9ec9-4c7b-aa15-486871c15cef"
"311C8E30-3DEA-430E-8E51-915FBBC49C7C","6054C394-0F5E-497E-B28D-8CA0A14B3C96","04F117EA-3459-4328-9DC2-10865D013AE5"
"12269783-25EA-4106-8E56-B6EF4D829699","60BDB3F2-28B7-4EF4-8392-4B092D65D7C9","7941A30F-6942-4754-A1C2-2EC8D5D648DB"
"0282CEAE-4F98-430F-AB4E-B26EF8EDFC50","60C76DCF-14E1-4DEE-A4F4-F024403A8B02","071CFFE5-B8AA-48E8-AA8A-6F088D8215E9"
"0282CEAE-4F98-430F-AB4E-B26EF8EDFC50","60C76DCF-14E1-4DEE-A4F4-F024403A8B02","0C91F113-5E3B-4C07-B902-AEACDC11F9AE"
"0282CEAE-4F98-430F-AB4E-B26EF8EDFC50","60C76DCF-14E1-4DEE-A4F4-F024403A8B02","17B7AB96-08C0-4835-8BF5-2E819848E352"
"0282CEAE-4F98-430F-AB4E-B26EF8EDFC50","60C76DCF-14E1-4DEE-A4F4-F024403A8B02","3862BE33-1F11-4C80-9B42-CEEFBBE2844D"
"0282CEAE-4F98-430F-AB4E-B26EF8EDFC50","60C76DCF-14E1-4DEE-A4F4-F024403A8B02","56B1F715-A446-46BE-8F27-75E87DED6D36"
"0282CEAE-4F98-430F-AB4E-B26EF8EDFC50","60C76DCF-14E1-4DEE-A4F4-F024403A8B02","5818A674-BB11-471B-83B8-5A1D7A55B921"
"0282CEAE-4F98-430F-AB4E-B26EF8EDFC50","60C76DCF-14E1-4DEE-A4F4-F024403A8B02","688C4572-C13C-4D1C-9257-4310D9E9F99B"
"0282CEAE-4F98-430F-AB4E-B26EF8EDFC50","60C76DCF-14E1-4DEE-A4F4-F024403A8B02","77A6FCC9-C10B-44B6-BF97-76358B772BA8"
"0282CEAE-4F98-430F-AB4E-B26EF8EDFC50","60C76DCF-14E1-4DEE-A4F4-F024403A8B02","868FA229-DAA5-45C0-B00C-E1FFFDDE3FA1"
"0282CEAE-4F98-430F-AB4E-B26EF8EDFC50","60C76DCF-14E1-4DEE-A4F4-F024403A8B02","86EB5953-050E-4989-812D-CEB54C5109AF"
"0282CEAE-4F98-430F-AB4E-B26EF8EDFC50","60C76DCF-14E1-4DEE-A4F4-F024403A8B02","A0F4E802-1BD5-43DE-A447-E79F67963153"
"0282CEAE-4F98-430F-AB4E-B26EF8EDFC50","60C76DCF-14E1-4DEE-A4F4-F024403A8B02","B3D00154-23CE-44D3-BF09-FB8574FBC031"
"0282CEAE-4F98-430F-AB4E-B26EF8EDFC50","60C76DCF-14E1-4DEE-A4F4-F024403A8B02","D1B693E3-2E7D-423C-B5A0-AE1728E1C9B7"
"0282CEAE-4F98-430F-AB4E-B26EF8EDFC50","60C76DCF-14E1-4DEE-A4F4-F024403A8B02","E2D574A4-DA0A-4D8D-A4D8-A1AEB2A44584"
"0282CEAE-4F98-430F-AB4E-B26EF8EDFC50","60C76DCF-14E1-4DEE-A4F4-F024403A8B02","E4A1B363-89E4-40DA-9E67-3BD200FC29AD"
"0282CEAE-4F98-430F-AB4E-B26EF8EDFC50","60C76DCF-14E1-4DEE-A4F4-F024403A8B02","E7282F6E-1A5A-47E6-BAA7-7FEDB351F762"
"0282CEAE-4F98-430F-AB4E-B26EF8EDFC50","60C76DCF-14E1-4DEE-A4F4-F024403A8B02","FE4D23C7-43C5-4C6D-BB2F-A8AD8CBD5374"
"5513817E-6AE5-4089-A4DC-05A4011388E6","6142CBB4-8404-4832-9B32-80DEC68A60F2","29CB1A99-7CDD-46CD-8AD7-9D5BFF524DF7"
"5513817E-6AE5-4089-A4DC-05A4011388E6","6142CBB4-8404-4832-9B32-80DEC68A60F2","74714755-CFBD-4BA8-84EB-5B7293EBFC7B"
"6344D80E-25AE-4FEF-87B1-FD1603624E96","619B747D-71B9-45CF-A769-1E8446A74047","5A33B0EA-871E-48B9-B399-77563CBB0167"
"38512F55-FD68-4DBB-8728-141D590DD64A","B9D59B82-8907-4245-9DD8-36B6BD0FB876","9889BC13-3477-40C1-B08F-034B8D553059"
"38512F55-FD68-4DBB-8728-141D590DD64A","B9D59B82-8907-4245-9DD8-36B6BD0FB876","9B1F0042-4CE3-4FC1-808D-D4C7AA910E9A"
"38512F55-FD68-4DBB-8728-141D590DD64A","B9D59B82-8907-4245-9DD8-36B6BD0FB876","9DFC790E-1319-4486-B082-7485460CBA42"
"38512F55-FD68-4DBB-8728-141D590DD64A","B9D59B82-8907-4245-9DD8-36B6BD0FB876","A7196BA5-DD35-4A80-AA01-1F7920FC1240"
"38512F55-FD68-4DBB-8728-141D590DD64A","B9D59B82-8907-4245-9DD8-36B6BD0FB876","B0A3AFB6-DB9C-42FB-B78D-19A2F7A3FD90"
"38512F55-FD68-4DBB-8728-141D590DD64A","B9D59B82-8907-4245-9DD8-36B6BD0FB876","B13DA3B5-0946-464F-94CD-1BA103D1B9DD"
"38512F55-FD68-4DBB-8728-141D590DD64A","B9D59B82-8907-4245-9DD8-36B6BD0FB876","B1F31CEE-DCA4-4DFD-B4E7-0A76695AD396"
"38512F55-FD68-4DBB-8728-141D590DD64A","B9D59B82-8907-4245-9DD8-36B6BD0FB876","B38934A0-8BB8-4DC6-AAC7-2617FFC7B3F4"
"38512F55-FD68-4DBB-8728-141D590DD64A","B9D59B82-8907-4245-9DD8-36B6BD0FB876","B975CBD3-6894-4932-B4C8-5E8E1F989411"
"38512F55-FD68-4DBB-8728-141D590DD64A","B9D59B82-8907-4245-9DD8-36B6BD0FB876","BAB515DD-51A6-4B21-9397-8594BF86A3A9"
"38512F55-FD68-4DBB-8728-141D590DD64A","B9D59B82-8907-4245-9DD8-36B6BD0FB876","BE57FBDA-F25A-4407-A34A-FA313DEB0382"
"38512F55-FD68-4DBB-8728-141D590DD64A","B9D59B82-8907-4245-9DD8-36B6BD0FB876","C50135C3-AC40-49B2-AEDB-4F27ECB7FA6B"
"38512F55-FD68-4DBB-8728-141D590DD64A","B9D59B82-8907-4245-9DD8-36B6BD0FB876","C7629843-D9A1-4C2A-AAE9-3B5C5E55E316"
"38512F55-FD68-4DBB-8728-141D590DD64A","B9D59B82-8907-4245-9DD8-36B6BD0FB876","CEB951AB-EE1F-4F90-9269-4BFBE016BBAC"
"38512F55-FD68-4DBB-8728-141D590DD64A","B9D59B82-8907-4245-9DD8-36B6BD0FB876","D3E34D53-B39C-4109-BF17-B4A341547F67"
"38512F55-FD68-4DBB-8728-141D590DD64A","B9D59B82-8907-4245-9DD8-36B6BD0FB876","E24FF734-185F-4A77-B9C2-4B687BD903D4"
"38512F55-FD68-4DBB-8728-141D590DD64A","B9D59B82-8907-4245-9DD8-36B6BD0FB876","E97D06A2-2695-4256-8FC1-63A7BF3AD302"
"38512F55-FD68-4DBB-8728-141D590DD64A","B9D59B82-8907-4245-9DD8-36B6BD0FB876","ECD42527-1C65-4DB8-BB66-1DB0049D5944"
"38512F55-FD68-4DBB-8728-141D590DD64A","B9D59B82-8907-4245-9DD8-36B6BD0FB876","F0FE4689-E3DE-4F06-9688-B00B69E6A6B4"
"38512F55-FD68-4DBB-8728-141D590DD64A","B9D59B82-8907-4245-9DD8-36B6BD0FB876","F2950EFF-8BA5-4D61-8A9A-32C6DCE15343"
"38512F55-FD68-4DBB-8728-141D590DD64A","B9D59B82-8907-4245-9DD8-36B6BD0FB876","F2C695D8-8CB8-4654-B677-C3E3BDDB0ABA"
"38512F55-FD68-4DBB-8728-141D590DD64A","B9D59B82-8907-4245-9DD8-36B6BD0FB876","F57979E4-A47F-429E-AE36-1F2B0AAE42B3"
"38512F55-FD68-4DBB-8728-141D590DD64A","B9D59B82-8907-4245-9DD8-36B6BD0FB876","F7226435-F0DE-48B4-B636-DBBB212BAFEB"
"38512F55-FD68-4DBB-8728-141D590DD64A","B9D59B82-8907-4245-9DD8-36B6BD0FB876","F7AB1631-D14D-4DF0-9A14-04597CE4D451"
"38512F55-FD68-4DBB-8728-141D590DD64A","B9D59B82-8907-4245-9DD8-36B6BD0FB876","F9727F1E-48DF-4EB4-97B0-C20E1D656F4F"
"38512F55-FD68-4DBB-8728-141D590DD64A","B9D59B82-8907-4245-9DD8-36B6BD0FB876","FE611A45-FC3B-494D-A504-9A66B9B531FD"
"1A550195-44AB-4014-8513-F4B0AC865E7A","B9E384E8-1BDB-44C9-AC4A-7C5313A153EE","8D5C4D2B-192B-4464-A45F-B84FCE36E57F"
"1A550195-44AB-4014-8513-F4B0AC865E7A","B9E384E8-1BDB-44C9-AC4A-7C5313A153EE","B7F1F572-C73A-43EE-9B81-98AEFC4908F7"
"1A550195-44AB-4014-8513-F4B0AC865E7A","B9E384E8-1BDB-44C9-AC4A-7C5313A153EE","DA87D87C-DA5A-4C5F-BA27-4BB7B23D8758"
"1A550195-44AB-4014-8513-F4B0AC865E7A","B9E384E8-1BDB-44C9-AC4A-7C5313A153EE","FACBCDA7-A16F-4551-96E0-9378D9A2BA49"
"BBCHStadium","BA715E73962FE9BE9841A42247C9505199E4","58c999ba-f971-49d9-9044-6ed847e7d2d8"
"89D067EF-E193-45B4-A68A-26A0FDBB98FE","BAEE33BD-CC6F-40FA-AC71-DDEBCE578790","1DD91873-8B4F-4388-AD31-C0E864515ECA"
"89D067EF-E193-45B4-A68A-26A0FDBB98FE","BAEE33BD-CC6F-40FA-AC71-DDEBCE578790","33C7001A-7E05-4C5E-ADCF-535A761270B4"
"89D067EF-E193-45B4-A68A-26A0FDBB98FE","BAEE33BD-CC6F-40FA-AC71-DDEBCE578790","456C9A60-1C83-4873-B5CE-C3762A068074"
"89D067EF-E193-45B4-A68A-26A0FDBB98FE","BAEE33BD-CC6F-40FA-AC71-DDEBCE578790","87136607-AA9D-4EB7-B90E-44B470E88784"
"89D067EF-E193-45B4-A68A-26A0FDBB98FE","BAEE33BD-CC6F-40FA-AC71-DDEBCE578790","A728F4EA-0E38-4BBE-BB0C-203100B8599F"
"4682BA5F-55FC-4CE6-8221-D5EEF6DA2E3C","BB0C64BA-0EAE-4428-821D-7FA9AFB6558A","0E849316-82CF-4D49-9A8C-4AA4F0DC47F0"
"4682BA5F-55FC-4CE6-8221-D5EEF6DA2E3C","BB0C64BA-0EAE-4428-821D-7FA9AFB6558A","9528873E-6749-4922-BB19-613CCCB19AB4"
"472AA03A-3E86-4AF0-A2C9-FF4EE5B09405","BB1D6924-4D65-4A31-920F-C764D0D8EE6E","21409ABA-1BF6-44F8-AC55-20012FC02F2F"
"472AA03A-3E86-4AF0-A2C9-FF4EE5B09405","BB1D6924-4D65-4A31-920F-C764D0D8EE6E","D59CC40F-8759-4C63-8DA2-3F8916876778"
"EFB761D6-9870-41DC-BA3B-14862E9E2149","BB6D9F33-C3F6-46FB-8857-A056C34DAD89","6B4F0026-5F4C-4711-A77C-E407CE572482"
"EFB761D6-9870-41DC-BA3B-14862E9E2149","BB6D9F33-C3F6-46FB-8857-A056C34DAD89","EFB92BB5-0175-4F27-A9BE-03C9EEBD9DC6"
"1F2AD671-4101-4EFC-A739-FC51D30D509B","BB78650D-516B-425E-A012-29AF1EE7EE15","435F9B19-9120-49B8-B13F-4BDBA24608BC"
"1F2AD671-4101-4EFC-A739-FC51D30D509B","BB78650D-516B-425E-A012-29AF1EE7EE15","B69EE2AB-484E-4437-8DB4-84E72E64552B"
"F2ECC89B-45F4-4773-AF13-C7A4CCF1562F","BBDE093C-CF24-4E44-8B81-70131071C94B","5A3A6664-AC13-4F87-ABB0-CD6D41F5787B"
"F2ECC89B-45F4-4773-AF13-C7A4CCF1562F","BBDE093C-CF24-4E44-8B81-70131071C94B","9CCB8C74-F81A-444B-B96A-9271744676B6"
"F2ECC89B-45F4-4773-AF13-C7A4CCF1562F","BBDE093C-CF24-4E44-8B81-70131071C94B","EF373FFF-C281-455E-9932-54162E76F557"
"5FD242CA-2682-44CE-A572-C80B7955C78E","BC659A85-052C-4D15-B1C1-79F1992CB059","081E90FF-2929-4029-887B-839BDD1A6E4B"
"5FD242CA-2682-44CE-A572-C80B7955C78E","BC659A85-052C-4D15-B1C1-79F1992CB059","2E40048B-D7AF-4033-87F1-B3DD53C338D7"
"5FD242CA-2682-44CE-A572-C80B7955C78E","BC659A85-052C-4D15-B1C1-79F1992CB059","2E88DB31-ADEF-4591-9158-E3A0E0AF5547"
"5FD242CA-2682-44CE-A572-C80B7955C78E","BC659A85-052C-4D15-B1C1-79F1992CB059","2F298AA7-CAB1-448B-B45D-165A6912E26E"
"5FD242CA-2682-44CE-A572-C80B7955C78E","BC659A85-052C-4D15-B1C1-79F1992CB059","47C78291-21C5-44ED-878C-0F2DC4FE5E26"
"5FD242CA-2682-44CE-A572-C80B7955C78E","BC659A85-052C-4D15-B1C1-79F1992CB059","5C596871-F547-4C68-99AE-97A2A7E50C8B"
"5FD242CA-2682-44CE-A572-C80B7955C78E","BC659A85-052C-4D15-B1C1-79F1992CB059","5EAD546C-72E6-408C-9974-C0A8E012AC1B"
"5FD242CA-2682-44CE-A572-C80B7955C78E","BC659A85-052C-4D15-B1C1-79F1992CB059","6B418E1F-A325-4F36-8D0D-521A5BBEB14E"
"5FD242CA-2682-44CE-A572-C80B7955C78E","BC659A85-052C-4D15-B1C1-79F1992CB059","854E92AA-35F9-43B9-AEFC-F9E3C5F3CAFC"
"5FD242CA-2682-44CE-A572-C80B7955C78E","BC659A85-052C-4D15-B1C1-79F1992CB059","993CC84F-2E05-4A4C-BD38-C75362F8A43C"
"5FD242CA-2682-44CE-A572-C80B7955C78E","BC659A85-052C-4D15-B1C1-79F1992CB059","A628EAE0-0814-4FA8-B696-2C7DFBB565B2"
"5FD242CA-2682-44CE-A572-C80B7955C78E","BC659A85-052C-4D15-B1C1-79F1992CB059","A802BCB6-F413-427E-A684-E30417BA623F"
"5FD242CA-2682-44CE-A572-C80B7955C78E","BC659A85-052C-4D15-B1C1-79F1992CB059","B798D5D7-0F33-4577-85D4-F43CE1632538"
"5FD242CA-2682-44CE-A572-C80B7955C78E","BC659A85-052C-4D15-B1C1-79F1992CB059","C9B25FE7-CAE9-4ACD-A904-ECA264C4D011"
"5FD242CA-2682-44CE-A572-C80B7955C78E","BC659A85-052C-4D15-B1C1-79F1992CB059","CB293E7E-2096-4729-B94A-B96471296796"
"5FD242CA-2682-44CE-A572-C80B7955C78E","BC659A85-052C-4D15-B1C1-79F1992CB059","D1351EAD-37E0-4EB6-9148-D0AF2C694D1E"
"5FD242CA-2682-44CE-A572-C80B7955C78E","BC659A85-052C-4D15-B1C1-79F1992CB059","D8E2DBC5-F3FE-40D5-8AB2-0EB709644C96"
"5FD242CA-2682-44CE-A572-C80B7955C78E","BC659A85-052C-4D15-B1C1-79F1992CB059","E1389E18-A1B2-4DF6-B7E6-FB9CFA2530FF"
"5FD242CA-2682-44CE-A572-C80B7955C78E","BC659A85-052C-4D15-B1C1-79F1992CB059","EFA6828D-935F-48F6-A7FD-91FA75B6FF2F"
"5FD242CA-2682-44CE-A572-C80B7955C78E","BC659A85-052C-4D15-B1C1-79F1992CB059","F1ECEB54-5BC4-498C-B306-EE25DFFC4E9D"
"5FD242CA-2682-44CE-A572-C80B7955C78E","BC659A85-052C-4D15-B1C1-79F1992CB059","F9920CBB-1778-44E7-8610-E8C21D9A199F"
"5FD242CA-2682-44CE-A572-C80B7955C78E","BC659A85-052C-4D15-B1C1-79F1992CB059","FA43CD8E-4586-463E-8862-28DE9F99BF20"
"3817B15B-89EC-4DE1-95AB-4751CE04DED6","BC6B9C13-6517-4B13-9211-C1670F26DF37","03E14F7C-4D29-45E5-90EE-D349D559DEF4"
"3817B15B-89EC-4DE1-95AB-4751CE04DED6","BC6B9C13-6517-4B13-9211-C1670F26DF37","0DE948A0-1437-4FAA-BBB6-AD34FACD76F7"
"3817B15B-89EC-4DE1-95AB-4751CE04DED6","BC6B9C13-6517-4B13-9211-C1670F26DF37","4EEBE401-2990-4982-A491-FE670E9E11B2"
"3817B15B-89EC-4DE1-95AB-4751CE04DED6","BC6B9C13-6517-4B13-9211-C1670F26DF37","66FDC15A-8ED0-436A-A449-F5729D3D4432"
"3817B15B-89EC-4DE1-95AB-4751CE04DED6","BC6B9C13-6517-4B13-9211-C1670F26DF37","910819B5-9900-41EE-82EC-51EBDC1220FC"
"0B406346-2ED3-4A58-A77B-11A79C8036EE","BC9B0CA4-F2A4-4C57-91DB-0D3CB3E85554","8246A1E5-AD65-44E2-B452-225B30BAD194"
"4DEBF746-C442-4BF1-B483-2729501CF569","BCD34547-FE2B-482F-8D96-516C1E605BBB","0200C94D-37D3-4D79-8606-7492A0211F2E"
"4DEBF746-C442-4BF1-B483-2729501CF569","BCD34547-FE2B-482F-8D96-516C1E605BBB","06A8612C-5563-42D7-8C27-A72DF5341C48"
"4DEBF746-C442-4BF1-B483-2729501CF569","BCD34547-FE2B-482F-8D96-516C1E605BBB","07DAF49E-380A-4B2E-AF01-51687D04EA18"
"4DEBF746-C442-4BF1-B483-2729501CF569","BCD34547-FE2B-482F-8D96-516C1E605BBB","140C6725-438B-4AF4-8D0E-4201BC3B76A6"
"4DEBF746-C442-4BF1-B483-2729501CF569","BCD34547-FE2B-482F-8D96-516C1E605BBB","1799EF3C-1A8B-4D60-8074-E70E24E76C02"
"4DEBF746-C442-4BF1-B483-2729501CF569","BCD34547-FE2B-482F-8D96-516C1E605BBB","25FCC71D-8422-4F56-AC98-5CDB637BD691"
"4DEBF746-C442-4BF1-B483-2729501CF569","BCD34547-FE2B-482F-8D96-516C1E605BBB","31486BE9-C6DB-40AE-BD48-B04D118172D5"
"4DEBF746-C442-4BF1-B483-2729501CF569","BCD34547-FE2B-482F-8D96-516C1E605BBB","4C3B6172-7C18-4852-9A67-7C4207544D31"
"4DEBF746-C442-4BF1-B483-2729501CF569","BCD34547-FE2B-482F-8D96-516C1E605BBB","4EF75248-A0D8-44F4-A94B-552DE1C721F0"
"4DEBF746-C442-4BF1-B483-2729501CF569","BCD34547-FE2B-482F-8D96-516C1E605BBB","56DD1686-AA26-4328-B5B7-6A46667105B7"
"4DEBF746-C442-4BF1-B483-2729501CF569","BCD34547-FE2B-482F-8D96-516C1E605BBB","59BC4926-B03E-45C0-9AF3-A507E7A9EAEB"
"4DEBF746-C442-4BF1-B483-2729501CF569","BCD34547-FE2B-482F-8D96-516C1E605BBB","5B14CFDC-573B-4A13-90C9-027C6A67CEC5"
"4DEBF746-C442-4BF1-B483-2729501CF569","BCD34547-FE2B-482F-8D96-516C1E605BBB","671919AD-4080-4A26-9E73-A1D8A6E76A9C"
"4DEBF746-C442-4BF1-B483-2729501CF569","BCD34547-FE2B-482F-8D96-516C1E605BBB","6B8B4917-A44F-4AE0-BDC7-1F5E68B3F2F4"
"4DEBF746-C442-4BF1-B483-2729501CF569","BCD34547-FE2B-482F-8D96-516C1E605BBB","722AD673-7901-4E56-9607-56B4C503DEF8"
"4DEBF746-C442-4BF1-B483-2729501CF569","BCD34547-FE2B-482F-8D96-516C1E605BBB","77387041-CB80-4071-AF1F-83D85CC024DD"
"4DEBF746-C442-4BF1-B483-2729501CF569","BCD34547-FE2B-482F-8D96-516C1E605BBB","8176EF2E-8B31-4AB4-847D-745B9728926A"
"4DEBF746-C442-4BF1-B483-2729501CF569","BCD34547-FE2B-482F-8D96-516C1E605BBB","85DDC7CD-0D69-421B-ACDD-3B0D8F77AD7D"
"4DEBF746-C442-4BF1-B483-2729501CF569","BCD34547-FE2B-482F-8D96-516C1E605BBB","864836D1-7199-4CB8-8446-28990833D2EF"
"4DEBF746-C442-4BF1-B483-2729501CF569","BCD34547-FE2B-482F-8D96-516C1E605BBB","87161356-52A9-4CC4-8B5A-2EBF302BC867"
"4DEBF746-C442-4BF1-B483-2729501CF569","BCD34547-FE2B-482F-8D96-516C1E605BBB","88BBA6FD-3564-4A7A-A1FD-A36E7347617C"
"4DEBF746-C442-4BF1-B483-2729501CF569","BCD34547-FE2B-482F-8D96-516C1E605BBB","9126764B-8FB5-4739-AEF2-9054C55EDFE5"
"4DEBF746-C442-4BF1-B483-2729501CF569","BCD34547-FE2B-482F-8D96-516C1E605BBB","91BDAD14-1902-4D52-A6B1-078ECED2FF00"
"4DEBF746-C442-4BF1-B483-2729501CF569","BCD34547-FE2B-482F-8D96-516C1E605BBB","91F38CC8-6E00-49CF-8E2B-CFD164EA01EC"
"4DEBF746-C442-4BF1-B483-2729501CF569","BCD34547-FE2B-482F-8D96-516C1E605BBB","A0FD6F20-1565-4309-A776-628812B5E721"
"4DEBF746-C442-4BF1-B483-2729501CF569","BCD34547-FE2B-482F-8D96-516C1E605BBB","A8202C50-9354-494A-BC5E-2F8548831324"
"4DEBF746-C442-4BF1-B483-2729501CF569","BCD34547-FE2B-482F-8D96-516C1E605BBB","AB277848-33C4-40A5-871A-88F59183BD0E"
"4DEBF746-C442-4BF1-B483-2729501CF569","BCD34547-FE2B-482F-8D96-516C1E605BBB","B2E7E9B0-FF5D-45D4-BBA4-6282A7EA87A9"
"4DEBF746-C442-4BF1-B483-2729501CF569","BCD34547-FE2B-482F-8D96-516C1E605BBB","B3135012-BBD9-4C59-BF76-4BB682C41A71"
"4DEBF746-C442-4BF1-B483-2729501CF569","BCD34547-FE2B-482F-8D96-516C1E605BBB","B69895FB-3018-4C56-B58F-70535A82E000"
"4DEBF746-C442-4BF1-B483-2729501CF569","BCD34547-FE2B-482F-8D96-516C1E605BBB","BB58AF60-5231-42B3-8D99-1692FFFC684C"
"4DEBF746-C442-4BF1-B483-2729501CF569","BCD34547-FE2B-482F-8D96-516C1E605BBB","BEF1484C-DE8C-4F21-892A-46E26C8D6354"
"4DEBF746-C442-4BF1-B483-2729501CF569","BCD34547-FE2B-482F-8D96-516C1E605BBB","C6233F43-B075-4572-894B-1C801047C369"
"4DEBF746-C442-4BF1-B483-2729501CF569","BCD34547-FE2B-482F-8D96-516C1E605BBB","C670FDC2-D01D-4C70-8D62-F8B2D39FF297"
"4DEBF746-C442-4BF1-B483-2729501CF569","BCD34547-FE2B-482F-8D96-516C1E605BBB","D77FAEF9-32BB-4327-B4EF-C93CAF2F4712"
"4DEBF746-C442-4BF1-B483-2729501CF569","BCD34547-FE2B-482F-8D96-516C1E605BBB","E0D09C9F-8E8C-4215-84C2-1A2D29A6E0F7"
"4DEBF746-C442-4BF1-B483-2729501CF569","BCD34547-FE2B-482F-8D96-516C1E605BBB","EE8911FD-216D-4B45-8ABA-456DE662D77C"
"4DEBF746-C442-4BF1-B483-2729501CF569","BCD34547-FE2B-482F-8D96-516C1E605BBB","FD58C11F-FC99-4C64-B2A1-84176945424D"
"4DEBF746-C442-4BF1-B483-2729501CF569","BCD34547-FE2B-482F-8D96-516C1E605BBB","FEC6BAE0-D5F4-4AB2-8EF7-157A8FF91558"
"787C9A19-5EFB-497B-BD2D-DD4803ACD6A1","BD375D6E-1B5D-42F9-8205-3CFB9B2D78E0","050431E4-26AF-4848-90BC-7726A605426B"
"787C9A19-5EFB-497B-BD2D-DD4803ACD6A1","BD375D6E-1B5D-42F9-8205-3CFB9B2D78E0","0AC478AC-C623-4BB4-8A98-D8EC64BAC9EB"
"787C9A19-5EFB-497B-BD2D-DD4803ACD6A1","BD375D6E-1B5D-42F9-8205-3CFB9B2D78E0","1655C7B1-959E-4771-9696-C05926465146"
"787C9A19-5EFB-497B-BD2D-DD4803ACD6A1","BD375D6E-1B5D-42F9-8205-3CFB9B2D78E0","2CC725D5-CF10-4C3B-864C-C681887745C8"
"787C9A19-5EFB-497B-BD2D-DD4803ACD6A1","BD375D6E-1B5D-42F9-8205-3CFB9B2D78E0","369532BB-B451-422A-816B-C809A94B8BE2"
"787C9A19-5EFB-497B-BD2D-DD4803ACD6A1","BD375D6E-1B5D-42F9-8205-3CFB9B2D78E0","37206607-13E1-4339-8D38-03B0F5B8D249"
"787C9A19-5EFB-497B-BD2D-DD4803ACD6A1","BD375D6E-1B5D-42F9-8205-3CFB9B2D78E0","39977E9E-1DA2-42F5-A56B-93FA3AC15177"
"787C9A19-5EFB-497B-BD2D-DD4803ACD6A1","BD375D6E-1B5D-42F9-8205-3CFB9B2D78E0","486C9D22-876D-4C94-A19E-D0F9C5050AA9"
"787C9A19-5EFB-497B-BD2D-DD4803ACD6A1","BD375D6E-1B5D-42F9-8205-3CFB9B2D78E0","69AEF343-C9EA-4302-9D17-F44B4515091B"
"787C9A19-5EFB-497B-BD2D-DD4803ACD6A1","BD375D6E-1B5D-42F9-8205-3CFB9B2D78E0","74DDD92E-A897-4103-9848-61B155AD6651"
"787C9A19-5EFB-497B-BD2D-DD4803ACD6A1","BD375D6E-1B5D-42F9-8205-3CFB9B2D78E0","8DE5B5FB-960E-4631-8415-2DF702B1E5DB"
"787C9A19-5EFB-497B-BD2D-DD4803ACD6A1","BD375D6E-1B5D-42F9-8205-3CFB9B2D78E0","94E86059-CF7A-4034-8DD5-B67FDBD0A37C"
"787C9A19-5EFB-497B-BD2D-DD4803ACD6A1","BD375D6E-1B5D-42F9-8205-3CFB9B2D78E0","A1A9C761-82CD-4966-B956-8FE34A7FE0F8"
"787C9A19-5EFB-497B-BD2D-DD4803ACD6A1","BD375D6E-1B5D-42F9-8205-3CFB9B2D78E0","a62dc596-e085-4b70-b7ff-f6d0c27f88c6"
"787C9A19-5EFB-497B-BD2D-DD4803ACD6A1","BD375D6E-1B5D-42F9-8205-3CFB9B2D78E0","A96FE149-7D42-4819-9D70-E5E876C5ABE3"
"787C9A19-5EFB-497B-BD2D-DD4803ACD6A1","BD375D6E-1B5D-42F9-8205-3CFB9B2D78E0","B225AA53-4C5D-41A6-8BC9-FA795E0C6775"
"787C9A19-5EFB-497B-BD2D-DD4803ACD6A1","BD375D6E-1B5D-42F9-8205-3CFB9B2D78E0","D3AF48E4-F892-434E-894C-5E4DB39706C8"
"787C9A19-5EFB-497B-BD2D-DD4803ACD6A1","BD375D6E-1B5D-42F9-8205-3CFB9B2D78E0","E515F88C-7568-4AF6-8615-63479182C104"
"787C9A19-5EFB-497B-BD2D-DD4803ACD6A1","BD375D6E-1B5D-42F9-8205-3CFB9B2D78E0","F3E4AE39-92B2-4B66-9753-61E4171D9A84"
"F8D70F5B-37AB-4561-8FEA-A749A363A6A6","BD90143A-001B-4958-B703-02C456EE9944","C0D2B31C-C336-4337-9302-0103CAB0B8B0"
"PER","BDB1C3D7C2AF3DCC2AE6BDF10DB11D76AF6A","b473787e-5ef3-479c-ae87-d96d91085019"
"2EE2756F-DED6-49CB-BB74-BD288BED113D","BDB513CA-31CC-4B0B-8FB7-B318C73195DD","4BB0DE92-B62A-4430-9227-314E2F7E02A1"
"2EE2756F-DED6-49CB-BB74-BD288BED113D","BDB513CA-31CC-4B0B-8FB7-B318C73195DD","E28A03F5-71CB-469E-B61E-DCC5DCE48637"
"700768B2-8CB5-4E75-9AB9-3A6DF4BB9FC9","BDDE5888-E7A9-4C3E-9DBD-3FFE0F8CE6F1","0EF223C1-41A3-4D6A-B2E8-191D0B51E982"
"700768B2-8CB5-4E75-9AB9-3A6DF4BB9FC9","BDDE5888-E7A9-4C3E-9DBD-3FFE0F8CE6F1","471AFD83-03AC-4BF7-AB49-82ADB7C05B1E"
"27AAFE7B-6522-4E04-896D-2582CC69D7D4","BE0803EC-1291-49D8-A250-BCCF83492205","41C3A121-A562-4618-AFDA-78A8B211C33D"
"INTERVALL","BE11CC86FF6F03077BD2F8C45319AF1D1121","c0eeec80-0b54-417a-8ab2-18b9912b0808"
"PER","BE1D8CB3D5D7F8F659C5616483254527D0C6","c0eeec80-0b54-417a-8ab2-18b9912b0808"
"C4A3A103-7E75-401F-BE46-494B2BAD1AEE","BE5923A9-F764-479C-ADF7-A459B2AF3992","4B963E1C-8480-4FE8-B0D3-B438715D22DE"
"C4A3A103-7E75-401F-BE46-494B2BAD1AEE","BE5923A9-F764-479C-ADF7-A459B2AF3992","76032C8E-260E-4990-ACA2-F03BD0921765"
"C4A3A103-7E75-401F-BE46-494B2BAD1AEE","BE5923A9-F764-479C-ADF7-A459B2AF3992","8894CBD5-6D2E-4B63-875D-19259F8DDB1A"
"C4A3A103-7E75-401F-BE46-494B2BAD1AEE","BE5923A9-F764-479C-ADF7-A459B2AF3992","CBFB3A44-D8CA-417A-A7C0-C069FB720971"
"BE5DDD15-C254-40A6-B533-870880919836","BF30AD23-37AA-4EE6-9D95-482F955D4AD8","DDB598DA-234F-4A6A-AF63-E27435AEBEA4"
"948D1DEC-75E0-4EEC-8A9B-03969B047E6A","BFAE78DE-424E-4774-8FA8-67DFDBD374FB","D10699AB-207B-4576-82B5-F4F7A28B2EB2"
"9C3AE68D-8738-4BE6-A11B-9983E1E02947","BFEC4A54-208B-4279-AD50-9FA876591046","183BDD0D-23DE-4B80-ABA7-8842247ADD30"
"9C3AE68D-8738-4BE6-A11B-9983E1E02947","BFEC4A54-208B-4279-AD50-9FA876591046","53D6B9A6-4A25-4022-9ACF-5E03ECB5CFC1"
"9C3AE68D-8738-4BE6-A11B-9983E1E02947","BFEC4A54-208B-4279-AD50-9FA876591046","F17A3AB6-D1C7-4994-8E3B-7662BDFB8503"
"A1F01185-FF85-4012-8C7C-FD8E85EC3AD1","BFF849B9-AC34-4B96-ABAB-A92F51659F03","429abb0f-8370-4149-8025-00ce6b11f130"
"A1F01185-FF85-4012-8C7C-FD8E85EC3AD1","BFF849B9-AC34-4B96-ABAB-A92F51659F03","922FA21F-C597-4DB1-9FE6-C879A2855C0D"
"D3489974-1D46-4C48-B4A6-69C6528BDA70","C0B5185D-CA65-45FA-91CA-73B07A025CCD","1A3082BD-008E-4BB9-91C3-B73DCA278FDB"
"D3489974-1D46-4C48-B4A6-69C6528BDA70","C0B5185D-CA65-45FA-91CA-73B07A025CCD","C009FA00-D79A-41E6-B5B8-C776A7E2E661"
"D3489974-1D46-4C48-B4A6-69C6528BDA70","C0B5185D-CA65-45FA-91CA-73B07A025CCD","F8989387-60CB-4863-860E-DC71A44538E2"
"288B77CB-D468-4C08-AD8B-27B56066A15A","C1188F36-6C6C-4D0F-B94D-7581602753BC","286F26C7-E6FD-4CAF-8F84-DBC5D0FCF56F"
"288B77CB-D468-4C08-AD8B-27B56066A15A","C1188F36-6C6C-4D0F-B94D-7581602753BC","3F9CB456-EE54-40A8-AC6F-B5E6C13BA464"
"288B77CB-D468-4C08-AD8B-27B56066A15A","C1188F36-6C6C-4D0F-B94D-7581602753BC","63A7E942-3120-4BC8-95D6-441A085D0AB6"
"288B77CB-D468-4C08-AD8B-27B56066A15A","C1188F36-6C6C-4D0F-B94D-7581602753BC","792873C1-2921-41F1-A43F-06B75DF11EA3"
"288B77CB-D468-4C08-AD8B-27B56066A15A","C1188F36-6C6C-4D0F-B94D-7581602753BC","B40FF4EB-73EB-42C8-A451-65629B12FCE0"
"CA5A6E1E-418F-4C08-BF3E-4C9E4E7F7985","C137C982-34E4-4079-B2D7-25D94581D81D","064C77B1-679F-41A3-9124-DED93E47C2EB"
"CA5A6E1E-418F-4C08-BF3E-4C9E4E7F7985","C137C982-34E4-4079-B2D7-25D94581D81D","58d554b3-d2cd-4f9f-9101-499280f97f87"
"CA5A6E1E-418F-4C08-BF3E-4C9E4E7F7985","C137C982-34E4-4079-B2D7-25D94581D81D","BF9C2131-D75B-4A33-B39C-FE5844FE658B"
"CA5A6E1E-418F-4C08-BF3E-4C9E4E7F7985","C137C982-34E4-4079-B2D7-25D94581D81D","D8F1CB4F-EF54-41A4-A0F8-532AEB4C29A1"
"5C9AF27E-D0D9-4E49-8124-94C27B01BA29","C14EDDE5-AF7D-4DFA-89CA-1D8D3A0604A7","5BE2F0A4-33C9-4C6C-A763-924CD968BD11"
"5C9AF27E-D0D9-4E49-8124-94C27B01BA29","C14EDDE5-AF7D-4DFA-89CA-1D8D3A0604A7","A4B13FBE-60DA-4E1E-806E-08F556EE7DFA"
"D6DAD881-94DC-44FD-924A-900DEEF467AB","C1B76050-3CB1-40F2-9C93-00448A63CDEA","be877282-39b6-43e6-9b7e-3486fb598b21"
"D6DAD881-94DC-44FD-924A-900DEEF467AB","C1B76050-3CB1-40F2-9C93-00448A63CDEA","F7DFE646-C81A-4914-8135-76AED8A20F81"
"1134A0D1-46E4-4257-99B2-C0A1EC282007","C1F6F71F-3641-4B4D-AC53-C6A36472D409","0BDC542A-0108-40C0-92D1-B1BE5A18C242"
"1134A0D1-46E4-4257-99B2-C0A1EC282007","C1F6F71F-3641-4B4D-AC53-C6A36472D409","2A48D56D-446C-49AF-B620-AE4D0A731E45"
"1134A0D1-46E4-4257-99B2-C0A1EC282007","C1F6F71F-3641-4B4D-AC53-C6A36472D409","3E0F5F2D-9A93-4E72-9A45-BC31F9D9434B"
"1134A0D1-46E4-4257-99B2-C0A1EC282007","C1F6F71F-3641-4B4D-AC53-C6A36472D409","40E81D00-1D88-44DB-9418-3FCCBAB613AA"
"1134A0D1-46E4-4257-99B2-C0A1EC282007","C1F6F71F-3641-4B4D-AC53-C6A36472D409","86C0E926-F6F2-40B6-83EF-4CCB4A708B7D"
"1134A0D1-46E4-4257-99B2-C0A1EC282007","C1F6F71F-3641-4B4D-AC53-C6A36472D409","8DF5E400-D43C-48D2-BD19-A1C317027E45"
"1134A0D1-46E4-4257-99B2-C0A1EC282007","C1F6F71F-3641-4B4D-AC53-C6A36472D409","B8B3F85E-D3E2-420C-8555-D9D2B51523BF"
"1134A0D1-46E4-4257-99B2-C0A1EC282007","C1F6F71F-3641-4B4D-AC53-C6A36472D409","BF492278-7D4D-40A4-B8F9-994A9992D4FE"
"1134A0D1-46E4-4257-99B2-C0A1EC282007","C1F6F71F-3641-4B4D-AC53-C6A36472D409","D9298768-6B41-40EC-9319-524A88606438"
"08604E5D-7182-4C1F-B3EA-44FEC2F5E25A","C232A280-31B2-4798-85C9-348DB302CDDB","6743AB5A-B129-47F6-BD51-FA1CB087F1CE"
"08604E5D-7182-4C1F-B3EA-44FEC2F5E25A","C232A280-31B2-4798-85C9-348DB302CDDB","83CB2F27-D311-4D3F-A0A8-6B7269371A2A"
"08604E5D-7182-4C1F-B3EA-44FEC2F5E25A","C232A280-31B2-4798-85C9-348DB302CDDB","B07CD47C-92D1-41F2-B2D4-2AC0DEAF30F6"
"08604E5D-7182-4C1F-B3EA-44FEC2F5E25A","C232A280-31B2-4798-85C9-348DB302CDDB","B3D5DDF3-B4B6-4CD7-8673-8415A7C56510"
"A66E7184-E9B4-4CD3-80B3-461E4F50DDFF","C25EE7E0-1317-4EA7-960E-EFB42E825314","0DD9DA45-0A5F-46BD-9040-D6453FD66E5C"
"A66E7184-E9B4-4CD3-80B3-461E4F50DDFF","C25EE7E0-1317-4EA7-960E-EFB42E825314","226CA836-5F40-422E-8102-FEFEF60863AD"
"A66E7184-E9B4-4CD3-80B3-461E4F50DDFF","C25EE7E0-1317-4EA7-960E-EFB42E825314","389BC4D0-2A54-4BE6-A86B-9CBA490B6F8C"
"A66E7184-E9B4-4CD3-80B3-461E4F50DDFF","C25EE7E0-1317-4EA7-960E-EFB42E825314","5d7fb2e9-83c3-4520-8ac4-546d2465d67e"
"A66E7184-E9B4-4CD3-80B3-461E4F50DDFF","C25EE7E0-1317-4EA7-960E-EFB42E825314","9a7b6c9e-2509-4bf4-bc5f-13a699433f70"
"A66E7184-E9B4-4CD3-80B3-461E4F50DDFF","C25EE7E0-1317-4EA7-960E-EFB42E825314","9D34388E-6871-4379-A276-6E59C670A9F7"
"A66E7184-E9B4-4CD3-80B3-461E4F50DDFF","C25EE7E0-1317-4EA7-960E-EFB42E825314","C2C4ACB6-A010-434B-BEDD-6EDF8541F36B"
"2CA1A967-5DA3-44AA-A8E7-F17F2BDADBFE","C27E92E9-7DC9-4113-89AD-AF55A0F82233","22793FAD-3F3F-4C92-AC33-89052C1FE13E"
"2CA1A967-5DA3-44AA-A8E7-F17F2BDADBFE","C27E92E9-7DC9-4113-89AD-AF55A0F82233","2E7334BF-EC99-4A7C-8767-E97C4B1625B0"
"2CA1A967-5DA3-44AA-A8E7-F17F2BDADBFE","C27E92E9-7DC9-4113-89AD-AF55A0F82233","5DDB0E5F-90ED-4088-B8DF-AC2C36307B27"
"2CA1A967-5DA3-44AA-A8E7-F17F2BDADBFE","C27E92E9-7DC9-4113-89AD-AF55A0F82233","6FCBFD7D-FDEC-4FEE-B07A-E3A07131677C"
"2CA1A967-5DA3-44AA-A8E7-F17F2BDADBFE","C27E92E9-7DC9-4113-89AD-AF55A0F82233","88D76766-360E-4BDB-BE61-45DF6398F02B"
"E1E6C635-533B-4994-9B8B-5B004BFE9C9F","C2D2032D-3178-46CD-BB6B-B5338571F185","234FCA0E-EB40-4F8E-B610-523060DF329D"
"C0328563-76D6-4D66-87DB-C012D9791CDF","C3078F7F-F030-4A1C-AC7E-AC8A209ED9F4","06170379-A0C3-4788-830B-91A492480C18"
"C0328563-76D6-4D66-87DB-C012D9791CDF","C3078F7F-F030-4A1C-AC7E-AC8A209ED9F4","631D33B1-0A2C-4EDB-A9C5-A091A9C2216C"
"C0328563-76D6-4D66-87DB-C012D9791CDF","C3078F7F-F030-4A1C-AC7E-AC8A209ED9F4","80EF4503-37B1-4467-8FDA-9EF9CE1B7772"
"C0328563-76D6-4D66-87DB-C012D9791CDF","C3078F7F-F030-4A1C-AC7E-AC8A209ED9F4","F3BF3830-E108-4D59-A165-12AB75068E5C"
"DF6BEB23-E2C4-4497-A0B3-121C6A4E8FC3","C34169AD-2871-4072-9033-CB22863079F4","697F63A8-1C54-43C8-87E3-8C0825522FB8"
"DF6BEB23-E2C4-4497-A0B3-121C6A4E8FC3","C34169AD-2871-4072-9033-CB22863079F4","DA765522-8F63-418E-9154-BBF04A359D54"
"DF6BEB23-E2C4-4497-A0B3-121C6A4E8FC3","C34169AD-2871-4072-9033-CB22863079F4","DD771595-A745-4DF0-8E80-BF69DC7EBB82"
"876BAC69-F98F-4F4D-8D51-BEF1E65451B1","C3845C7F-CDDE-44D0-BD77-137BE74B0F66","7122E3B5-2412-4A62-AF1C-0DFFE2F89BA2"
"876BAC69-F98F-4F4D-8D51-BEF1E65451B1","C3845C7F-CDDE-44D0-BD77-137BE74B0F66","B38421B3-CFAC-4A70-BB1C-973B6B7FFBE3"
"6BDE9A41-E32A-4831-862D-A5C198A453F2","C3D5241E-1693-4467-9A29-06955DD9ABD0","3896BFCE-CE3F-4824-B406-21304DEE3757"
"6BDE9A41-E32A-4831-862D-A5C198A453F2","C3D5241E-1693-4467-9A29-06955DD9ABD0","5C110D0B-EEF3-448C-B43C-8A7FE2559664"
"7D9044F1-64A0-4170-AE93-0B53E2E0439A","C3FA0A55-B78D-415B-9C3C-5A05EBC3A93D","CEA5E774-600D-4F92-A7D4-CFE38C203A75"
"4D3F5FF5-89FF-4A38-86D7-08B32B5543EF","C45C0B3C-6F89-4E0A-940E-6B3EE7E4CB14","06A956BF-F149-40F4-A7D5-A8EF1706321D"
"4D3F5FF5-89FF-4A38-86D7-08B32B5543EF","C45C0B3C-6F89-4E0A-940E-6B3EE7E4CB14","38ABEDCF-FE92-422D-93F1-08865C12C22D"
"4D3F5FF5-89FF-4A38-86D7-08B32B5543EF","C45C0B3C-6F89-4E0A-940E-6B3EE7E4CB14","65B57B1D-F467-4C49-8520-E860241B3A81"
"4D3F5FF5-89FF-4A38-86D7-08B32B5543EF","C45C0B3C-6F89-4E0A-940E-6B3EE7E4CB14","7BB359B0-A28F-4D55-BD68-C3294E18D956"
"4D3F5FF5-89FF-4A38-86D7-08B32B5543EF","C45C0B3C-6F89-4E0A-940E-6B3EE7E4CB14","AC45F34F-C427-4FD4-8B3F-E5D97A356FB6"
"4D3F5FF5-89FF-4A38-86D7-08B32B5543EF","C45C0B3C-6F89-4E0A-940E-6B3EE7E4CB14","AF839C69-9919-4ED3-A720-32C9540BED1F"
"4D3F5FF5-89FF-4A38-86D7-08B32B5543EF","C45C0B3C-6F89-4E0A-940E-6B3EE7E4CB14","C4F1749D-20B9-4FA2-B1B4-F13D3A385A23"
"7A7BA3F3-BACB-4E3F-A5BB-393A2565C0F4","C4A1A4B5-318D-4EFD-AF3E-AAC96DA5ED2B","17CD3C79-7AAE-42B2-8F64-FE6A8D9BD931"
"7A7BA3F3-BACB-4E3F-A5BB-393A2565C0F4","C4A1A4B5-318D-4EFD-AF3E-AAC96DA5ED2B","25F47C16-E184-4AE0-98C0-DE476B1EA261"
"7A7BA3F3-BACB-4E3F-A5BB-393A2565C0F4","C4A1A4B5-318D-4EFD-AF3E-AAC96DA5ED2B","34c0725d-859a-40af-a871-a324308ec569"
"7A7BA3F3-BACB-4E3F-A5BB-393A2565C0F4","C4A1A4B5-318D-4EFD-AF3E-AAC96DA5ED2B","4B771DBB-78D0-456F-9568-121C78250DA8"
"7A7BA3F3-BACB-4E3F-A5BB-393A2565C0F4","C4A1A4B5-318D-4EFD-AF3E-AAC96DA5ED2B","54860fd1-f809-403d-baa5-dc00f367556c"
"7A7BA3F3-BACB-4E3F-A5BB-393A2565C0F4","C4A1A4B5-318D-4EFD-AF3E-AAC96DA5ED2B","575ab334-f0a8-4ee6-ab28-9cd465e9f3f9"
"7A7BA3F3-BACB-4E3F-A5BB-393A2565C0F4","C4A1A4B5-318D-4EFD-AF3E-AAC96DA5ED2B","5b5c50d6-fe2f-4461-8c71-f2baa91a2bb3"
"7A7BA3F3-BACB-4E3F-A5BB-393A2565C0F4","C4A1A4B5-318D-4EFD-AF3E-AAC96DA5ED2B","5B84A78A-EC0F-4FB3-A1F6-645F0D9116B5"
"7A7BA3F3-BACB-4E3F-A5BB-393A2565C0F4","C4A1A4B5-318D-4EFD-AF3E-AAC96DA5ED2B","6db2e48c-034b-4238-9582-97642e05cb87"
"7A7BA3F3-BACB-4E3F-A5BB-393A2565C0F4","C4A1A4B5-318D-4EFD-AF3E-AAC96DA5ED2B","78279c03-cf5d-440b-9b0a-28bec4fc3fe0"
"7A7BA3F3-BACB-4E3F-A5BB-393A2565C0F4","C4A1A4B5-318D-4EFD-AF3E-AAC96DA5ED2B","7E231715-6DC0-4FFA-878D-4B36EAC28888"
"7A7BA3F3-BACB-4E3F-A5BB-393A2565C0F4","C4A1A4B5-318D-4EFD-AF3E-AAC96DA5ED2B","8247bb6e-502a-4b46-8360-f6446fe803f5"
"7A7BA3F3-BACB-4E3F-A5BB-393A2565C0F4","C4A1A4B5-318D-4EFD-AF3E-AAC96DA5ED2B","82A3CF0C-17BB-41FB-ADB8-4231D62BBF49"
"7A7BA3F3-BACB-4E3F-A5BB-393A2565C0F4","C4A1A4B5-318D-4EFD-AF3E-AAC96DA5ED2B","95E2B2B6-1B05-4852-8848-859303CAC552"
"7A7BA3F3-BACB-4E3F-A5BB-393A2565C0F4","C4A1A4B5-318D-4EFD-AF3E-AAC96DA5ED2B","960EFAAD-6FF1-4D9D-B4B9-7FF983740B89"
"7A7BA3F3-BACB-4E3F-A5BB-393A2565C0F4","C4A1A4B5-318D-4EFD-AF3E-AAC96DA5ED2B","A4A0A9FD-D21F-42C2-B77C-6FDEAA191BE3"
"7A7BA3F3-BACB-4E3F-A5BB-393A2565C0F4","C4A1A4B5-318D-4EFD-AF3E-AAC96DA5ED2B","A69D7549-759B-411F-A381-6DA99BDF9561"
"7A7BA3F3-BACB-4E3F-A5BB-393A2565C0F4","C4A1A4B5-318D-4EFD-AF3E-AAC96DA5ED2B","A6C49AE7-6592-44F0-982F-2FA8FD4B3525"
"7A7BA3F3-BACB-4E3F-A5BB-393A2565C0F4","C4A1A4B5-318D-4EFD-AF3E-AAC96DA5ED2B","AD38503D-FE05-47F4-BB60-B72D9AB49178"
"7A7BA3F3-BACB-4E3F-A5BB-393A2565C0F4","C4A1A4B5-318D-4EFD-AF3E-AAC96DA5ED2B","BB987266-7CEB-4500-910B-E092D1516122"
"7A7BA3F3-BACB-4E3F-A5BB-393A2565C0F4","C4A1A4B5-318D-4EFD-AF3E-AAC96DA5ED2B","bf848635-a558-477c-b04f-7474c922f5f7"
"7A7BA3F3-BACB-4E3F-A5BB-393A2565C0F4","C4A1A4B5-318D-4EFD-AF3E-AAC96DA5ED2B","C0B0FAC4-04B0-48B3-AE0B-9F563B35B386"
"7A7BA3F3-BACB-4E3F-A5BB-393A2565C0F4","C4A1A4B5-318D-4EFD-AF3E-AAC96DA5ED2B","CBBBE9CB-D2E0-41E4-ABE5-57453CB3D7EE"
"7A7BA3F3-BACB-4E3F-A5BB-393A2565C0F4","C4A1A4B5-318D-4EFD-AF3E-AAC96DA5ED2B","CD002821-3E6A-4869-B90B-E41C9FCBD6FE"
"7A7BA3F3-BACB-4E3F-A5BB-393A2565C0F4","C4A1A4B5-318D-4EFD-AF3E-AAC96DA5ED2B","d890c7b4-c639-493d-8c68-4f4cc2638a85"
"7A7BA3F3-BACB-4E3F-A5BB-393A2565C0F4","C4A1A4B5-318D-4EFD-AF3E-AAC96DA5ED2B","e151f9be-b31a-441f-8260-56be3e0d34df"
"7A7BA3F3-BACB-4E3F-A5BB-393A2565C0F4","C4A1A4B5-318D-4EFD-AF3E-AAC96DA5ED2B","e2fefea9-3fc3-4e1a-8749-3694f0f5b5c8"
"7A7BA3F3-BACB-4E3F-A5BB-393A2565C0F4","C4A1A4B5-318D-4EFD-AF3E-AAC96DA5ED2B","EFDF720B-6DDA-4AC0-9219-3C354A7B21E8"
"7A7BA3F3-BACB-4E3F-A5BB-393A2565C0F4","C4A1A4B5-318D-4EFD-AF3E-AAC96DA5ED2B","F47DBCB4-12DA-455C-8AA9-C6F81B17381D"
"7A7BA3F3-BACB-4E3F-A5BB-393A2565C0F4","C4A1A4B5-318D-4EFD-AF3E-AAC96DA5ED2B","F9E0051F-842B-4F70-ABAA-70EBB5A31D12"
"7A7BA3F3-BACB-4E3F-A5BB-393A2565C0F4","C4A1A4B5-318D-4EFD-AF3E-AAC96DA5ED2B","FCEE2980-B92E-43BE-984D-A2C844673954"
"7A7BA3F3-BACB-4E3F-A5BB-393A2565C0F4","C4A1A4B5-318D-4EFD-AF3E-AAC96DA5ED2B","fff2d924-10a6-4443-a01c-b93de60647bd"
"BC862F8F-4B4E-4A6E-B477-9FA2EA4B72C4","C4B5CB68-E5F9-46F6-832C-55D740F12A4D","04BFDB57-B187-4230-BCBC-81582F0BFF05"
"BC862F8F-4B4E-4A6E-B477-9FA2EA4B72C4","C4B5CB68-E5F9-46F6-832C-55D740F12A4D","0D4EBFF1-0AB3-4212-9AF4-0DFADAB92634"
"BC862F8F-4B4E-4A6E-B477-9FA2EA4B72C4","C4B5CB68-E5F9-46F6-832C-55D740F12A4D","25241B9C-B7AD-41BC-B741-E0C451A91198"
"BC862F8F-4B4E-4A6E-B477-9FA2EA4B72C4","C4B5CB68-E5F9-46F6-832C-55D740F12A4D","3E644ADA-B458-4AE5-9A1B-28AF9196DB6C"
"BC862F8F-4B4E-4A6E-B477-9FA2EA4B72C4","C4B5CB68-E5F9-46F6-832C-55D740F12A4D","67D8F35C-CF19-4888-883B-170F7FE20BCC"
"BC862F8F-4B4E-4A6E-B477-9FA2EA4B72C4","C4B5CB68-E5F9-46F6-832C-55D740F12A4D","6D0CC50B-A9F8-492A-918B-EE7DDFCF73E3"
"BC862F8F-4B4E-4A6E-B477-9FA2EA4B72C4","C4B5CB68-E5F9-46F6-832C-55D740F12A4D","73395D41-6C9D-43C8-919F-BFF6951C9944"
"BC862F8F-4B4E-4A6E-B477-9FA2EA4B72C4","C4B5CB68-E5F9-46F6-832C-55D740F12A4D","7FD83DD8-23C4-4665-B823-63A9BCE083AC"
"BC862F8F-4B4E-4A6E-B477-9FA2EA4B72C4","C4B5CB68-E5F9-46F6-832C-55D740F12A4D","94EEE47E-54D8-4EE8-B43C-4D4A1C58ACC2"
"BC862F8F-4B4E-4A6E-B477-9FA2EA4B72C4","C4B5CB68-E5F9-46F6-832C-55D740F12A4D","A9315FBD-DA76-4BAF-A135-A243402B67FC"
"BC862F8F-4B4E-4A6E-B477-9FA2EA4B72C4","C4B5CB68-E5F9-46F6-832C-55D740F12A4D","B3A48B3E-88C3-427A-AC06-14475B8BB702"
"BC862F8F-4B4E-4A6E-B477-9FA2EA4B72C4","C4B5CB68-E5F9-46F6-832C-55D740F12A4D","B829DEBF-2B8E-4377-BFA8-42BD5F766344"
"6E2BD57A-F9AE-43CE-8B5A-CEA0DFD357DE","C4B6AE3D-5093-4076-BBE4-7963973324AB","5AD47882-7203-4963-87D9-CE999D08B74D"
"A2AA437A-3252-4CB6-B3F9-B92DFA32AE56","209CF543-C4B6-412E-9EDC-4ADC4EEEFFAF","b780467e-6676-4f1f-9d37-79f12476ee00"
"A2AA437A-3252-4CB6-B3F9-B92DFA32AE56","209CF543-C4B6-412E-9EDC-4ADC4EEEFFAF","BC2808A6-3306-4175-AE6A-F7EB9B2A7691"
"A2AA437A-3252-4CB6-B3F9-B92DFA32AE56","209CF543-C4B6-412E-9EDC-4ADC4EEEFFAF","D05AE3DF-E9C0-4352-99CE-A2BA96263A5A"
"A2AA437A-3252-4CB6-B3F9-B92DFA32AE56","209CF543-C4B6-412E-9EDC-4ADC4EEEFFAF","D2AD33BB-2198-4893-B117-614431BE9095"
"A2AA437A-3252-4CB6-B3F9-B92DFA32AE56","209CF543-C4B6-412E-9EDC-4ADC4EEEFFAF","D3D84B3D-BEF8-4895-9ECD-37ECC55B6F24"
"A2AA437A-3252-4CB6-B3F9-B92DFA32AE56","209CF543-C4B6-412E-9EDC-4ADC4EEEFFAF","D60272D2-8179-4703-9147-634B2D4FBBDF"
"A2AA437A-3252-4CB6-B3F9-B92DFA32AE56","209CF543-C4B6-412E-9EDC-4ADC4EEEFFAF","EA861153-E892-4A57-9CA3-EEF55B475FB4"
"A2AA437A-3252-4CB6-B3F9-B92DFA32AE56","209CF543-C4B6-412E-9EDC-4ADC4EEEFFAF","F22063A3-D179-4FA8-BF68-A884E792F5B6"
"A2AA437A-3252-4CB6-B3F9-B92DFA32AE56","209CF543-C4B6-412E-9EDC-4ADC4EEEFFAF","FC66A07B-1282-4472-A429-1BE6F5465287"
"124D5EB2-A8FD-4201-A23B-1E415307748C","2118070A-ED97-4E32-8CB0-08EE94FC69A8","1BC00735-6960-4188-A68B-4FA65BDE010C"
"124D5EB2-A8FD-4201-A23B-1E415307748C","2118070A-ED97-4E32-8CB0-08EE94FC69A8","87774C5E-6107-4473-A469-12D9D986BC52"
"124D5EB2-A8FD-4201-A23B-1E415307748C","2118070A-ED97-4E32-8CB0-08EE94FC69A8","D073925A-B420-4154-B892-861AA1512ED4"
"D3D47B39-0E7C-4668-B9A7-6AC1712005C9","214A1BCE-8DCC-430B-ACC0-700549A321CE","429abb0f-8370-4149-8025-00ce6b11f130"
"D3D47B39-0E7C-4668-B9A7-6AC1712005C9","214A1BCE-8DCC-430B-ACC0-700549A321CE","922FA21F-C597-4DB1-9FE6-C879A2855C0D"
"FB8E913A-0A17-4C09-B45D-C068E3EC9920","21A7EA73-C1FA-499D-92F1-831AFDE3A3B5","83B2FCBE-DBBA-4E21-BA99-09D7375E56E9"
"FB8E913A-0A17-4C09-B45D-C068E3EC9920","21A7EA73-C1FA-499D-92F1-831AFDE3A3B5","AF155498-BFBA-418F-A0E7-D34EE50AFE54"
"A69711FD-02D2-46F3-B879-5C113A5D7E9C","2206C3D7-DA26-4DD2-9D5B-335B5F8F24D8","21EC3B61-C0C4-4270-855B-9998BD09C574"
"A69711FD-02D2-46F3-B879-5C113A5D7E9C","2206C3D7-DA26-4DD2-9D5B-335B5F8F24D8","3456D2B2-CB42-481D-B322-E787B60B5D63"
"A69711FD-02D2-46F3-B879-5C113A5D7E9C","2206C3D7-DA26-4DD2-9D5B-335B5F8F24D8","457B805A-9748-4D68-B02F-4BC4A05E2FCD"
"A69711FD-02D2-46F3-B879-5C113A5D7E9C","2206C3D7-DA26-4DD2-9D5B-335B5F8F24D8","68380114-9B9B-49B0-8B73-1B12FB0468C4"
"A69711FD-02D2-46F3-B879-5C113A5D7E9C","2206C3D7-DA26-4DD2-9D5B-335B5F8F24D8","703D4488-72DA-4886-99A9-81B537DF6654"
"A69711FD-02D2-46F3-B879-5C113A5D7E9C","2206C3D7-DA26-4DD2-9D5B-335B5F8F24D8","9E133F50-0E66-4D2A-9EE0-A75A188D5F71"
"A69711FD-02D2-46F3-B879-5C113A5D7E9C","2206C3D7-DA26-4DD2-9D5B-335B5F8F24D8","BA7F0183-6FFA-47ED-B56A-67EA01E31456"
"A69711FD-02D2-46F3-B879-5C113A5D7E9C","2206C3D7-DA26-4DD2-9D5B-335B5F8F24D8","BCFBE496-B0EB-430E-B7B8-127270FC14F3"
"978AF9E1-CA1E-4C47-8B64-011F286764B0","220D7BB8-D920-4F38-86A4-F7E0FFB87588","D0948D78-8467-48FF-A3AC-586F1A53DD72"
"978AF9E1-CA1E-4C47-8B64-011F286764B0","220D7BB8-D920-4F38-86A4-F7E0FFB87588","E89990FF-7011-4379-BD15-83B3B7CBADD0"
"978AF9E1-CA1E-4C47-8B64-011F286764B0","220D7BB8-D920-4F38-86A4-F7E0FFB87588","F1B404B7-82AA-43B0-B795-A4CFF5187587"
"5D3CD2ED-8353-4B67-81B6-F5FB8DC0779E","22192EC8-D9AC-404C-93AF-09EAC6367BCD","C6802BA0-49D6-4C4C-A963-953FFA3FCBF9"
"418DF715-BD9E-415C-BE17-FB60C1B2BAE3","2235C144-21EC-4CDF-8F88-814AF97A29EC","7A5FEDD2-A1A0-42E3-B2B8-276F3DE3C15A"
"418DF715-BD9E-415C-BE17-FB60C1B2BAE3","2235C144-21EC-4CDF-8F88-814AF97A29EC","85C4DF24-8D1F-478C-B6EC-9FB97D2E1FD5"
"7D96DB0D-9B8C-468A-B823-C847DB52BA32","22A8A40B-B91D-4EDF-96E6-05824309789A","3FB586E6-424B-44A3-B1D3-D455BBD438E7"
"7D96DB0D-9B8C-468A-B823-C847DB52BA32","22A8A40B-B91D-4EDF-96E6-05824309789A","D54D19D8-BA66-4E18-AB39-CFACE31E4333"
"4561C922-F6D8-4D4F-A1A7-5BB7200AF0DD","22C9551C-4A87-42AE-A12D-1B38497044F6","4CE6FA33-00E4-4B09-AC5A-C7FA7307078D"
"2D5B4A9B-21F3-4653-AFAF-ED6A7634E8E1","22D8C9E1-ED80-4E0C-9584-6D1DCD776556","3E17D2D2-5B2B-446E-8486-1EA82C053A89"
"C9D1A971-C735-47BE-BC9C-0FA2AB0E0093","2370F9A7-635A-4194-8790-CE88355AEEBB","C6C2A092-EC1D-4FF9-9377-319E8CD4BE02"
"C9D1A971-C735-47BE-BC9C-0FA2AB0E0093","2370F9A7-635A-4194-8790-CE88355AEEBB","D9E2EAB4-0489-4FAF-BA2D-6226F191CAAA"
"C42E235E-EAE2-4312-B820-101ED4BBB7A8","23F9F750-C4DF-4F55-BF56-50097B768C95","991FF035-B213-40CB-8629-C1CE007CB222"
"PER","243F87C0DA70FD367C5B6F98FD71DF2DE69A","521e25bc-b89b-4b6a-b152-95c9231bb9ed"
"31BF5E42-E06D-46DF-BE20-FB84637EC590","247FAF82-B46D-4AE1-86D8-84E404918DF7","87E585C9-9AEF-4C3D-9E57-4A7227A40E8F"
"31BF5E42-E06D-46DF-BE20-FB84637EC590","247FAF82-B46D-4AE1-86D8-84E404918DF7","EE312F5C-2319-4EB9-B748-331BB2357336"
"7849CB96-E244-4EF7-A3D9-8738A4C93C4E","24A7FD8E-A92C-4859-A5B8-A72F1BCFF7FD","0D0F0E42-6BC4-43C4-BBB0-2A4085FA7B37"
"7849CB96-E244-4EF7-A3D9-8738A4C93C4E","24A7FD8E-A92C-4859-A5B8-A72F1BCFF7FD","C353106A-D172-4759-BF41-68BD02CC94C1"
"BBCHStadium","24DB019C81A6235FA1C7E013E022DE7F9524","cf877424-14ab-49ad-aefc-7db01dc9336b"
"19B6AE56-C604-4800-A1B0-68671B55FB2A","24E73442-D272-47B7-B167-E319B93B5674","3cd76682-76f8-4ddb-b6d9-1a3ab9aca20b"
"19B6AE56-C604-4800-A1B0-68671B55FB2A","24E73442-D272-47B7-B167-E319B93B5674","730e3274-71ce-47fb-a287-f6892c108c10"
"E269FC38-9E07-4F87-9ED6-7E2D526FE80B","253FF4EB-2296-4637-8776-A78E2E6CE65B","409730D3-E000-4A36-8CC7-DD8186D57E5D"
"E269FC38-9E07-4F87-9ED6-7E2D526FE80B","253FF4EB-2296-4637-8776-A78E2E6CE65B","CECA3FA3-0B48-4F32-9710-2836E33B9C8A"
"43CE38FC-EA2C-434B-9DC0-B1057CE667AE","25CB00D7-2032-4920-88D5-93DB9C4365BE","16C1C5E7-79B3-421B-9CA2-4E1F7811553C"
"9E76D7E3-1C34-4251-B08F-14D534498CC2","25D80A90-F742-4E6D-B100-94B3E48DC74A","04155933-3727-4339-95AA-13857BB7A177"
"0265006B-714F-4F7C-BF91-83F16D4DC82D","25E13224-BCBA-42C0-AF86-45C7F12AD70D","06773e88-cc8a-43d8-8e9e-f30326c78115"
"0265006B-714F-4F7C-BF91-83F16D4DC82D","25E13224-BCBA-42C0-AF86-45C7F12AD70D","078B441D-FC24-4ED9-9D6F-A20DB8B93A6C"
"0265006B-714F-4F7C-BF91-83F16D4DC82D","25E13224-BCBA-42C0-AF86-45C7F12AD70D","07BC94E3-86C9-4843-B6B5-67DD5439AB6A"
"0265006B-714F-4F7C-BF91-83F16D4DC82D","25E13224-BCBA-42C0-AF86-45C7F12AD70D","0A8AFEE9-BB37-4135-B4F5-16E074F6C6AB"
"0265006B-714F-4F7C-BF91-83F16D4DC82D","25E13224-BCBA-42C0-AF86-45C7F12AD70D","0B4D08C9-2A60-4164-AFC4-B36210E57CE7"
"0265006B-714F-4F7C-BF91-83F16D4DC82D","25E13224-BCBA-42C0-AF86-45C7F12AD70D","0c053f68-741c-4655-a8be-b491b11d7183"
"0265006B-714F-4F7C-BF91-83F16D4DC82D","25E13224-BCBA-42C0-AF86-45C7F12AD70D","0E07AEFF-51B5-4C9F-9C98-2053C8B02A0D"
"0265006B-714F-4F7C-BF91-83F16D4DC82D","25E13224-BCBA-42C0-AF86-45C7F12AD70D","117AD901-A843-4485-B2F8-C15EE815A4D2"
"0265006B-714F-4F7C-BF91-83F16D4DC82D","25E13224-BCBA-42C0-AF86-45C7F12AD70D","13F65FD9-C0DD-4C43-BC19-206BD17232AB"
"0265006B-714F-4F7C-BF91-83F16D4DC82D","25E13224-BCBA-42C0-AF86-45C7F12AD70D","16bde559-bd4a-4a1d-8ccd-f74658c13194"
"0265006B-714F-4F7C-BF91-83F16D4DC82D","25E13224-BCBA-42C0-AF86-45C7F12AD70D","17CE1DDF-8E35-4174-9A61-F676C3DAF4DC"
"0265006B-714F-4F7C-BF91-83F16D4DC82D","25E13224-BCBA-42C0-AF86-45C7F12AD70D","1893A304-D85A-493F-9DFE-212DC6BD6C0C"
"0265006B-714F-4F7C-BF91-83F16D4DC82D","25E13224-BCBA-42C0-AF86-45C7F12AD70D","1DADB989-F4CD-4033-AD54-8FBF4951C747"
"0265006B-714F-4F7C-BF91-83F16D4DC82D","25E13224-BCBA-42C0-AF86-45C7F12AD70D","1F47B190-4E9B-46BE-B94A-4B9D265BC46F"
"0265006B-714F-4F7C-BF91-83F16D4DC82D","25E13224-BCBA-42C0-AF86-45C7F12AD70D","201A77D6-22E5-4D77-A8FC-BFDF337499FE"
"0265006B-714F-4F7C-BF91-83F16D4DC82D","25E13224-BCBA-42C0-AF86-45C7F12AD70D","20C5AA4E-034C-48B6-8DE5-B8B55FAD2668"
"0265006B-714F-4F7C-BF91-83F16D4DC82D","25E13224-BCBA-42C0-AF86-45C7F12AD70D","2113AF8B-5B5E-4877-8ED8-ADAB3D17CFDA"
"0265006B-714F-4F7C-BF91-83F16D4DC82D","25E13224-BCBA-42C0-AF86-45C7F12AD70D","239281D2-2D0E-49CA-BB4B-097419B46505"
"0265006B-714F-4F7C-BF91-83F16D4DC82D","25E13224-BCBA-42C0-AF86-45C7F12AD70D","246F2FC6-B756-4ACF-8B12-53A070EB949B"
"0265006B-714F-4F7C-BF91-83F16D4DC82D","25E13224-BCBA-42C0-AF86-45C7F12AD70D","262BA45C-83D9-4957-87C3-4747942F4132"
"0265006B-714F-4F7C-BF91-83F16D4DC82D","25E13224-BCBA-42C0-AF86-45C7F12AD70D","29F38483-0F3C-41AF-8BF3-868C48EC42F5"
"0265006B-714F-4F7C-BF91-83F16D4DC82D","25E13224-BCBA-42C0-AF86-45C7F12AD70D","2B6BBDA3-E51C-467A-A358-7C77B3F1F3E0"
"0265006B-714F-4F7C-BF91-83F16D4DC82D","25E13224-BCBA-42C0-AF86-45C7F12AD70D","330973B0-2540-4FF4-80DD-3E19D4649191"
"0265006B-714F-4F7C-BF91-83F16D4DC82D","25E13224-BCBA-42C0-AF86-45C7F12AD70D","332F822A-80F6-4A90-B208-B70C74AA109E"
"0265006B-714F-4F7C-BF91-83F16D4DC82D","25E13224-BCBA-42C0-AF86-45C7F12AD70D","33383FFC-06B1-4360-8D12-28DA05CE66D9"
"0265006B-714F-4F7C-BF91-83F16D4DC82D","25E13224-BCBA-42C0-AF86-45C7F12AD70D","335603BD-DE01-407A-9754-78D30AE285E2"
"0265006B-714F-4F7C-BF91-83F16D4DC82D","25E13224-BCBA-42C0-AF86-45C7F12AD70D","33BA2E81-FA4C-428E-9D61-452D2105CF36"
"0265006B-714F-4F7C-BF91-83F16D4DC82D","25E13224-BCBA-42C0-AF86-45C7F12AD70D","3472C4B2-E098-4D23-ACA6-4DE4D7E7E05C"
"0265006B-714F-4F7C-BF91-83F16D4DC82D","25E13224-BCBA-42C0-AF86-45C7F12AD70D","37DBDF73-BA8B-4D34-B70E-2F2DD66191C6"
"0265006B-714F-4F7C-BF91-83F16D4DC82D","25E13224-BCBA-42C0-AF86-45C7F12AD70D","439CAF64-BB67-492B-881E-46063647A450"
"0265006B-714F-4F7C-BF91-83F16D4DC82D","25E13224-BCBA-42C0-AF86-45C7F12AD70D","4AF1107C-6171-476F-ABD4-88BA6217CF2F"
"0265006B-714F-4F7C-BF91-83F16D4DC82D","25E13224-BCBA-42C0-AF86-45C7F12AD70D","4E6D54F9-F51F-462C-9DA2-8134F25428B4"
"0265006B-714F-4F7C-BF91-83F16D4DC82D","25E13224-BCBA-42C0-AF86-45C7F12AD70D","4EE99A72-CDFC-49EF-9844-F1ED0F7C342B"
"0265006B-714F-4F7C-BF91-83F16D4DC82D","25E13224-BCBA-42C0-AF86-45C7F12AD70D","534376D4-4CDF-4D79-BF78-BCC2D82D90BC"
"0265006B-714F-4F7C-BF91-83F16D4DC82D","25E13224-BCBA-42C0-AF86-45C7F12AD70D","53C7CFD7-E894-4067-AAF0-6B0962B5F9BD"
"0265006B-714F-4F7C-BF91-83F16D4DC82D","25E13224-BCBA-42C0-AF86-45C7F12AD70D","55A40125-E401-4B0E-B50F-4D38F630BE25"
"0265006B-714F-4F7C-BF91-83F16D4DC82D","25E13224-BCBA-42C0-AF86-45C7F12AD70D","5E6E70C3-F9BB-4D47-BC67-9F69FDFA0AE0"
"0265006B-714F-4F7C-BF91-83F16D4DC82D","25E13224-BCBA-42C0-AF86-45C7F12AD70D","5fd8ec6e-3817-45d7-84b4-437d66375b91"
"0265006B-714F-4F7C-BF91-83F16D4DC82D","25E13224-BCBA-42C0-AF86-45C7F12AD70D","6a2a2ca2-99e3-4815-bc52-1f6211c7c5de"
"0265006B-714F-4F7C-BF91-83F16D4DC82D","25E13224-BCBA-42C0-AF86-45C7F12AD70D","6BC7A1DC-0DAA-490B-87C8-FAEF9A4E169B"
"0265006B-714F-4F7C-BF91-83F16D4DC82D","25E13224-BCBA-42C0-AF86-45C7F12AD70D","6C1F0CE6-F98B-471C-B9F8-0F77D01525CD"
"0265006B-714F-4F7C-BF91-83F16D4DC82D","25E13224-BCBA-42C0-AF86-45C7F12AD70D","6CF83D7F-180F-4F28-A7C2-31568106E744"
"0265006B-714F-4F7C-BF91-83F16D4DC82D","25E13224-BCBA-42C0-AF86-45C7F12AD70D","726DC4DE-36C5-4FC6-AC39-88E0E642AB03"
"0265006B-714F-4F7C-BF91-83F16D4DC82D","25E13224-BCBA-42C0-AF86-45C7F12AD70D","72A0413C-1926-4536-B27B-03E77BDE5C2C"
"0265006B-714F-4F7C-BF91-83F16D4DC82D","25E13224-BCBA-42C0-AF86-45C7F12AD70D","780F9193-6376-489E-BEA1-E7947A8BF2F8"
"0265006B-714F-4F7C-BF91-83F16D4DC82D","25E13224-BCBA-42C0-AF86-45C7F12AD70D","7A48C826-75F9-4AD9-AA2C-2D2A141C31C1"
"0265006B-714F-4F7C-BF91-83F16D4DC82D","25E13224-BCBA-42C0-AF86-45C7F12AD70D","80B1EF86-BAE8-47FC-8DDF-7044D8895639"
"0265006B-714F-4F7C-BF91-83F16D4DC82D","25E13224-BCBA-42C0-AF86-45C7F12AD70D","826BA44E-2C67-49B6-8F24-0881E99324DC"
"0265006B-714F-4F7C-BF91-83F16D4DC82D","25E13224-BCBA-42C0-AF86-45C7F12AD70D","841C521D-887D-4C78-B0EA-FA89FDEDE81E"
"0265006B-714F-4F7C-BF91-83F16D4DC82D","25E13224-BCBA-42C0-AF86-45C7F12AD70D","8520D848-E8A8-4C62-8182-C169996C51AD"
"0265006B-714F-4F7C-BF91-83F16D4DC82D","25E13224-BCBA-42C0-AF86-45C7F12AD70D","8779813a-6ce3-488d-80bd-10b192b729d8"
"0265006B-714F-4F7C-BF91-83F16D4DC82D","25E13224-BCBA-42C0-AF86-45C7F12AD70D","8812D106-CD11-472D-815E-26004BAAC0DE"
"0265006B-714F-4F7C-BF91-83F16D4DC82D","25E13224-BCBA-42C0-AF86-45C7F12AD70D","8A84566D-022B-4496-9E05-B008AE64F333"
"0265006B-714F-4F7C-BF91-83F16D4DC82D","25E13224-BCBA-42C0-AF86-45C7F12AD70D","8E58BB30-F455-49D4-A002-82D68E1C44A6"
"0265006B-714F-4F7C-BF91-83F16D4DC82D","25E13224-BCBA-42C0-AF86-45C7F12AD70D","901F448C-671C-495E-9C77-19721DF9DE2D"
"0265006B-714F-4F7C-BF91-83F16D4DC82D","25E13224-BCBA-42C0-AF86-45C7F12AD70D","916D7E3F-06D6-4C25-AA87-C963B34E0A91"
"0265006B-714F-4F7C-BF91-83F16D4DC82D","25E13224-BCBA-42C0-AF86-45C7F12AD70D","93AA9415-A1AE-426A-96D2-B1C6EB78E7FE"
"0265006B-714F-4F7C-BF91-83F16D4DC82D","25E13224-BCBA-42C0-AF86-45C7F12AD70D","9AA4F4CF-5499-472C-BE13-95B8B5B95A82"
"0265006B-714F-4F7C-BF91-83F16D4DC82D","25E13224-BCBA-42C0-AF86-45C7F12AD70D","9B3C1C05-F629-49D3-BA0F-ED4B5BA66C5E"
"0265006B-714F-4F7C-BF91-83F16D4DC82D","25E13224-BCBA-42C0-AF86-45C7F12AD70D","A1AC0C30-4D3E-43A7-A5B0-D052F5EE4C35"
"0265006B-714F-4F7C-BF91-83F16D4DC82D","25E13224-BCBA-42C0-AF86-45C7F12AD70D","A358AACA-F831-461A-844F-935D7406F367"
"0265006B-714F-4F7C-BF91-83F16D4DC82D","25E13224-BCBA-42C0-AF86-45C7F12AD70D","A4B5D062-062F-425B-B5E8-2FBC92D55740"
"0265006B-714F-4F7C-BF91-83F16D4DC82D","25E13224-BCBA-42C0-AF86-45C7F12AD70D","A82AEE8D-E1B6-4A2E-866F-D8D8CC7A0FED"
"0265006B-714F-4F7C-BF91-83F16D4DC82D","25E13224-BCBA-42C0-AF86-45C7F12AD70D","AD7240F8-A9F8-48C7-9621-54C5B1521885"
"0265006B-714F-4F7C-BF91-83F16D4DC82D","25E13224-BCBA-42C0-AF86-45C7F12AD70D","b44586fc-78a6-43a7-ba9e-a658fa5ee7ff"
"0265006B-714F-4F7C-BF91-83F16D4DC82D","25E13224-BCBA-42C0-AF86-45C7F12AD70D","b4a35b86-b7c8-4e19-adf0-42cfd25efc66"
"0265006B-714F-4F7C-BF91-83F16D4DC82D","25E13224-BCBA-42C0-AF86-45C7F12AD70D","B5ED4573-02D8-4C0F-AA86-D985A383C893"
"0265006B-714F-4F7C-BF91-83F16D4DC82D","25E13224-BCBA-42C0-AF86-45C7F12AD70D","b9f3fab3-7e0c-45f4-b4f6-503c9583b627"
"0265006B-714F-4F7C-BF91-83F16D4DC82D","25E13224-BCBA-42C0-AF86-45C7F12AD70D","bcfb54c1-376e-4646-ae8f-0e05957ab951"
"0265006B-714F-4F7C-BF91-83F16D4DC82D","25E13224-BCBA-42C0-AF86-45C7F12AD70D","C2F8C4BD-C443-45E1-A072-1630796BD27A"
"0265006B-714F-4F7C-BF91-83F16D4DC82D","25E13224-BCBA-42C0-AF86-45C7F12AD70D","C3495563-6525-41E3-A289-54FA51FFFE2F"
"0265006B-714F-4F7C-BF91-83F16D4DC82D","25E13224-BCBA-42C0-AF86-45C7F12AD70D","C3C69283-F04B-4441-BA32-8FA2BAB1E78E"
"0265006B-714F-4F7C-BF91-83F16D4DC82D","25E13224-BCBA-42C0-AF86-45C7F12AD70D","c4da903c-8f67-4994-bdf8-77a5a8b5e864"
"0265006B-714F-4F7C-BF91-83F16D4DC82D","25E13224-BCBA-42C0-AF86-45C7F12AD70D","C633016E-F3E3-445B-8717-DE4FF21DEFA8"
"0265006B-714F-4F7C-BF91-83F16D4DC82D","25E13224-BCBA-42C0-AF86-45C7F12AD70D","C86A4B8D-E35E-442A-A075-1F4AB0A5F44E"
"0265006B-714F-4F7C-BF91-83F16D4DC82D","25E13224-BCBA-42C0-AF86-45C7F12AD70D","D088331F-B831-443F-8888-B19D6A291E29"
"0265006B-714F-4F7C-BF91-83F16D4DC82D","25E13224-BCBA-42C0-AF86-45C7F12AD70D","D0DD3884-EF71-4884-BF60-D4621824617B"
"0265006B-714F-4F7C-BF91-83F16D4DC82D","25E13224-BCBA-42C0-AF86-45C7F12AD70D","d2aa531d-ed90-4e22-9119-54d2de2d5c1f"
"0265006B-714F-4F7C-BF91-83F16D4DC82D","25E13224-BCBA-42C0-AF86-45C7F12AD70D","D2F2D1A8-D966-4132-9B1D-EC6FCB83C195"
"0265006B-714F-4F7C-BF91-83F16D4DC82D","25E13224-BCBA-42C0-AF86-45C7F12AD70D","D4524EB5-F63E-403C-B9A6-E85786C7C3B7"
"0265006B-714F-4F7C-BF91-83F16D4DC82D","25E13224-BCBA-42C0-AF86-45C7F12AD70D","D8FFEC21-8E12-406D-AB5C-F0EB308CDA98"
"0265006B-714F-4F7C-BF91-83F16D4DC82D","25E13224-BCBA-42C0-AF86-45C7F12AD70D","D94F651C-C013-4FB9-B725-DC4A8335AC7A"
"0265006B-714F-4F7C-BF91-83F16D4DC82D","25E13224-BCBA-42C0-AF86-45C7F12AD70D","de6a6da2-66b7-477e-9189-58f1bf64b696"
"0265006B-714F-4F7C-BF91-83F16D4DC82D","25E13224-BCBA-42C0-AF86-45C7F12AD70D","E13CB576-D3CE-4CD5-996A-AA091CAE7820"
"0265006B-714F-4F7C-BF91-83F16D4DC82D","25E13224-BCBA-42C0-AF86-45C7F12AD70D","E2129675-C3E9-49AD-88D2-12726338C3B4"
"0265006B-714F-4F7C-BF91-83F16D4DC82D","25E13224-BCBA-42C0-AF86-45C7F12AD70D","FCDCF804-37BB-4E0E-A110-4EEDADFC436D"
"0265006B-714F-4F7C-BF91-83F16D4DC82D","25E13224-BCBA-42C0-AF86-45C7F12AD70D","FCE161D1-CA2C-493B-B748-6045E08B5134"
"INTERVALL","26B5E4FD020FC3DA3DD39E6D1CDC018E42C4","a0938918-0d27-4955-a32c-d3db067e86b9"
"BBCHStadium","26D735993FB31847EDBC3DAEA8F2DF96D556","c0f1e06b-9d0e-44ee-b77e-ce83408fedc3"
"INTERVALL","26F21F7BBDF9D757E740774860EE42B4CA90","f8998f55-41f4-4a84-9c51-3cb515add6a4"
"24D11355-739E-4FB2-9479-87573636866D","27844B4B-770E-472C-A6C0-D632C721F6BB","286E9623-45E6-4183-A8BF-381EEEAAD9E1"
"24D11355-739E-4FB2-9479-87573636866D","27844B4B-770E-472C-A6C0-D632C721F6BB","2FE70132-AB5C-4B6A-A0BC-87B70A8EF676"
"24D11355-739E-4FB2-9479-87573636866D","27844B4B-770E-472C-A6C0-D632C721F6BB","41C1430C-F137-489B-91BA-322026BDDC93"
"705829AC-4162-4B2D-A10A-4EEA86A650FF","279E9D16-3A3D-4A39-9C6F-C7474E0D3741","06B9403A-D300-49E1-AA7D-DC8899259C52"
"705829AC-4162-4B2D-A10A-4EEA86A650FF","279E9D16-3A3D-4A39-9C6F-C7474E0D3741","0B67A72B-F884-4F4B-8B3E-C8DAFAD395EB"
"705829AC-4162-4B2D-A10A-4EEA86A650FF","279E9D16-3A3D-4A39-9C6F-C7474E0D3741","0FE66A07-3809-4C10-B84A-BAAD9B75E417"
"705829AC-4162-4B2D-A10A-4EEA86A650FF","279E9D16-3A3D-4A39-9C6F-C7474E0D3741","1543D8AA-CAB7-49FB-8BF9-6387FEAC4A8A"
"705829AC-4162-4B2D-A10A-4EEA86A650FF","279E9D16-3A3D-4A39-9C6F-C7474E0D3741","22875967-AFBF-43DB-96D9-91706D613195"
"705829AC-4162-4B2D-A10A-4EEA86A650FF","279E9D16-3A3D-4A39-9C6F-C7474E0D3741","2874438F-E882-4AE5-BA39-4C892A782327"
"705829AC-4162-4B2D-A10A-4EEA86A650FF","279E9D16-3A3D-4A39-9C6F-C7474E0D3741","34D1BACC-8BB8-46F2-AE71-F7427B902ADB"
"705829AC-4162-4B2D-A10A-4EEA86A650FF","279E9D16-3A3D-4A39-9C6F-C7474E0D3741","46BE7A30-574B-4192-81C5-7859789FB5B5"
"705829AC-4162-4B2D-A10A-4EEA86A650FF","279E9D16-3A3D-4A39-9C6F-C7474E0D3741","4CDB4A00-DC23-4363-9576-27FC09C97D47"
"705829AC-4162-4B2D-A10A-4EEA86A650FF","279E9D16-3A3D-4A39-9C6F-C7474E0D3741","54CE63DA-8093-4494-B280-E634F04A638F"
"705829AC-4162-4B2D-A10A-4EEA86A650FF","279E9D16-3A3D-4A39-9C6F-C7474E0D3741","56B580E2-158D-4579-8342-1FFA2A7F0DD0"
"705829AC-4162-4B2D-A10A-4EEA86A650FF","279E9D16-3A3D-4A39-9C6F-C7474E0D3741","65014347-564C-4E22-8B62-8250D17BCCDB"
"705829AC-4162-4B2D-A10A-4EEA86A650FF","279E9D16-3A3D-4A39-9C6F-C7474E0D3741","6C6A0E14-2C98-4887-AEB9-55FC539CEDD6"
"705829AC-4162-4B2D-A10A-4EEA86A650FF","279E9D16-3A3D-4A39-9C6F-C7474E0D3741","6EF1E8BE-ACE7-4DB4-8BAF-8CCF9633586B"
"705829AC-4162-4B2D-A10A-4EEA86A650FF","279E9D16-3A3D-4A39-9C6F-C7474E0D3741","76885D8B-44CA-48C9-A571-40711CD00CD8"
"705829AC-4162-4B2D-A10A-4EEA86A650FF","279E9D16-3A3D-4A39-9C6F-C7474E0D3741","854B948B-14A3-4A49-8957-AC1FD44D1330"
"705829AC-4162-4B2D-A10A-4EEA86A650FF","279E9D16-3A3D-4A39-9C6F-C7474E0D3741","A5A5A998-7005-4496-A7DC-01AC48CBC69C"
"705829AC-4162-4B2D-A10A-4EEA86A650FF","279E9D16-3A3D-4A39-9C6F-C7474E0D3741","C337465D-92BC-4004-99EA-5516EF052EB3"
"705829AC-4162-4B2D-A10A-4EEA86A650FF","279E9D16-3A3D-4A39-9C6F-C7474E0D3741","D2AFF549-8E4D-4020-9FBC-20F86C3716BE"
"72BF4404-30B3-43A2-83AA-BD7EC99579B2","27A64CF7-BA85-4AF3-8C9C-619CCC0A5C48","479EBEAB-E87A-4B03-80A2-28C0DC255FB7"
"72BF4404-30B3-43A2-83AA-BD7EC99579B2","27A64CF7-BA85-4AF3-8C9C-619CCC0A5C48","4CFBCA39-A3EE-4B25-B33F-07EBFB00C242"
"72BF4404-30B3-43A2-83AA-BD7EC99579B2","27A64CF7-BA85-4AF3-8C9C-619CCC0A5C48","524DA26E-447C-41F7-8D54-B6A205B7364B"
"72BF4404-30B3-43A2-83AA-BD7EC99579B2","27A64CF7-BA85-4AF3-8C9C-619CCC0A5C48","C0505D43-0233-4F06-BD84-DB0DA679FDDA"
"2E52719B-B289-499B-8A17-45AE91D9A8CF","27ECE2DF-487C-4D15-B22D-430783112E16","23F6F286-6E21-4ADD-929F-15F78B142293"
"2E52719B-B289-499B-8A17-45AE91D9A8CF","27ECE2DF-487C-4D15-B22D-430783112E16","4C7C0EFB-2D5C-4BE5-AA34-964DCA489513"
"2E52719B-B289-499B-8A17-45AE91D9A8CF","27ECE2DF-487C-4D15-B22D-430783112E16","D58D53E5-8517-4389-94C4-6CE8EC6AE4F7"
"B2C05486-9D70-4932-A172-F60E4EBDC5FF","285D5053-BAA1-4D93-9516-29ED1D449F72","23BD9378-83CA-4FC8-BC72-68653DB2A008"
"B2C05486-9D70-4932-A172-F60E4EBDC5FF","285D5053-BAA1-4D93-9516-29ED1D449F72","4F7EFFA8-61A8-48DA-8506-B66C54528B37"
"75A9194C-A8CE-4496-AAAB-E4374495A56F","29769BDC-D1A1-4140-B208-FBE28E504235","9968C19B-69E1-4699-AE1B-6891C2DA54D3"
"7047B35E-B0A9-4EB1-9191-1F287F1B8FA5","298F268B-960C-4B3E-AC6C-22067D7A6C38","498F6A7C-87C5-4C02-B5F9-985ADD23C1B6"
"7047B35E-B0A9-4EB1-9191-1F287F1B8FA5","298F268B-960C-4B3E-AC6C-22067D7A6C38","56AE79B3-58B9-4439-ADD3-D9C384F16A42"
"7047B35E-B0A9-4EB1-9191-1F287F1B8FA5","298F268B-960C-4B3E-AC6C-22067D7A6C38","6566fd04-ca80-4ea6-86eb-bfe44d77946f"
"7047B35E-B0A9-4EB1-9191-1F287F1B8FA5","298F268B-960C-4B3E-AC6C-22067D7A6C38","78D45461-654D-4743-A3C3-7E046D727F74"
"7047B35E-B0A9-4EB1-9191-1F287F1B8FA5","298F268B-960C-4B3E-AC6C-22067D7A6C38","8860CDC6-6A9A-47F2-AF18-94BCEA5748F6"
"7047B35E-B0A9-4EB1-9191-1F287F1B8FA5","298F268B-960C-4B3E-AC6C-22067D7A6C38","B0CA9CED-DCBD-4349-84B3-D29974029529"
"4F6B1F12-A4E1-4485-9DE0-B10190622EAB","29ACF341-C4B5-4F60-B4D0-972D7EA6469C","47750DA2-EEC1-40EA-9643-B0786ADAF574"
"4F6B1F12-A4E1-4485-9DE0-B10190622EAB","29ACF341-C4B5-4F60-B4D0-972D7EA6469C","C32B8214-E65A-4067-9749-E02391D6339F"
"4F6B1F12-A4E1-4485-9DE0-B10190622EAB","29ACF341-C4B5-4F60-B4D0-972D7EA6469C","DC5801A1-A884-471F-BB47-DDD597AF31AB"
"4F6B1F12-A4E1-4485-9DE0-B10190622EAB","29ACF341-C4B5-4F60-B4D0-972D7EA6469C","F5F34F20-9025-4B7A-9682-72985CE370BC"
"F5B79315-C7BA-40CD-A8FB-63C60DA1266D","29D0238A-D805-4C1B-8281-B6F5B4DA435C","3A8646FF-18D4-45EC-9571-280B12D474D4"
"4914AC13-FA56-4EFF-9109-5E2F33C2DE30","2A1C4D0E-68FB-4023-8A46-D480081249A6","1C914495-C2A4-4B71-8979-D48501CFC5F1"
"4914AC13-FA56-4EFF-9109-5E2F33C2DE30","2A1C4D0E-68FB-4023-8A46-D480081249A6","72260031-EF49-4B8F-984E-142ED8D4142C"
"9781567C-C011-4660-9A3C-28E778CBC1D7","2A649096-8371-44F3-9273-5DF000A69EBB","435364B4-610E-40F3-B1DE-294A5388E5EA"
"BBCHStadium","2A7DF8B4DBB7ADAA3B4ADEC02EF9C6CAA929","0ab12dee-b6d4-47ac-960e-7dd13a2f7b83"
"782DC211-7FA1-4FF9-8E38-BD16E6B2117E","2AC66F81-754A-4C7C-A8C9-0223C5E454A3","40141237-4927-43D3-AC2C-BFBC7EEBC7AA"
"B80DDBFE-C947-41F8-9663-CBCBEE885395","2B1C5A7B-2297-46DF-B3B3-B13C953BB4A6","65111FC8-D0F8-4569-849D-D3C4C325E15D"
"16DF646F-C734-44E7-AFE8-99EB93ED910D","2B71FC27-9EFA-419C-A3B5-2CAEB8F506BE","5A0BADD8-269D-4BBC-858E-467F3E4FB6D6"
"16DF646F-C734-44E7-AFE8-99EB93ED910D","2B71FC27-9EFA-419C-A3B5-2CAEB8F506BE","BA9E4BBC-5C2E-40A8-ACBB-91F45FE832B6"
"2A147F3B-5952-41C1-B8EE-0A0EEEB2483F","2BA7DF60-4CE6-408A-9801-8C377DB0F442","e3e4c634-49ba-44bb-bab7-91ea0e19c349"
"CB7DFAAF-6162-4EE3-87CC-10E2B9322EA9","2C1D02A3-2917-4A05-B66E-C3EF17EE7E09","03080AA0-EED0-4EA6-8FD1-C87E6074AE7A"
"CB7DFAAF-6162-4EE3-87CC-10E2B9322EA9","2C1D02A3-2917-4A05-B66E-C3EF17EE7E09","081A7ED5-74C5-4953-9852-468773433C05"
"CB7DFAAF-6162-4EE3-87CC-10E2B9322EA9","2C1D02A3-2917-4A05-B66E-C3EF17EE7E09","845E59E7-BE42-4847-AD68-69127D25DC46"
"CB7DFAAF-6162-4EE3-87CC-10E2B9322EA9","2C1D02A3-2917-4A05-B66E-C3EF17EE7E09","997DC11C-C6BF-4088-9681-15D284BD7317"
"CB7DFAAF-6162-4EE3-87CC-10E2B9322EA9","2C1D02A3-2917-4A05-B66E-C3EF17EE7E09","D079A1AE-A121-4560-9593-33402DB57C00"
"3DF8AB95-776F-409B-BD8C-6782F52AAD39","2C222610-4A5B-40E0-BBC0-ADFD53685F62","601381BD-E8E4-485A-A22C-DAA8CC9EB3F1"
"FA29DA8F-139F-416A-98F5-2BEAE3AD1251","2C4499C5-A25D-49C8-83BA-1028233263F1","6053ED3B-0845-4FF0-B5E2-8CC9E5A80187"
"FA29DA8F-139F-416A-98F5-2BEAE3AD1251","2C4499C5-A25D-49C8-83BA-1028233263F1","848191FB-C1E4-43BA-B24C-D95B7F888242"
"FA29DA8F-139F-416A-98F5-2BEAE3AD1251","2C4499C5-A25D-49C8-83BA-1028233263F1","8712D7ED-A20B-4641-91DE-B847E153A44F"
"FA29DA8F-139F-416A-98F5-2BEAE3AD1251","2C4499C5-A25D-49C8-83BA-1028233263F1","9DA24D74-BF75-4C26-A14C-A84A0B058B89"
"FA29DA8F-139F-416A-98F5-2BEAE3AD1251","2C4499C5-A25D-49C8-83BA-1028233263F1","AB7E27C7-C11C-4EEB-9A35-0B344873ACCD"
"39F0BA62-B25B-4BF5-8573-917D3C183396","2C6C92DC-EC4C-49C6-9F9B-980A712A4239","28A05FBD-04E1-4917-8E07-0A52ACA3DF95"
"39F0BA62-B25B-4BF5-8573-917D3C183396","2C6C92DC-EC4C-49C6-9F9B-980A712A4239","E1109575-1B4C-45AD-A653-46BF0270916A"
"39F0BA62-B25B-4BF5-8573-917D3C183396","2C6C92DC-EC4C-49C6-9F9B-980A712A4239","E4AD02CC-8D81-437E-91DB-D8EDE534D502"
"PER","2CEB3CF18A5E7520BF50F51A1D8B01AFC39B","519e3184-fc0a-4b4a-9cbf-67167daf8388"
"563349C2-3634-47AE-8544-10F1BDDAAD5E","2D1F315F-5F19-49D8-8CBD-5BE819269AA9","029B2111-D9C1-4515-B6C5-2CBA0C2E69D0"
"563349C2-3634-47AE-8544-10F1BDDAAD5E","2D1F315F-5F19-49D8-8CBD-5BE819269AA9","06CA039E-830B-49DF-95B9-61E23C3A6C18"
"563349C2-3634-47AE-8544-10F1BDDAAD5E","2D1F315F-5F19-49D8-8CBD-5BE819269AA9","09CDCBA4-EEBE-42C4-BD00-DD47ECEC8DC6"
"563349C2-3634-47AE-8544-10F1BDDAAD5E","2D1F315F-5F19-49D8-8CBD-5BE819269AA9","1FE1D89D-DDA5-4513-A967-1C8992344ADE"
"563349C2-3634-47AE-8544-10F1BDDAAD5E","2D1F315F-5F19-49D8-8CBD-5BE819269AA9","205D6C93-57F9-481E-98BE-1D4B4EF5EF50"
"563349C2-3634-47AE-8544-10F1BDDAAD5E","2D1F315F-5F19-49D8-8CBD-5BE819269AA9","270F8B40-379D-4A77-B603-F0191C25D529"
"563349C2-3634-47AE-8544-10F1BDDAAD5E","2D1F315F-5F19-49D8-8CBD-5BE819269AA9","3E5AD159-9BAA-4623-95A8-5958BCE625EC"
"563349C2-3634-47AE-8544-10F1BDDAAD5E","2D1F315F-5F19-49D8-8CBD-5BE819269AA9","4A0A1A99-D02F-4E22-9791-578D1EC3B600"
"563349C2-3634-47AE-8544-10F1BDDAAD5E","2D1F315F-5F19-49D8-8CBD-5BE819269AA9","55AA52F1-041E-41AE-A56C-E532D4F7B554"
"563349C2-3634-47AE-8544-10F1BDDAAD5E","2D1F315F-5F19-49D8-8CBD-5BE819269AA9","699AEEB7-C220-47FB-A44F-869D9F37FE14"
"563349C2-3634-47AE-8544-10F1BDDAAD5E","2D1F315F-5F19-49D8-8CBD-5BE819269AA9","6BDC32A5-73BD-4438-B305-89CA05389946"
"563349C2-3634-47AE-8544-10F1BDDAAD5E","2D1F315F-5F19-49D8-8CBD-5BE819269AA9","6c56b59f-d8f3-4e57-ad6f-0762a040e149"
"563349C2-3634-47AE-8544-10F1BDDAAD5E","2D1F315F-5F19-49D8-8CBD-5BE819269AA9","7B63B380-5E49-4609-8E78-F58DD7B7764E"
"563349C2-3634-47AE-8544-10F1BDDAAD5E","2D1F315F-5F19-49D8-8CBD-5BE819269AA9","8603373F-5575-4CA6-948F-C7E049B1B6FC"
"563349C2-3634-47AE-8544-10F1BDDAAD5E","2D1F315F-5F19-49D8-8CBD-5BE819269AA9","8D1107B4-6E29-40F2-9DE6-94231C2DA0CC"
"563349C2-3634-47AE-8544-10F1BDDAAD5E","2D1F315F-5F19-49D8-8CBD-5BE819269AA9","95BEF197-FE12-4A73-BC39-1F91D8D3F1D7"
"563349C2-3634-47AE-8544-10F1BDDAAD5E","2D1F315F-5F19-49D8-8CBD-5BE819269AA9","A5C4C36F-75DC-4AC6-AB34-DCEEB05D8F4E"
"563349C2-3634-47AE-8544-10F1BDDAAD5E","2D1F315F-5F19-49D8-8CBD-5BE819269AA9","C600899F-81CB-4B6B-8626-A665C1E3066B"
"563349C2-3634-47AE-8544-10F1BDDAAD5E","2D1F315F-5F19-49D8-8CBD-5BE819269AA9","DB601EAA-6912-48D5-B238-C7F65222843D"
"563349C2-3634-47AE-8544-10F1BDDAAD5E","2D1F315F-5F19-49D8-8CBD-5BE819269AA9","e6906494-6232-4e06-92b9-94cb8970984f"
"563349C2-3634-47AE-8544-10F1BDDAAD5E","2D1F315F-5F19-49D8-8CBD-5BE819269AA9","F6C7D6E6-7A82-4350-98D4-55B7EF7B740D"
"563349C2-3634-47AE-8544-10F1BDDAAD5E","2D1F315F-5F19-49D8-8CBD-5BE819269AA9","FA0E6582-E56D-4441-A63E-B888B74473FC"
"8B37F00F-B167-4A34-A792-5D6041645DDE","2DA6223A-02D3-41CA-81BB-66CE43D5AD74","00D9FD9F-E08B-427F-AB17-EB470D1B7BF7"
"8B37F00F-B167-4A34-A792-5D6041645DDE","2DA6223A-02D3-41CA-81BB-66CE43D5AD74","013834CF-3604-43F2-B1C9-ACB8F18FD19A"
"8B37F00F-B167-4A34-A792-5D6041645DDE","2DA6223A-02D3-41CA-81BB-66CE43D5AD74","02ABD954-48DB-442A-90BF-8B55717E461E"
"8B37F00F-B167-4A34-A792-5D6041645DDE","2DA6223A-02D3-41CA-81BB-66CE43D5AD74","049B158A-46F9-41B8-9529-5EB46BAB7293"
"8B37F00F-B167-4A34-A792-5D6041645DDE","2DA6223A-02D3-41CA-81BB-66CE43D5AD74","0D779204-81D2-4A5A-BF56-32417CDDA83A"
"8B37F00F-B167-4A34-A792-5D6041645DDE","2DA6223A-02D3-41CA-81BB-66CE43D5AD74","0E0885DB-EF4E-40F2-82A9-9BC83502D561"
"8B37F00F-B167-4A34-A792-5D6041645DDE","2DA6223A-02D3-41CA-81BB-66CE43D5AD74","0E0AE4A9-A918-4718-BD9B-B7A42E0C39A9"
"8B37F00F-B167-4A34-A792-5D6041645DDE","2DA6223A-02D3-41CA-81BB-66CE43D5AD74","0F24247F-6853-44D9-872B-AC577A61A11F"
"8B37F00F-B167-4A34-A792-5D6041645DDE","2DA6223A-02D3-41CA-81BB-66CE43D5AD74","15B207B5-48A9-48F5-824E-B4D40A4BEAC5"
"8B37F00F-B167-4A34-A792-5D6041645DDE","2DA6223A-02D3-41CA-81BB-66CE43D5AD74","18016EAD-94AA-4D65-9CB3-AAD40B3E1620"
"8B37F00F-B167-4A34-A792-5D6041645DDE","2DA6223A-02D3-41CA-81BB-66CE43D5AD74","1D746B30-23FF-423A-99AB-30DDDD94DB41"
"8B37F00F-B167-4A34-A792-5D6041645DDE","2DA6223A-02D3-41CA-81BB-66CE43D5AD74","1EDF2E36-DCEB-4169-860D-34CBF14DA68F"
"8B37F00F-B167-4A34-A792-5D6041645DDE","2DA6223A-02D3-41CA-81BB-66CE43D5AD74","21518A7D-170D-4F8C-8741-D22DEAAEDAFE"
"8B37F00F-B167-4A34-A792-5D6041645DDE","2DA6223A-02D3-41CA-81BB-66CE43D5AD74","285C4F55-411F-46C3-84D8-4388E291F2CE"
"8B37F00F-B167-4A34-A792-5D6041645DDE","2DA6223A-02D3-41CA-81BB-66CE43D5AD74","2F4413D3-15ED-494A-9B2C-06FCFB5EBF25"
"8B37F00F-B167-4A34-A792-5D6041645DDE","2DA6223A-02D3-41CA-81BB-66CE43D5AD74","3182B53A-DE7B-401F-A6F3-6D3B7731ABD6"
"8B37F00F-B167-4A34-A792-5D6041645DDE","2DA6223A-02D3-41CA-81BB-66CE43D5AD74","3310BABC-A527-4471-A46B-2BFA2D68F966"
"8B37F00F-B167-4A34-A792-5D6041645DDE","2DA6223A-02D3-41CA-81BB-66CE43D5AD74","3841638A-679C-4EAD-88B3-F456C6D2772F"
"8B37F00F-B167-4A34-A792-5D6041645DDE","2DA6223A-02D3-41CA-81BB-66CE43D5AD74","3902F0D7-A326-414D-86BE-2E4C906281FA"
"8B37F00F-B167-4A34-A792-5D6041645DDE","2DA6223A-02D3-41CA-81BB-66CE43D5AD74","3C3A1E3E-98EA-45D8-9544-44295E5BF28D"
"8B37F00F-B167-4A34-A792-5D6041645DDE","2DA6223A-02D3-41CA-81BB-66CE43D5AD74","3E71FB2F-FC60-4D30-9A54-85718AF597FE"
"8B37F00F-B167-4A34-A792-5D6041645DDE","2DA6223A-02D3-41CA-81BB-66CE43D5AD74","400FAFBB-21A9-44F8-9F30-0ACA386437F5"
"8B37F00F-B167-4A34-A792-5D6041645DDE","2DA6223A-02D3-41CA-81BB-66CE43D5AD74","4212F1D5-D4AF-4B5E-8BCA-AC1EF5AF7C24"
"8B37F00F-B167-4A34-A792-5D6041645DDE","2DA6223A-02D3-41CA-81BB-66CE43D5AD74","4353433B-2340-47C3-8F0B-3FF48ABE51C9"
"8B37F00F-B167-4A34-A792-5D6041645DDE","2DA6223A-02D3-41CA-81BB-66CE43D5AD74","4471FFEC-999B-4D9F-8577-B9FB368605E2"
"8B37F00F-B167-4A34-A792-5D6041645DDE","2DA6223A-02D3-41CA-81BB-66CE43D5AD74","4810BFD8-F10A-4E4F-AA52-FBF34DE34517"
"8B37F00F-B167-4A34-A792-5D6041645DDE","2DA6223A-02D3-41CA-81BB-66CE43D5AD74","4C88A79A-1307-4499-B76F-9D9FCBF5A30A"
"8B37F00F-B167-4A34-A792-5D6041645DDE","2DA6223A-02D3-41CA-81BB-66CE43D5AD74","4D39C042-C4ED-4D7A-9313-9E114A47D8CC"
"8B37F00F-B167-4A34-A792-5D6041645DDE","2DA6223A-02D3-41CA-81BB-66CE43D5AD74","53FE9B39-F9AB-4830-B30F-47B594DCF9C7"
"8B37F00F-B167-4A34-A792-5D6041645DDE","2DA6223A-02D3-41CA-81BB-66CE43D5AD74","5406A340-AED2-42EB-9396-EBED2D770E46"
"8B37F00F-B167-4A34-A792-5D6041645DDE","2DA6223A-02D3-41CA-81BB-66CE43D5AD74","5502996B-6C77-473F-B5A3-C8A084713660"
"8B37F00F-B167-4A34-A792-5D6041645DDE","2DA6223A-02D3-41CA-81BB-66CE43D5AD74","553274C6-84C9-4C12-8150-63F6F030C03A"
"8B37F00F-B167-4A34-A792-5D6041645DDE","2DA6223A-02D3-41CA-81BB-66CE43D5AD74","55DF10DC-55F3-4AE8-BA6A-307A8BB89D15"
"8B37F00F-B167-4A34-A792-5D6041645DDE","2DA6223A-02D3-41CA-81BB-66CE43D5AD74","57EE8383-B4FE-4134-843C-6ECAC76FFE70"
"8B37F00F-B167-4A34-A792-5D6041645DDE","2DA6223A-02D3-41CA-81BB-66CE43D5AD74","5A042F90-0FC7-4C7F-AAB1-AAC73653A836"
"8B37F00F-B167-4A34-A792-5D6041645DDE","2DA6223A-02D3-41CA-81BB-66CE43D5AD74","5A7E5FEF-4A47-4CFA-869D-9DF2A9502968"
"8B37F00F-B167-4A34-A792-5D6041645DDE","2DA6223A-02D3-41CA-81BB-66CE43D5AD74","60ef3835-df09-4eb2-95a9-8654a777859b"
"8B37F00F-B167-4A34-A792-5D6041645DDE","2DA6223A-02D3-41CA-81BB-66CE43D5AD74","63B83090-D19E-4572-94EB-A36FAE2A0AC9"
"8B37F00F-B167-4A34-A792-5D6041645DDE","2DA6223A-02D3-41CA-81BB-66CE43D5AD74","6764697F-D5DD-477D-8FDA-5574ED63C076"
"8B37F00F-B167-4A34-A792-5D6041645DDE","2DA6223A-02D3-41CA-81BB-66CE43D5AD74","67ED567A-CBE6-4B83-A3B7-409E54A77C26"
"8B37F00F-B167-4A34-A792-5D6041645DDE","2DA6223A-02D3-41CA-81BB-66CE43D5AD74","7427F6C1-8F5F-4D86-B063-3B2E5C713159"
"8B37F00F-B167-4A34-A792-5D6041645DDE","2DA6223A-02D3-41CA-81BB-66CE43D5AD74","743D328A-18FD-4807-B574-4400E357E38D"
"8B37F00F-B167-4A34-A792-5D6041645DDE","2DA6223A-02D3-41CA-81BB-66CE43D5AD74","7461D724-A5AC-4C62-B3B0-546A5F630FFF"
"8B37F00F-B167-4A34-A792-5D6041645DDE","2DA6223A-02D3-41CA-81BB-66CE43D5AD74","756B3D25-9B8A-4399-B786-1D3AEBB63692"
"8B37F00F-B167-4A34-A792-5D6041645DDE","2DA6223A-02D3-41CA-81BB-66CE43D5AD74","7A96B90E-88EE-4D5C-BF77-D78BD7104DF4"
"8B37F00F-B167-4A34-A792-5D6041645DDE","2DA6223A-02D3-41CA-81BB-66CE43D5AD74","7BEF8E2B-CE39-49CF-A9DD-D07A8235C11A"
"8B37F00F-B167-4A34-A792-5D6041645DDE","2DA6223A-02D3-41CA-81BB-66CE43D5AD74","812250fe-0823-4798-ac6f-c6ad5caff239"
"8B37F00F-B167-4A34-A792-5D6041645DDE","2DA6223A-02D3-41CA-81BB-66CE43D5AD74","824D6F66-96AC-4F67-8F36-8F3F65549B07"
"8B37F00F-B167-4A34-A792-5D6041645DDE","2DA6223A-02D3-41CA-81BB-66CE43D5AD74","8976464C-0BD3-4234-9482-9AF45E4CDC1B"
"8B37F00F-B167-4A34-A792-5D6041645DDE","2DA6223A-02D3-41CA-81BB-66CE43D5AD74","89F4BD31-5C07-4829-86B5-4468BC50BC0A"
"8B37F00F-B167-4A34-A792-5D6041645DDE","2DA6223A-02D3-41CA-81BB-66CE43D5AD74","8EA7F318-C45C-43C3-B4FE-0AF808848A80"
"8B37F00F-B167-4A34-A792-5D6041645DDE","2DA6223A-02D3-41CA-81BB-66CE43D5AD74","903E4F53-513C-4EB5-B200-B28DFF0A3185"
"8B37F00F-B167-4A34-A792-5D6041645DDE","2DA6223A-02D3-41CA-81BB-66CE43D5AD74","947A5722-78E4-45A7-A43F-25B4800114AE"
"8B37F00F-B167-4A34-A792-5D6041645DDE","2DA6223A-02D3-41CA-81BB-66CE43D5AD74","9622ECB7-A274-45CA-9FF2-D6C417EAF25D"
"8B37F00F-B167-4A34-A792-5D6041645DDE","2DA6223A-02D3-41CA-81BB-66CE43D5AD74","976c737f-9182-4309-af15-8bfafd7dfe46"
"6E2BD57A-F9AE-43CE-8B5A-CEA0DFD357DE","C4B6AE3D-5093-4076-BBE4-7963973324AB","E1683574-2792-4D06-9595-114CBC770EC4"
"6E2BD57A-F9AE-43CE-8B5A-CEA0DFD357DE","C4B6AE3D-5093-4076-BBE4-7963973324AB","F43BA5BA-B733-434D-853C-7D66EA749B1B"
"2220B4B3-E13A-4AE3-BF81-04CF30FDB9EF","C4E49A9C-D235-428D-826E-82F6F4721260","3B8BBD7F-6A69-42CB-B041-64C4D64C2236"
"2220B4B3-E13A-4AE3-BF81-04CF30FDB9EF","C4E49A9C-D235-428D-826E-82F6F4721260","F008584C-15EC-404B-AA2F-1D8212CF190E"
"FD98B20F-4E5D-45E8-8DC9-B49B70514AD7","C4F4998B-7550-4645-9517-FEEA9A12779D","3166D8CB-38A6-4BDC-B813-4AFC3BD5DAD2"
"FD98B20F-4E5D-45E8-8DC9-B49B70514AD7","C4F4998B-7550-4645-9517-FEEA9A12779D","6786522D-0F15-4BCE-BF3C-C1D9FDD4CF3D"
"FD98B20F-4E5D-45E8-8DC9-B49B70514AD7","C4F4998B-7550-4645-9517-FEEA9A12779D","E55FFA70-30F9-4F5B-A30D-89A27E20DDFE"
"INTERVALL","C54D1F4FCBEF09A4E625D931132A79AEDF60","d9f6727c-0cf8-4a1d-a936-503a42e3f742"
"4515D832-BBFF-4336-A0B0-215E03A56CD0","C5D7A4A4-77EA-4152-81C9-17A5C2E846F4","BCCC7EA4-5114-4F0D-8436-EDB1BA866D87"
"848911A4-FA7D-430A-BF9F-D90B1B61011B","C5EA8916-7535-46AC-8337-1DF05C88A095","40821444-55A1-4A8E-9227-4529216A1874"
"848911A4-FA7D-430A-BF9F-D90B1B61011B","C5EA8916-7535-46AC-8337-1DF05C88A095","8C3CF08D-B7EE-436F-8994-D88A3EF181F5"
"848911A4-FA7D-430A-BF9F-D90B1B61011B","C5EA8916-7535-46AC-8337-1DF05C88A095","8F042457-5B30-4D4C-9397-22B54A39AE22"
"848911A4-FA7D-430A-BF9F-D90B1B61011B","C5EA8916-7535-46AC-8337-1DF05C88A095","98e3da15-948f-4b51-80fd-aa7e3c626f1b"
"848911A4-FA7D-430A-BF9F-D90B1B61011B","C5EA8916-7535-46AC-8337-1DF05C88A095","C28830C5-6F7D-45F7-B060-41AE9DE46522"
"848911A4-FA7D-430A-BF9F-D90B1B61011B","C5EA8916-7535-46AC-8337-1DF05C88A095","e2a6b3bd-513f-40f7-b3b6-9e90195312f2"
"848911A4-FA7D-430A-BF9F-D90B1B61011B","C5EA8916-7535-46AC-8337-1DF05C88A095","E2AB3336-FA68-4970-9E6B-576EC166788A"
"848911A4-FA7D-430A-BF9F-D90B1B61011B","C5EA8916-7535-46AC-8337-1DF05C88A095","EFBA8706-BE58-4A32-9E12-BE7D1AEF795A"
"848911A4-FA7D-430A-BF9F-D90B1B61011B","C5EA8916-7535-46AC-8337-1DF05C88A095","FABC4333-7C51-4369-81A1-F0286D590EA3"
"95D44079-7A30-4DCE-A223-F1DB7A39E7AD","C5F15DEE-5696-4A70-831D-9B19A6406BF9","70AE4391-12EB-4564-82FC-A3EF1DA1D957"
"95D44079-7A30-4DCE-A223-F1DB7A39E7AD","C5F15DEE-5696-4A70-831D-9B19A6406BF9","842D2BBF-39C3-4D31-AA1C-1DB48256367E"
"E2D98E4C-B490-437C-875A-DE8BB5D4EFBF","C6579C22-FD91-4D30-A295-6AE84FB8FF4B","07AB7FBD-5B7C-461E-8039-F426B3410652"
"E2D98E4C-B490-437C-875A-DE8BB5D4EFBF","C6579C22-FD91-4D30-A295-6AE84FB8FF4B","4E380D2E-0270-4364-A8C7-EFF5E06BC8EB"
"E2D98E4C-B490-437C-875A-DE8BB5D4EFBF","C6579C22-FD91-4D30-A295-6AE84FB8FF4B","734634D2-A60C-4BC7-8166-C62DF6FED65E"
"E2D98E4C-B490-437C-875A-DE8BB5D4EFBF","C6579C22-FD91-4D30-A295-6AE84FB8FF4B","AAB41FFD-0661-452A-A829-03FF26B6FCD7"
"B04CFC18-8DDC-433D-958D-C9A7802AE68D","62C71DD8-25B0-4566-B284-B9B9DB83E834","01ECD034-F8E2-49A3-9843-D0ABE3D65265"
"B04CFC18-8DDC-433D-958D-C9A7802AE68D","62C71DD8-25B0-4566-B284-B9B9DB83E834","1F68F23F-735D-4F5E-9D68-B37C51B14BC4"
"B04CFC18-8DDC-433D-958D-C9A7802AE68D","62C71DD8-25B0-4566-B284-B9B9DB83E834","27293C7C-3A76-40FF-AE62-4ACE400CBBEE"
"41CB434D-EB44-4D71-AE34-973738C63AEE","62F186F5-F5CB-4225-B65F-1BFE271F697B","00D9A182-4082-4CA0-990D-2B6586D1B1AA"
"41CB434D-EB44-4D71-AE34-973738C63AEE","62F186F5-F5CB-4225-B65F-1BFE271F697B","019d3e4b-e231-4153-ad5a-2a4b1f285003"
"41CB434D-EB44-4D71-AE34-973738C63AEE","62F186F5-F5CB-4225-B65F-1BFE271F697B","102f4cbd-75b1-4a9b-ba1d-80b40b54c4db"
"41CB434D-EB44-4D71-AE34-973738C63AEE","62F186F5-F5CB-4225-B65F-1BFE271F697B","1AAF52C4-5347-4660-BCAE-2F7D8A3C92B1"
"41CB434D-EB44-4D71-AE34-973738C63AEE","62F186F5-F5CB-4225-B65F-1BFE271F697B","1ABBF065-41B3-4C9E-A3DB-8F69A1760C9E"
"41CB434D-EB44-4D71-AE34-973738C63AEE","62F186F5-F5CB-4225-B65F-1BFE271F697B","1BEE742F-2A12-460A-8A20-16E0EFA469F3"
"41CB434D-EB44-4D71-AE34-973738C63AEE","62F186F5-F5CB-4225-B65F-1BFE271F697B","1fe695c2-f671-4c62-a3e8-8e1693d7427e"
"41CB434D-EB44-4D71-AE34-973738C63AEE","62F186F5-F5CB-4225-B65F-1BFE271F697B","21AE2DF2-5861-4230-9B61-232C7421B1DC"
"41CB434D-EB44-4D71-AE34-973738C63AEE","62F186F5-F5CB-4225-B65F-1BFE271F697B","2226A174-33D5-48FD-9C19-14DD4E12413C"
"41CB434D-EB44-4D71-AE34-973738C63AEE","62F186F5-F5CB-4225-B65F-1BFE271F697B","2843BC02-E3F9-4E1A-9B19-8F072134838B"
"41CB434D-EB44-4D71-AE34-973738C63AEE","62F186F5-F5CB-4225-B65F-1BFE271F697B","2C4E2742-0B86-4810-AF2F-EBF91C50BB57"
"41CB434D-EB44-4D71-AE34-973738C63AEE","62F186F5-F5CB-4225-B65F-1BFE271F697B","2DBADD04-2865-41DD-BEC7-36B14BDCF13A"
"41CB434D-EB44-4D71-AE34-973738C63AEE","62F186F5-F5CB-4225-B65F-1BFE271F697B","330cb304-4d36-4ae9-b1f9-1d2f6f9ee1c9"
"41CB434D-EB44-4D71-AE34-973738C63AEE","62F186F5-F5CB-4225-B65F-1BFE271F697B","35AA6243-70C4-4FB1-B3AC-4A7242155E3E"
"41CB434D-EB44-4D71-AE34-973738C63AEE","62F186F5-F5CB-4225-B65F-1BFE271F697B","3FE418E7-F2FB-4BAA-8FA2-807BE9AE98AD"
"41CB434D-EB44-4D71-AE34-973738C63AEE","62F186F5-F5CB-4225-B65F-1BFE271F697B","404E405C-7A59-49FA-A396-3C9381F9A307"
"41CB434D-EB44-4D71-AE34-973738C63AEE","62F186F5-F5CB-4225-B65F-1BFE271F697B","4ABE6B62-2905-4657-A7FE-883F46379A7D"
"41CB434D-EB44-4D71-AE34-973738C63AEE","62F186F5-F5CB-4225-B65F-1BFE271F697B","553274C6-84C9-4C12-8150-63F6F030C03A"
"41CB434D-EB44-4D71-AE34-973738C63AEE","62F186F5-F5CB-4225-B65F-1BFE271F697B","5546AF5E-B0E8-4E34-A066-9028B741C98D"
"41CB434D-EB44-4D71-AE34-973738C63AEE","62F186F5-F5CB-4225-B65F-1BFE271F697B","58AEBE4D-1541-48DB-8EA1-06D44B6A65A9"
"41CB434D-EB44-4D71-AE34-973738C63AEE","62F186F5-F5CB-4225-B65F-1BFE271F697B","58c999ba-f971-49d9-9044-6ed847e7d2d8"
"41CB434D-EB44-4D71-AE34-973738C63AEE","62F186F5-F5CB-4225-B65F-1BFE271F697B","5E765AB7-E6E3-4197-9E13-BE0C35B2CEC1"
"41CB434D-EB44-4D71-AE34-973738C63AEE","62F186F5-F5CB-4225-B65F-1BFE271F697B","64B99F52-E1A7-4FAC-9D2D-8A831DDFF378"
"41CB434D-EB44-4D71-AE34-973738C63AEE","62F186F5-F5CB-4225-B65F-1BFE271F697B","6968B9FE-0EEE-4437-8B09-617D11AEA3E1"
"41CB434D-EB44-4D71-AE34-973738C63AEE","62F186F5-F5CB-4225-B65F-1BFE271F697B","69C142AA-FD60-4F60-B954-AAE5278C819B"
"41CB434D-EB44-4D71-AE34-973738C63AEE","62F186F5-F5CB-4225-B65F-1BFE271F697B","6EA4696F-C650-4F04-8EB7-5A479B2BDFE1"
"41CB434D-EB44-4D71-AE34-973738C63AEE","62F186F5-F5CB-4225-B65F-1BFE271F697B","702EB406-D304-4D30-B3EE-470FE920F075"
"41CB434D-EB44-4D71-AE34-973738C63AEE","62F186F5-F5CB-4225-B65F-1BFE271F697B","71A5451E-0B9F-407B-AEAD-65B1F277EF98"
"41CB434D-EB44-4D71-AE34-973738C63AEE","62F186F5-F5CB-4225-B65F-1BFE271F697B","830455ed-b42a-430d-b968-03f247adfb66"
"41CB434D-EB44-4D71-AE34-973738C63AEE","62F186F5-F5CB-4225-B65F-1BFE271F697B","84067CD6-CEDC-4D9E-B4ED-A874B2D2D470"
"41CB434D-EB44-4D71-AE34-973738C63AEE","62F186F5-F5CB-4225-B65F-1BFE271F697B","869D7835-A36A-4659-8825-85E6FF4E527F"
"41CB434D-EB44-4D71-AE34-973738C63AEE","62F186F5-F5CB-4225-B65F-1BFE271F697B","86B231DF-265D-457D-AAB1-5106F8620289"
"41CB434D-EB44-4D71-AE34-973738C63AEE","62F186F5-F5CB-4225-B65F-1BFE271F697B","8B54D119-31C6-458B-B06E-E105784501DB"
"41CB434D-EB44-4D71-AE34-973738C63AEE","62F186F5-F5CB-4225-B65F-1BFE271F697B","8E45469F-C9F2-41BB-A63B-D6FA113112EB"
"41CB434D-EB44-4D71-AE34-973738C63AEE","62F186F5-F5CB-4225-B65F-1BFE271F697B","919F7A0A-A725-41ED-8B55-98F060F0BE0E"
"41CB434D-EB44-4D71-AE34-973738C63AEE","62F186F5-F5CB-4225-B65F-1BFE271F697B","933687FA-CD50-4FD5-B1F3-7C7652CCA433"
"41CB434D-EB44-4D71-AE34-973738C63AEE","62F186F5-F5CB-4225-B65F-1BFE271F697B","943E7AC2-EA0B-49DB-B5DC-0A73CABB1B14"
"41CB434D-EB44-4D71-AE34-973738C63AEE","62F186F5-F5CB-4225-B65F-1BFE271F697B","9622A91A-B752-4849-ABF1-BDA73D4631FC"
"41CB434D-EB44-4D71-AE34-973738C63AEE","62F186F5-F5CB-4225-B65F-1BFE271F697B","99A72D74-7CB5-4645-9C68-AF0FEE541985"
"41CB434D-EB44-4D71-AE34-973738C63AEE","62F186F5-F5CB-4225-B65F-1BFE271F697B","A3C67ADE-25C7-46BE-BD7B-39501891985D"
"41CB434D-EB44-4D71-AE34-973738C63AEE","62F186F5-F5CB-4225-B65F-1BFE271F697B","A43C6FF5-746E-4170-9E48-77DD198FB5AC"
"41CB434D-EB44-4D71-AE34-973738C63AEE","62F186F5-F5CB-4225-B65F-1BFE271F697B","A4669BE7-F51A-425A-BB74-F17F083A7634"
"41CB434D-EB44-4D71-AE34-973738C63AEE","62F186F5-F5CB-4225-B65F-1BFE271F697B","A98A494E-6AB3-4FA0-8051-138BF3A95EEF"
"41CB434D-EB44-4D71-AE34-973738C63AEE","62F186F5-F5CB-4225-B65F-1BFE271F697B","B2AB9516-8F8A-4672-A301-8C39E33463AA"
"41CB434D-EB44-4D71-AE34-973738C63AEE","62F186F5-F5CB-4225-B65F-1BFE271F697B","B4EBF888-22C5-4C6D-85FD-D49CB97874AA"
"41CB434D-EB44-4D71-AE34-973738C63AEE","62F186F5-F5CB-4225-B65F-1BFE271F697B","B7A49DAD-A40A-44AD-A8AB-9E704D6BD4DD"
"41CB434D-EB44-4D71-AE34-973738C63AEE","62F186F5-F5CB-4225-B65F-1BFE271F697B","BB99E1C6-1300-4C58-B76E-0AFE35068AC9"
"41CB434D-EB44-4D71-AE34-973738C63AEE","62F186F5-F5CB-4225-B65F-1BFE271F697B","C0407429-4929-4D72-9FF0-E3F3A8743691"
"41CB434D-EB44-4D71-AE34-973738C63AEE","62F186F5-F5CB-4225-B65F-1BFE271F697B","C35DD63A-301B-426F-B569-A72818D07F64"
"41CB434D-EB44-4D71-AE34-973738C63AEE","62F186F5-F5CB-4225-B65F-1BFE271F697B","CAA1FAC7-1090-4E7D-A376-F42964394D24"
"41CB434D-EB44-4D71-AE34-973738C63AEE","62F186F5-F5CB-4225-B65F-1BFE271F697B","CC8AC4A6-9435-48A3-91AF-6E4BC34066C1"
"41CB434D-EB44-4D71-AE34-973738C63AEE","62F186F5-F5CB-4225-B65F-1BFE271F697B","cf877424-14ab-49ad-aefc-7db01dc9336b"
"41CB434D-EB44-4D71-AE34-973738C63AEE","62F186F5-F5CB-4225-B65F-1BFE271F697B","D3C6191E-E867-4162-B7E2-2ACF9AA3EF49"
"41CB434D-EB44-4D71-AE34-973738C63AEE","62F186F5-F5CB-4225-B65F-1BFE271F697B","DA534898-3C89-40C6-9CA1-632C395EC018"
"41CB434D-EB44-4D71-AE34-973738C63AEE","62F186F5-F5CB-4225-B65F-1BFE271F697B","DD7D71F4-83B9-4EEF-B66B-48B64BF956DB"
"41CB434D-EB44-4D71-AE34-973738C63AEE","62F186F5-F5CB-4225-B65F-1BFE271F697B","E0E2D089-6E93-4915-9EC7-34346799C977"
"41CB434D-EB44-4D71-AE34-973738C63AEE","62F186F5-F5CB-4225-B65F-1BFE271F697B","E11A4C6D-F24A-43AB-A51F-1C6D4BE05CB8"
"41CB434D-EB44-4D71-AE34-973738C63AEE","62F186F5-F5CB-4225-B65F-1BFE271F697B","E75FD44E-C2EE-4534-B730-88EE82AEBBD2"
"41CB434D-EB44-4D71-AE34-973738C63AEE","62F186F5-F5CB-4225-B65F-1BFE271F697B","F5CCF9EC-BADF-4FB3-8DC6-28C1B63173C1"
"41CB434D-EB44-4D71-AE34-973738C63AEE","62F186F5-F5CB-4225-B65F-1BFE271F697B","F5F97938-A809-48A4-9F6F-272398A350FC"
"41CB434D-EB44-4D71-AE34-973738C63AEE","62F186F5-F5CB-4225-B65F-1BFE271F697B","F9AFED96-93BB-48F6-BEFF-9823C71EE93B"
"41CB434D-EB44-4D71-AE34-973738C63AEE","62F186F5-F5CB-4225-B65F-1BFE271F697B","FEDD9ACC-9845-4EFC-9EF4-4F9CE8D76369"
"6BAB1756-8BE9-4F73-BA5A-92A8EBDEA8B8","62F7AF68-A539-44CB-8B8E-83AD3B1981E5","70a80832-84d9-4927-b7bd-79e69c5f8f4f"
"6BAB1756-8BE9-4F73-BA5A-92A8EBDEA8B8","62F7AF68-A539-44CB-8B8E-83AD3B1981E5","B23F1939-7E46-4FE4-9F30-9E15F2435956"
"8279622C-337E-4F27-B27B-9F2486F97375","63002233-04C6-4983-ABF9-1E1EBD5656C2","017354A7-12B0-4C61-88D1-03FABC2E3967"
"8279622C-337E-4F27-B27B-9F2486F97375","63002233-04C6-4983-ABF9-1E1EBD5656C2","02AB9139-115E-4C2E-838B-99CFB9EBD100"
"8279622C-337E-4F27-B27B-9F2486F97375","63002233-04C6-4983-ABF9-1E1EBD5656C2","05A37201-CA77-48C1-984C-EA126485498E"
"8279622C-337E-4F27-B27B-9F2486F97375","63002233-04C6-4983-ABF9-1E1EBD5656C2","094B5EF8-1AA1-4ADE-BFD8-8CACCB7A60DD"
"8279622C-337E-4F27-B27B-9F2486F97375","63002233-04C6-4983-ABF9-1E1EBD5656C2","09901b0a-b0a3-4ced-9164-106973245e26"
"8279622C-337E-4F27-B27B-9F2486F97375","63002233-04C6-4983-ABF9-1E1EBD5656C2","0AC90E29-B438-4826-BBE7-4115F28101A5"
"8279622C-337E-4F27-B27B-9F2486F97375","63002233-04C6-4983-ABF9-1E1EBD5656C2","0EF0F5E9-1C7A-4A0B-BD99-180BB39C4852"
"8279622C-337E-4F27-B27B-9F2486F97375","63002233-04C6-4983-ABF9-1E1EBD5656C2","0FF4DB12-5170-4AFC-9E51-D9E1609633CB"
"8279622C-337E-4F27-B27B-9F2486F97375","63002233-04C6-4983-ABF9-1E1EBD5656C2","10F8F090-52A3-46B3-875D-0C48FFF0358D"
"8279622C-337E-4F27-B27B-9F2486F97375","63002233-04C6-4983-ABF9-1E1EBD5656C2","11B725D8-4301-4C2F-BC00-38A8B2D2EC95"
"8279622C-337E-4F27-B27B-9F2486F97375","63002233-04C6-4983-ABF9-1E1EBD5656C2","1350B583-18A8-4F61-A45B-9D6E023DD5D8"
"8279622C-337E-4F27-B27B-9F2486F97375","63002233-04C6-4983-ABF9-1E1EBD5656C2","184B725D-38D6-4599-B48E-9E919D8E35D4"
"8279622C-337E-4F27-B27B-9F2486F97375","63002233-04C6-4983-ABF9-1E1EBD5656C2","1A6D2256-0C12-4532-AC7F-426A495306D2"
"8279622C-337E-4F27-B27B-9F2486F97375","63002233-04C6-4983-ABF9-1E1EBD5656C2","1BB586E8-B2AC-4B1A-A073-3F91AC5BFA0D"
"8279622C-337E-4F27-B27B-9F2486F97375","63002233-04C6-4983-ABF9-1E1EBD5656C2","1D510B39-F242-41F9-8FF4-4FC8339B467D"
"8279622C-337E-4F27-B27B-9F2486F97375","63002233-04C6-4983-ABF9-1E1EBD5656C2","1D7CD5E0-1560-43BF-9D25-DDA46C61B470"
"8279622C-337E-4F27-B27B-9F2486F97375","63002233-04C6-4983-ABF9-1E1EBD5656C2","1D9A2219-774B-4D97-8400-3B181A13F53D"
"8279622C-337E-4F27-B27B-9F2486F97375","63002233-04C6-4983-ABF9-1E1EBD5656C2","1ea85627-fb5e-4433-a1e0-ecfa73bd2d28"
"8279622C-337E-4F27-B27B-9F2486F97375","63002233-04C6-4983-ABF9-1E1EBD5656C2","239C161A-4C53-40B4-A280-78B24A484C1A"
"8279622C-337E-4F27-B27B-9F2486F97375","63002233-04C6-4983-ABF9-1E1EBD5656C2","28B291AD-8B55-4A2B-9FA0-11FF36DB519D"
"8279622C-337E-4F27-B27B-9F2486F97375","63002233-04C6-4983-ABF9-1E1EBD5656C2","296572D3-4551-405B-A74F-C49860DF3852"
"8279622C-337E-4F27-B27B-9F2486F97375","63002233-04C6-4983-ABF9-1E1EBD5656C2","2A94021B-5BC0-44E8-805A-D09B58E153C1"
"8279622C-337E-4F27-B27B-9F2486F97375","63002233-04C6-4983-ABF9-1E1EBD5656C2","2C52E0EE-5188-4F5D-9690-2E005E81EE11"
"8279622C-337E-4F27-B27B-9F2486F97375","63002233-04C6-4983-ABF9-1E1EBD5656C2","2E6002D2-1BAC-4DCC-88DF-22AA51861C93"
"8279622C-337E-4F27-B27B-9F2486F97375","63002233-04C6-4983-ABF9-1E1EBD5656C2","306BDCB2-4B77-4368-898E-2AC61576608B"
"8279622C-337E-4F27-B27B-9F2486F97375","63002233-04C6-4983-ABF9-1E1EBD5656C2","30F82336-F889-415A-8BDF-745735771970"
"8279622C-337E-4F27-B27B-9F2486F97375","63002233-04C6-4983-ABF9-1E1EBD5656C2","31D4E127-1EDB-49C1-8CBA-CEEFB736A108"
"8279622C-337E-4F27-B27B-9F2486F97375","63002233-04C6-4983-ABF9-1E1EBD5656C2","324B13AE-A02D-4605-BA43-FF1CAE3A0C82"
"8279622C-337E-4F27-B27B-9F2486F97375","63002233-04C6-4983-ABF9-1E1EBD5656C2","348DB6D7-7903-4FB5-A86B-7CFFC7BBD015"
"8279622C-337E-4F27-B27B-9F2486F97375","63002233-04C6-4983-ABF9-1E1EBD5656C2","365C3DBC-25A5-473D-A8E5-4F341635144F"
"8279622C-337E-4F27-B27B-9F2486F97375","63002233-04C6-4983-ABF9-1E1EBD5656C2","3B69ABCD-4B69-4A90-A428-D56CEA43132B"
"8279622C-337E-4F27-B27B-9F2486F97375","63002233-04C6-4983-ABF9-1E1EBD5656C2","3B891ABA-6802-48C2-BF1F-E5F00626F3EE"
"8279622C-337E-4F27-B27B-9F2486F97375","63002233-04C6-4983-ABF9-1E1EBD5656C2","3D6BF70C-99AA-4AE8-A0D5-9DEC4D3CAC86"
"8279622C-337E-4F27-B27B-9F2486F97375","63002233-04C6-4983-ABF9-1E1EBD5656C2","3F287465-E1F3-423E-8B2D-CB7C33DDCA9F"
"8279622C-337E-4F27-B27B-9F2486F97375","63002233-04C6-4983-ABF9-1E1EBD5656C2","455C2973-5BFE-4B0F-92C1-8C7859DBA4F9"
"8279622C-337E-4F27-B27B-9F2486F97375","63002233-04C6-4983-ABF9-1E1EBD5656C2","461AFC47-433F-495D-AAAF-65E0BD1BAB9E"
"8279622C-337E-4F27-B27B-9F2486F97375","63002233-04C6-4983-ABF9-1E1EBD5656C2","470010F3-2288-4636-896E-638773C677DE"
"8279622C-337E-4F27-B27B-9F2486F97375","63002233-04C6-4983-ABF9-1E1EBD5656C2","47364404-5691-48E2-89CD-F51EA0E73C33"
"8279622C-337E-4F27-B27B-9F2486F97375","63002233-04C6-4983-ABF9-1E1EBD5656C2","48860D96-2EC3-42D3-B4D7-00701856616C"
"8279622C-337E-4F27-B27B-9F2486F97375","63002233-04C6-4983-ABF9-1E1EBD5656C2","49B49641-2EA6-47BE-BD98-62C008E56A39"
"8279622C-337E-4F27-B27B-9F2486F97375","63002233-04C6-4983-ABF9-1E1EBD5656C2","4D4D38E7-673F-41FE-9BAB-74BA2528F115"
"8279622C-337E-4F27-B27B-9F2486F97375","63002233-04C6-4983-ABF9-1E1EBD5656C2","4DA2750E-BFC2-47BB-B65D-1519EA0470FA"
"8279622C-337E-4F27-B27B-9F2486F97375","63002233-04C6-4983-ABF9-1E1EBD5656C2","4FADE0E5-A81E-4651-A7E5-7223951F1F3B"
"8279622C-337E-4F27-B27B-9F2486F97375","63002233-04C6-4983-ABF9-1E1EBD5656C2","504F00BF-6849-4702-8356-82069104144A"
"8279622C-337E-4F27-B27B-9F2486F97375","63002233-04C6-4983-ABF9-1E1EBD5656C2","507629FD-E17B-4EC0-BB3B-0D4D082FBE52"
"8279622C-337E-4F27-B27B-9F2486F97375","63002233-04C6-4983-ABF9-1E1EBD5656C2","50EA67C2-1001-4232-B256-579128387F86"
"8279622C-337E-4F27-B27B-9F2486F97375","63002233-04C6-4983-ABF9-1E1EBD5656C2","53FAEDE4-054E-47CA-9021-DF576B4DD44E"
"8279622C-337E-4F27-B27B-9F2486F97375","63002233-04C6-4983-ABF9-1E1EBD5656C2","560416BD-017C-43D7-9D06-D5594AB0787E"
"8279622C-337E-4F27-B27B-9F2486F97375","63002233-04C6-4983-ABF9-1E1EBD5656C2","59EDE9B4-2EDA-4964-BBCE-A8D82DFD9BE9"
"8279622C-337E-4F27-B27B-9F2486F97375","63002233-04C6-4983-ABF9-1E1EBD5656C2","5B3A2D90-5475-4CCC-9893-801AF3A84FDB"
"8279622C-337E-4F27-B27B-9F2486F97375","63002233-04C6-4983-ABF9-1E1EBD5656C2","5BC14199-1738-4AAC-9466-8C14590F1D0D"
"8279622C-337E-4F27-B27B-9F2486F97375","63002233-04C6-4983-ABF9-1E1EBD5656C2","5C1A1017-0EDC-4D67-A958-BA20F1688527"
"8279622C-337E-4F27-B27B-9F2486F97375","63002233-04C6-4983-ABF9-1E1EBD5656C2","5C3E0579-6635-4338-AE99-98E5A19210F7"
"8279622C-337E-4F27-B27B-9F2486F97375","63002233-04C6-4983-ABF9-1E1EBD5656C2","5CB5BD5F-06F1-4F34-A98D-D63215E9AB16"
"8279622C-337E-4F27-B27B-9F2486F97375","63002233-04C6-4983-ABF9-1E1EBD5656C2","603C67EA-C32A-41E8-AA91-C1A3910069BF"
"8279622C-337E-4F27-B27B-9F2486F97375","63002233-04C6-4983-ABF9-1E1EBD5656C2","60409029-AD0E-4AA7-A9DC-368CE93EC2F8"
"8279622C-337E-4F27-B27B-9F2486F97375","63002233-04C6-4983-ABF9-1E1EBD5656C2","61C18A5B-B7A5-4233-BCDB-3EEE460581C0"
"8279622C-337E-4F27-B27B-9F2486F97375","63002233-04C6-4983-ABF9-1E1EBD5656C2","63FB24DE-12D7-40BB-8468-0B4399FD873C"
"8279622C-337E-4F27-B27B-9F2486F97375","63002233-04C6-4983-ABF9-1E1EBD5656C2","644B7EEB-4A20-4464-B1EF-1C385BD6ECA9"
"8279622C-337E-4F27-B27B-9F2486F97375","63002233-04C6-4983-ABF9-1E1EBD5656C2","64CC48C4-862F-46E0-A84A-45B3C2497979"
"8279622C-337E-4F27-B27B-9F2486F97375","63002233-04C6-4983-ABF9-1E1EBD5656C2","66BA0597-5DF9-41FB-84DB-1DF16B7547EC"
"8279622C-337E-4F27-B27B-9F2486F97375","63002233-04C6-4983-ABF9-1E1EBD5656C2","6D36FB74-FFEC-459D-97CC-FFEA1EBAE6C8"
"8279622C-337E-4F27-B27B-9F2486F97375","63002233-04C6-4983-ABF9-1E1EBD5656C2","6F237826-BB38-48BB-ADF4-26CDCE6A36ED"
"8279622C-337E-4F27-B27B-9F2486F97375","63002233-04C6-4983-ABF9-1E1EBD5656C2","717776DE-1887-467A-8ED3-E5FE88A9B4CA"
"8279622C-337E-4F27-B27B-9F2486F97375","63002233-04C6-4983-ABF9-1E1EBD5656C2","72CB79BD-8669-48C8-83F1-A43A06089E46"
"8279622C-337E-4F27-B27B-9F2486F97375","63002233-04C6-4983-ABF9-1E1EBD5656C2","75937B89-5DCF-4EB0-9177-669CF18B573E"
"8279622C-337E-4F27-B27B-9F2486F97375","63002233-04C6-4983-ABF9-1E1EBD5656C2","774ABC7F-590B-40BD-9F1E-9BCE3C121959"
"8279622C-337E-4F27-B27B-9F2486F97375","63002233-04C6-4983-ABF9-1E1EBD5656C2","79039627-804A-47A7-A02A-91ECABC53ECF"
"8279622C-337E-4F27-B27B-9F2486F97375","63002233-04C6-4983-ABF9-1E1EBD5656C2","791EF894-A876-46C1-9C28-B39661F67961"
"8279622C-337E-4F27-B27B-9F2486F97375","63002233-04C6-4983-ABF9-1E1EBD5656C2","7A59AC41-7425-4BF6-B9DD-6D4F1B8F83BF"
"8279622C-337E-4F27-B27B-9F2486F97375","63002233-04C6-4983-ABF9-1E1EBD5656C2","7AFBD64E-271C-49AA-A027-B19F77319D94"
"8279622C-337E-4F27-B27B-9F2486F97375","63002233-04C6-4983-ABF9-1E1EBD5656C2","7B07F095-640B-47CE-9994-B67A096107BE"
"8279622C-337E-4F27-B27B-9F2486F97375","63002233-04C6-4983-ABF9-1E1EBD5656C2","7D2D7FD6-F1B3-404B-886C-41470D681215"
"8279622C-337E-4F27-B27B-9F2486F97375","63002233-04C6-4983-ABF9-1E1EBD5656C2","7E6E5154-4C44-4C71-8D2A-FC9CA59FBE7A"
"8279622C-337E-4F27-B27B-9F2486F97375","63002233-04C6-4983-ABF9-1E1EBD5656C2","82E7D9DD-586D-4A0A-AA52-F6AA65DABEAE"
"8279622C-337E-4F27-B27B-9F2486F97375","63002233-04C6-4983-ABF9-1E1EBD5656C2","83C44386-5C2A-446B-BDBE-A4ED134F85D7"
"8279622C-337E-4F27-B27B-9F2486F97375","63002233-04C6-4983-ABF9-1E1EBD5656C2","869f0e00-c168-46a4-b476-3b0545480e83"
"8279622C-337E-4F27-B27B-9F2486F97375","63002233-04C6-4983-ABF9-1E1EBD5656C2","8A16D330-ABD7-4416-B6B3-44BB2F5A0B1D"
"8279622C-337E-4F27-B27B-9F2486F97375","63002233-04C6-4983-ABF9-1E1EBD5656C2","8A2C499A-D14D-40BD-BCD6-CCA0D77C5237"
"8279622C-337E-4F27-B27B-9F2486F97375","63002233-04C6-4983-ABF9-1E1EBD5656C2","8D371C6B-A5CC-4ED5-91E8-3BEAA5A1D821"
"8279622C-337E-4F27-B27B-9F2486F97375","63002233-04C6-4983-ABF9-1E1EBD5656C2","911B0277-0B65-4AF7-A71F-EFAADCA6F487"
"8279622C-337E-4F27-B27B-9F2486F97375","63002233-04C6-4983-ABF9-1E1EBD5656C2","913e919c-ee9b-4dcc-98d8-62a469e48e7d"
"8279622C-337E-4F27-B27B-9F2486F97375","63002233-04C6-4983-ABF9-1E1EBD5656C2","93ECC9F1-9B11-4527-BBE9-5175C794097B"
"8279622C-337E-4F27-B27B-9F2486F97375","63002233-04C6-4983-ABF9-1E1EBD5656C2","958AD252-D8B6-407F-A9D2-C0E756D2D841"
"8279622C-337E-4F27-B27B-9F2486F97375","63002233-04C6-4983-ABF9-1E1EBD5656C2","97147EDE-B3E9-4888-B6E2-9D31D4A4AFB4"
"8279622C-337E-4F27-B27B-9F2486F97375","63002233-04C6-4983-ABF9-1E1EBD5656C2","99932F76-1B27-4D50-BAC9-40A18CE7FB90"
"8279622C-337E-4F27-B27B-9F2486F97375","63002233-04C6-4983-ABF9-1E1EBD5656C2","99CF4A84-5B53-417B-9468-45D53F69BE54"
"8279622C-337E-4F27-B27B-9F2486F97375","63002233-04C6-4983-ABF9-1E1EBD5656C2","99D30C29-1BA6-4E59-8718-87F68E129BCB"
"8279622C-337E-4F27-B27B-9F2486F97375","63002233-04C6-4983-ABF9-1E1EBD5656C2","9e7cafd5-dcb8-4743-8ca8-87da090c5ec0"
"8279622C-337E-4F27-B27B-9F2486F97375","63002233-04C6-4983-ABF9-1E1EBD5656C2","9E9B0E76-863C-4A9B-90E5-82575E1E57FD"
"8279622C-337E-4F27-B27B-9F2486F97375","63002233-04C6-4983-ABF9-1E1EBD5656C2","9ECB1BAD-D3E6-4F6C-A9A3-BE6F80A6CA3D"
"8279622C-337E-4F27-B27B-9F2486F97375","63002233-04C6-4983-ABF9-1E1EBD5656C2","9ED7DCE1-4954-468F-8B58-A22D0B14373C"
"8279622C-337E-4F27-B27B-9F2486F97375","63002233-04C6-4983-ABF9-1E1EBD5656C2","9F976FB2-141C-4EAA-A6B6-1BC693F44220"
"8279622C-337E-4F27-B27B-9F2486F97375","63002233-04C6-4983-ABF9-1E1EBD5656C2","A06813C7-2D26-4DF0-8AD2-B04DC60DF063"
"8279622C-337E-4F27-B27B-9F2486F97375","63002233-04C6-4983-ABF9-1E1EBD5656C2","a0bf9c3d-c4e8-4cbc-94ad-eabc992344a0"
"8279622C-337E-4F27-B27B-9F2486F97375","63002233-04C6-4983-ABF9-1E1EBD5656C2","A3B61CC8-ADCD-4B03-BB9B-92E26D965870"
"8279622C-337E-4F27-B27B-9F2486F97375","63002233-04C6-4983-ABF9-1E1EBD5656C2","a44f3493-def9-4a02-87d6-920eae6a7cc0"
"8279622C-337E-4F27-B27B-9F2486F97375","63002233-04C6-4983-ABF9-1E1EBD5656C2","A4F7982F-E2E3-4726-9990-CA030F10445C"
"8279622C-337E-4F27-B27B-9F2486F97375","63002233-04C6-4983-ABF9-1E1EBD5656C2","A51B43D5-4706-4556-8A94-DABE7C61CC03"
"8279622C-337E-4F27-B27B-9F2486F97375","63002233-04C6-4983-ABF9-1E1EBD5656C2","A56C87BB-221C-4DBD-8A60-4BD4BB51DCC2"
"8279622C-337E-4F27-B27B-9F2486F97375","63002233-04C6-4983-ABF9-1E1EBD5656C2","A6562277-17DA-41F0-97F1-AE2CF99C4FC8"
"8279622C-337E-4F27-B27B-9F2486F97375","63002233-04C6-4983-ABF9-1E1EBD5656C2","ACB98E29-D4C8-49C6-873A-F46CC5E21DAD"
"8279622C-337E-4F27-B27B-9F2486F97375","63002233-04C6-4983-ABF9-1E1EBD5656C2","AD26AB05-4D3D-457F-969B-60532A100AD2"
"8279622C-337E-4F27-B27B-9F2486F97375","63002233-04C6-4983-ABF9-1E1EBD5656C2","B2B6FF2E-5EB0-4B00-89B0-B7FEA4CFB5CC"
"8279622C-337E-4F27-B27B-9F2486F97375","63002233-04C6-4983-ABF9-1E1EBD5656C2","B5B99074-4ECF-451A-953A-E7398D0114C5"
"8279622C-337E-4F27-B27B-9F2486F97375","63002233-04C6-4983-ABF9-1E1EBD5656C2","B603FD73-578D-4EB2-B121-C280EC735609"
"8279622C-337E-4F27-B27B-9F2486F97375","63002233-04C6-4983-ABF9-1E1EBD5656C2","B6F5FCD9-ACFC-4670-89CA-71F0A5B3967A"
"8279622C-337E-4F27-B27B-9F2486F97375","63002233-04C6-4983-ABF9-1E1EBD5656C2","B79DD95B-A051-40B2-933F-CA0B2237AB79"
"8279622C-337E-4F27-B27B-9F2486F97375","63002233-04C6-4983-ABF9-1E1EBD5656C2","B7D4BF98-26D3-4AB9-BCF7-40AC9FF09B78"
"8279622C-337E-4F27-B27B-9F2486F97375","63002233-04C6-4983-ABF9-1E1EBD5656C2","BBC53C43-5277-4D3A-B9AF-AD7F92AF702F"
"8279622C-337E-4F27-B27B-9F2486F97375","63002233-04C6-4983-ABF9-1E1EBD5656C2","BC02E362-FB03-43CF-9538-34811F284DC0"
"8279622C-337E-4F27-B27B-9F2486F97375","63002233-04C6-4983-ABF9-1E1EBD5656C2","BEE3F757-3B3D-4EE4-88CA-E7660704931E"
"8279622C-337E-4F27-B27B-9F2486F97375","63002233-04C6-4983-ABF9-1E1EBD5656C2","C1736665-A6F1-4537-B361-CBDCA4423658"
"8279622C-337E-4F27-B27B-9F2486F97375","63002233-04C6-4983-ABF9-1E1EBD5656C2","C203DED7-C306-41E0-9B93-BC47AEA48A5C"
"8279622C-337E-4F27-B27B-9F2486F97375","63002233-04C6-4983-ABF9-1E1EBD5656C2","C2133448-197A-4543-B6B1-E2BDE6A3E43E"
"8279622C-337E-4F27-B27B-9F2486F97375","63002233-04C6-4983-ABF9-1E1EBD5656C2","C248E1AE-B78C-42CE-91C5-6F1BF98AF069"
"8279622C-337E-4F27-B27B-9F2486F97375","63002233-04C6-4983-ABF9-1E1EBD5656C2","CA6E8502-6E7D-45F6-9C30-C7AAC4673F04"
"8279622C-337E-4F27-B27B-9F2486F97375","63002233-04C6-4983-ABF9-1E1EBD5656C2","cb6db8f7-d4bb-4349-9a93-d97f18e1a7af"
"8279622C-337E-4F27-B27B-9F2486F97375","63002233-04C6-4983-ABF9-1E1EBD5656C2","CC022337-449A-425D-A08F-C4079665C7BE"
"8279622C-337E-4F27-B27B-9F2486F97375","63002233-04C6-4983-ABF9-1E1EBD5656C2","CC43E6BE-4962-48A3-9553-4052ECF9AEBC"
"8279622C-337E-4F27-B27B-9F2486F97375","63002233-04C6-4983-ABF9-1E1EBD5656C2","CFE08044-A820-4E06-893B-46D8B2FC940F"
"8279622C-337E-4F27-B27B-9F2486F97375","63002233-04C6-4983-ABF9-1E1EBD5656C2","D1BA46F1-F941-4C5F-9402-28D911CE75C6"
"8279622C-337E-4F27-B27B-9F2486F97375","63002233-04C6-4983-ABF9-1E1EBD5656C2","D1D4E1DA-DC76-4203-A219-43EAEE85B777"
"8279622C-337E-4F27-B27B-9F2486F97375","63002233-04C6-4983-ABF9-1E1EBD5656C2","D3A7A9FB-FA3A-4B40-90D7-8144CCEF9298"
"8279622C-337E-4F27-B27B-9F2486F97375","63002233-04C6-4983-ABF9-1E1EBD5656C2","D3D270ED-9464-480F-B9B3-736E895D83D1"
"8279622C-337E-4F27-B27B-9F2486F97375","63002233-04C6-4983-ABF9-1E1EBD5656C2","D8EC2D00-57D8-49C3-983A-22E2AEE222F6"
"8279622C-337E-4F27-B27B-9F2486F97375","63002233-04C6-4983-ABF9-1E1EBD5656C2","DBDC9EA0-7B7E-479F-B290-D2A84EF7EAE9"
"8279622C-337E-4F27-B27B-9F2486F97375","63002233-04C6-4983-ABF9-1E1EBD5656C2","DCB8ABF7-EAFC-470A-81E4-0D024E8E4A22"
"8279622C-337E-4F27-B27B-9F2486F97375","63002233-04C6-4983-ABF9-1E1EBD5656C2","E084DC14-F7FD-4525-8554-CFEF3C5B42FC"
"8279622C-337E-4F27-B27B-9F2486F97375","63002233-04C6-4983-ABF9-1E1EBD5656C2","E1F92664-16B8-4F57-ABC8-24FA271BB314"
"8279622C-337E-4F27-B27B-9F2486F97375","63002233-04C6-4983-ABF9-1E1EBD5656C2","E3A3CBF0-14CB-4FCB-B207-FEF909F729B6"
"8279622C-337E-4F27-B27B-9F2486F97375","63002233-04C6-4983-ABF9-1E1EBD5656C2","E53C4DFA-73D0-46C1-9132-9A61777A703E"
"8279622C-337E-4F27-B27B-9F2486F97375","63002233-04C6-4983-ABF9-1E1EBD5656C2","E5412A70-B60A-4F05-BA7C-4A5ACD3595AE"
"8279622C-337E-4F27-B27B-9F2486F97375","63002233-04C6-4983-ABF9-1E1EBD5656C2","E9F5FB93-1F26-43D2-BED4-825B28558AB9"
"8279622C-337E-4F27-B27B-9F2486F97375","63002233-04C6-4983-ABF9-1E1EBD5656C2","EC0ADD64-6231-4F08-9A2C-93AEEDC29624"
"8279622C-337E-4F27-B27B-9F2486F97375","63002233-04C6-4983-ABF9-1E1EBD5656C2","EC5EBD86-D1F4-46FE-8DC6-7EC0DC82B454"
"8279622C-337E-4F27-B27B-9F2486F97375","63002233-04C6-4983-ABF9-1E1EBD5656C2","F071AB4A-29DA-4337-A2A3-044A600CF484"
"8279622C-337E-4F27-B27B-9F2486F97375","63002233-04C6-4983-ABF9-1E1EBD5656C2","F36462D1-D816-442E-8463-8021059D3709"
"8279622C-337E-4F27-B27B-9F2486F97375","63002233-04C6-4983-ABF9-1E1EBD5656C2","F4658473-1280-4B59-8B51-561BD1CF6817"
"8279622C-337E-4F27-B27B-9F2486F97375","63002233-04C6-4983-ABF9-1E1EBD5656C2","F87F924E-F815-4861-83AC-5E7E22B21C6D"
"8279622C-337E-4F27-B27B-9F2486F97375","63002233-04C6-4983-ABF9-1E1EBD5656C2","F89FD38D-04FC-4E8F-89AB-F1E6149C53D1"
"8279622C-337E-4F27-B27B-9F2486F97375","63002233-04C6-4983-ABF9-1E1EBD5656C2","FA24ED8C-AF98-481E-BBB2-7C1664ACC314"
"8279622C-337E-4F27-B27B-9F2486F97375","63002233-04C6-4983-ABF9-1E1EBD5656C2","FBA76763-DD0E-456C-A92C-AB886ED3D88E"
"8279622C-337E-4F27-B27B-9F2486F97375","63002233-04C6-4983-ABF9-1E1EBD5656C2","FC4D6040-3724-42D5-94DE-AFCCFC47DF12"
"8279622C-337E-4F27-B27B-9F2486F97375","63002233-04C6-4983-ABF9-1E1EBD5656C2","FC6BFE68-7E32-4FDB-BF95-C80EE23CB630"
"8279622C-337E-4F27-B27B-9F2486F97375","63002233-04C6-4983-ABF9-1E1EBD5656C2","FC7861FF-7A55-4FEF-AB36-EC40516A0771"
"8279622C-337E-4F27-B27B-9F2486F97375","63002233-04C6-4983-ABF9-1E1EBD5656C2","FCE3CC4D-33E5-491C-A811-BFB469910B4E"
"8279622C-337E-4F27-B27B-9F2486F97375","63002233-04C6-4983-ABF9-1E1EBD5656C2","FEABEF6C-FF52-496F-8F26-294BDEB5E118"
"8279622C-337E-4F27-B27B-9F2486F97375","63002233-04C6-4983-ABF9-1E1EBD5656C2","FECC8DB9-80EE-4719-B185-5FDF478E662F"
"8279622C-337E-4F27-B27B-9F2486F97375","63002233-04C6-4983-ABF9-1E1EBD5656C2","FFBD1F15-48B1-4B7B-B70D-FB7D24ED54D3"
"728E68A1-8DDD-43F8-8E0F-394369125F45","639476DB-9172-4FF5-B1CA-3256D2A5918C","1E5ED708-54CF-4372-9E3B-8FB21998194B"
"1433F7D7-A6C6-4F26-8805-A05EB7D7D1C7","63F91F4A-8656-4325-8A6B-54EFF9A0B903","2E1EAD0E-4839-42FC-80AE-CF0870AAB733"
"1433F7D7-A6C6-4F26-8805-A05EB7D7D1C7","63F91F4A-8656-4325-8A6B-54EFF9A0B903","B95CBEC0-95D8-4AFF-A4C1-D41D8C43B985"
"8A84131E-2BF2-489F-B9D6-2F7CFF32FCB2","6506C40A-8F02-433A-93C9-F08038BE360D","6CBFE935-F03B-4DA4-A966-3539AC966116"
"90D4603F-842F-4B56-B6BF-D723DDF5468D","6506FE9A-B1CE-4190-BE4F-516862B2A420","8D1107B4-6E29-40F2-9DE6-94231C2DA0CC"
"90D4603F-842F-4B56-B6BF-D723DDF5468D","6506FE9A-B1CE-4190-BE4F-516862B2A420","91D957D5-7A55-48E1-988C-251365B83F62"
"CA06AF07-11D4-452D-B29D-2E809F5908CF","650A86B9-3B7F-4AB1-BD63-AC7A0637D1ED","8E136A79-98E2-4024-A7F7-BFA40CD99AEF"
"CA06AF07-11D4-452D-B29D-2E809F5908CF","650A86B9-3B7F-4AB1-BD63-AC7A0637D1ED","CB2AA612-63A3-4BFC-B337-61A674A76B89"
"CA06AF07-11D4-452D-B29D-2E809F5908CF","650A86B9-3B7F-4AB1-BD63-AC7A0637D1ED","FEFC7502-FFC7-4051-9AB5-518BD6CDDB34"
"4193CB4E-7D75-4F45-A46D-F32EA2565DCD","6587F0CC-7DE6-40E9-AEE1-1CB79729F1EE","51A26809-7E20-4D32-AFA1-1CAFF8D64A09"
"4193CB4E-7D75-4F45-A46D-F32EA2565DCD","6587F0CC-7DE6-40E9-AEE1-1CB79729F1EE","AEF61A50-531A-4763-A719-324DD1F8B69A"
"4193CB4E-7D75-4F45-A46D-F32EA2565DCD","6587F0CC-7DE6-40E9-AEE1-1CB79729F1EE","D6666896-D52E-4531-A53F-E32B8F955C6B"
"PER","6593696B59BD6CAF8985A8527F9C369DB1F8","9cc023c1-8e91-451e-a16b-25c5d1c71523"
"8105393C-513A-4F34-9BC6-EE4F404F1885","66627F9A-3AEF-4B6E-89BE-5BC52250EE1C","9EE86CE9-A790-467D-B57D-C93D15755ECE"
"95C52767-33D6-46B9-8385-40AB1E42FCDE","6686F370-54C3-4C80-9877-3C6550CABA7B","011DDF76-3CBA-47C9-B42A-E4CEE4667D86"
"95C52767-33D6-46B9-8385-40AB1E42FCDE","6686F370-54C3-4C80-9877-3C6550CABA7B","1EB65358-082E-4DD2-80F3-62DACD8AB431"
"95C52767-33D6-46B9-8385-40AB1E42FCDE","6686F370-54C3-4C80-9877-3C6550CABA7B","1F49BACB-F7AB-43DB-A3B9-1C2D4813C32C"
"95C52767-33D6-46B9-8385-40AB1E42FCDE","6686F370-54C3-4C80-9877-3C6550CABA7B","461490C1-E4EA-4109-A308-47CEF9AE839C"
"95C52767-33D6-46B9-8385-40AB1E42FCDE","6686F370-54C3-4C80-9877-3C6550CABA7B","50E62913-CA28-401C-8D48-6FDC9A625E4D"
"95C52767-33D6-46B9-8385-40AB1E42FCDE","6686F370-54C3-4C80-9877-3C6550CABA7B","53199FDA-A921-452D-8EE7-E81E883E4F55"
"95C52767-33D6-46B9-8385-40AB1E42FCDE","6686F370-54C3-4C80-9877-3C6550CABA7B","59F84F1B-F8AF-4090-91A0-A96CDD50383F"
"95C52767-33D6-46B9-8385-40AB1E42FCDE","6686F370-54C3-4C80-9877-3C6550CABA7B","7A5F1B3E-A4CB-409E-A16C-AFDE7AC2C4B6"
"95C52767-33D6-46B9-8385-40AB1E42FCDE","6686F370-54C3-4C80-9877-3C6550CABA7B","8E88D47E-732A-4A65-B365-26F7517754EA"
"95C52767-33D6-46B9-8385-40AB1E42FCDE","6686F370-54C3-4C80-9877-3C6550CABA7B","915F2A5E-54B2-4F1E-801D-6A1FEC13F6AA"
"95C52767-33D6-46B9-8385-40AB1E42FCDE","6686F370-54C3-4C80-9877-3C6550CABA7B","9E9EAC64-A7C4-457E-A1D9-8AA419CF8A45"
"95C52767-33D6-46B9-8385-40AB1E42FCDE","6686F370-54C3-4C80-9877-3C6550CABA7B","A4452B1B-6EBD-4EAA-8086-C15EFCE0DD72"
"95C52767-33D6-46B9-8385-40AB1E42FCDE","6686F370-54C3-4C80-9877-3C6550CABA7B","AF9C94BE-7373-431D-9B25-FCCD8F798811"
"95C52767-33D6-46B9-8385-40AB1E42FCDE","6686F370-54C3-4C80-9877-3C6550CABA7B","B969FE97-2AA2-465C-9640-BCEC7D5AC6F9"
"95C52767-33D6-46B9-8385-40AB1E42FCDE","6686F370-54C3-4C80-9877-3C6550CABA7B","C082D71C-593E-4832-A4D6-72B0EF9C1AA8"
"95C52767-33D6-46B9-8385-40AB1E42FCDE","6686F370-54C3-4C80-9877-3C6550CABA7B","C5B14CD5-9D49-4CB1-A27F-4463C36C3600"
"95C52767-33D6-46B9-8385-40AB1E42FCDE","6686F370-54C3-4C80-9877-3C6550CABA7B","DB331F97-0DE8-41DD-8DCE-DACBAAB744EA"
"95C52767-33D6-46B9-8385-40AB1E42FCDE","6686F370-54C3-4C80-9877-3C6550CABA7B","E9611B3D-F1B4-4C97-832F-441016E6174D"
"95C52767-33D6-46B9-8385-40AB1E42FCDE","6686F370-54C3-4C80-9877-3C6550CABA7B","F41C9464-9FF8-4959-A32D-B9D851B3DF0B"
"B6D4BA88-2916-4C0B-9118-1A9ADC7ACD39","67590B4D-75F7-4710-8966-97BD82269752","C0DDD852-806D-4074-BEB2-C28C243339A1"
"66EF3DD0-60FB-4F59-854F-C7CB737B4B3F","676E2A19-C7AC-4206-A565-1CE2981E9ED8","0D4AA5B0-4064-47EE-9783-D6228C90C928"
"66EF3DD0-60FB-4F59-854F-C7CB737B4B3F","676E2A19-C7AC-4206-A565-1CE2981E9ED8","2ED0325F-DB55-47DA-9DD8-316EEC84E15B"
"66EF3DD0-60FB-4F59-854F-C7CB737B4B3F","676E2A19-C7AC-4206-A565-1CE2981E9ED8","35925F34-68B4-498C-BF2C-D10C13422537"
"66EF3DD0-60FB-4F59-854F-C7CB737B4B3F","676E2A19-C7AC-4206-A565-1CE2981E9ED8","635DE4A4-C022-41D6-BF1F-7BA030ADA5B0"
"66EF3DD0-60FB-4F59-854F-C7CB737B4B3F","676E2A19-C7AC-4206-A565-1CE2981E9ED8","65B4F270-ED76-40A7-8086-2F7230FCFBA8"
"66EF3DD0-60FB-4F59-854F-C7CB737B4B3F","676E2A19-C7AC-4206-A565-1CE2981E9ED8","6A58166E-6386-453B-8372-CB9889FACF25"
"66EF3DD0-60FB-4F59-854F-C7CB737B4B3F","676E2A19-C7AC-4206-A565-1CE2981E9ED8","8781F1B1-5C06-4CC7-BE29-5D5A741604BF"
"01426E3E-2FF9-4B9F-9AE3-1FEA7FE23BBA","8FE7DEEA-DE56-4A68-A9C0-9D4D5C3B1A39","90ea77a5-5691-40e0-bad2-f93c423914fb"
"824C882D-DDA3-4262-AD97-0E00A1B6B1E8","9009CE81-A269-4797-AA86-BB26CDC595C5","79A9F3D5-4F12-4765-9DE4-280A3AAA34E1"
"DE23F891-E976-4646-A08B-A6F80199054C","906F6663-B9AC-4598-A37F-3E30A8B46D6B","1E5ED708-54CF-4372-9E3B-8FB21998194B"
"500FEA6E-C33C-45B6-9B70-D0664EE65DC5","90FEFC46-2467-443A-A6B2-2085D7F85F1F","7D4CBFA7-96B3-4D03-A821-24C20438F1E0"
"4A465EDC-A1DD-460A-9933-4B2F9283A7A3","910CB7E8-6F74-4EED-AD95-746F3E37AD2A","694DEF9B-9531-47BB-B694-72FAE2E13D21"
"4A465EDC-A1DD-460A-9933-4B2F9283A7A3","910CB7E8-6F74-4EED-AD95-746F3E37AD2A","7D12CF85-C92D-432B-99DD-0D0338E24C0B"
"4A465EDC-A1DD-460A-9933-4B2F9283A7A3","910CB7E8-6F74-4EED-AD95-746F3E37AD2A","eee019a5-4b9c-4ed8-ad09-faeefd27fea7"
"D7339B1F-E093-4ED5-8C42-4C0F4F10CFD9","91FEE43A-02BC-491D-AA79-166AE4C0B185","863B30CF-0856-4D63-AC76-FF3B5504F497"
"D7339B1F-E093-4ED5-8C42-4C0F4F10CFD9","91FEE43A-02BC-491D-AA79-166AE4C0B185","E5CBAC4A-786C-4001-B1CD-B248438DC316"
"0FF1ACA3-583B-452B-86C8-7B327AE3552C","9228B283-927C-4A3F-A149-32389349223D","003F2BF6-B803-4EA2-8477-08A845A48912"
"0FF1ACA3-583B-452B-86C8-7B327AE3552C","9228B283-927C-4A3F-A149-32389349223D","6530DE3E-F6B4-47D5-86D1-FD6775B34B34"
"0FF1ACA3-583B-452B-86C8-7B327AE3552C","9228B283-927C-4A3F-A149-32389349223D","A9FDA30B-352B-46F0-A89B-5EB1880721C1"
"9FEEE434-9AF8-40BC-8FA3-921D94601F1B","922AF356-ED8B-4FF5-B10B-1090591F9F60","0EDBE4EC-E1EA-4A57-9440-4901372FA3DB"
"9FEEE434-9AF8-40BC-8FA3-921D94601F1B","922AF356-ED8B-4FF5-B10B-1090591F9F60","1B81780D-F1FB-4CFB-80B7-29E138C101C5"
"9FEEE434-9AF8-40BC-8FA3-921D94601F1B","922AF356-ED8B-4FF5-B10B-1090591F9F60","5D7DC670-AF48-4137-89BA-CA7982D933A9"
"9FEEE434-9AF8-40BC-8FA3-921D94601F1B","922AF356-ED8B-4FF5-B10B-1090591F9F60","7223BA33-862C-455A-8E62-6F024AB7B5A4"
"9FEEE434-9AF8-40BC-8FA3-921D94601F1B","922AF356-ED8B-4FF5-B10B-1090591F9F60","76597EDD-6C68-49BF-BF48-B23B38BA26C6"
"9FEEE434-9AF8-40BC-8FA3-921D94601F1B","922AF356-ED8B-4FF5-B10B-1090591F9F60","853F0497-6AD9-4EF3-98FB-1AB74AA05142"
"9FEEE434-9AF8-40BC-8FA3-921D94601F1B","922AF356-ED8B-4FF5-B10B-1090591F9F60","927CA78C-4554-425A-BD39-D6BC8CF45E21"
"9FEEE434-9AF8-40BC-8FA3-921D94601F1B","922AF356-ED8B-4FF5-B10B-1090591F9F60","96AB7E48-9767-4A54-8C5F-082584FDB31B"
"9FEEE434-9AF8-40BC-8FA3-921D94601F1B","922AF356-ED8B-4FF5-B10B-1090591F9F60","989D5342-7B04-4082-9E9D-349160221DE3"
"9FEEE434-9AF8-40BC-8FA3-921D94601F1B","922AF356-ED8B-4FF5-B10B-1090591F9F60","9AB55DD6-2F14-4FCE-9B0B-4FCB4E67B13E"
"9FEEE434-9AF8-40BC-8FA3-921D94601F1B","922AF356-ED8B-4FF5-B10B-1090591F9F60","9B619C01-42F9-4BB5-8AC3-C8E3B45A7FC9"
"9FEEE434-9AF8-40BC-8FA3-921D94601F1B","922AF356-ED8B-4FF5-B10B-1090591F9F60","9D4C7E5D-E8D0-4E02-81A5-FC6720A0D93D"
"9FEEE434-9AF8-40BC-8FA3-921D94601F1B","922AF356-ED8B-4FF5-B10B-1090591F9F60","BB111753-C391-40F7-9701-0FB77A55E62E"
"9FEEE434-9AF8-40BC-8FA3-921D94601F1B","922AF356-ED8B-4FF5-B10B-1090591F9F60","C06DA56D-F3D7-41D1-8C62-FC10971CB31B"
"9FEEE434-9AF8-40BC-8FA3-921D94601F1B","922AF356-ED8B-4FF5-B10B-1090591F9F60","C824ABD5-737C-45BE-9CE9-C6638AB8807D"
"9FEEE434-9AF8-40BC-8FA3-921D94601F1B","922AF356-ED8B-4FF5-B10B-1090591F9F60","D92621D1-1AF5-4182-B58E-144DDEABBE67"
"9FEEE434-9AF8-40BC-8FA3-921D94601F1B","922AF356-ED8B-4FF5-B10B-1090591F9F60","E53BECEC-78DB-483D-8412-971124F3C4DB"
"9FEEE434-9AF8-40BC-8FA3-921D94601F1B","922AF356-ED8B-4FF5-B10B-1090591F9F60","EDB3B0AA-C13E-4072-B4CF-57548B97B022"
"884787E4-BBE4-4827-BCE4-B0C5F1963919","92B7843A-517D-468E-B4CE-3DD2BF8DA78D","A0538920-7068-4987-9AA3-DAE4C0DDD6AA"
"55E61E83-B47E-42EF-8F45-AD901E0727E9","93275211-A423-4417-BF36-60DC956D9979","63177D3B-5719-4A06-ABD3-B5CEA64087D3"
"67B359BE-DF24-480E-960D-55BD53E72863","933D9F5A-4BAD-4D8B-A064-D3E066DFA54C","AD69A66E-C311-4BF7-B665-B508B87F8345"
"AD6E1EF5-A240-4978-900E-EB4C9D71244B","9382054D-EB08-402F-8C77-1F98B636168F","031F8A0C-9958-4B89-946E-28D27A338598"
"AD6E1EF5-A240-4978-900E-EB4C9D71244B","9382054D-EB08-402F-8C77-1F98B636168F","0A5278F0-6BB6-49F5-B488-4AB82B135475"
"AD6E1EF5-A240-4978-900E-EB4C9D71244B","9382054D-EB08-402F-8C77-1F98B636168F","0D40DBA3-6653-4094-B9A1-CB095855F274"
"AD6E1EF5-A240-4978-900E-EB4C9D71244B","9382054D-EB08-402F-8C77-1F98B636168F","1102EEB1-B1D8-43F1-A18A-5FFCB71EE581"
"AD6E1EF5-A240-4978-900E-EB4C9D71244B","9382054D-EB08-402F-8C77-1F98B636168F","12978F8B-C42B-40F6-A7B3-B7BCD585F634"
"AD6E1EF5-A240-4978-900E-EB4C9D71244B","9382054D-EB08-402F-8C77-1F98B636168F","134F98C5-5F97-4275-AC23-58E78E969DFF"
"AD6E1EF5-A240-4978-900E-EB4C9D71244B","9382054D-EB08-402F-8C77-1F98B636168F","17A22F10-EF3D-4B1C-B953-8D4BDFC6EEF4"
"AD6E1EF5-A240-4978-900E-EB4C9D71244B","9382054D-EB08-402F-8C77-1F98B636168F","1D9CF711-8E3D-4872-9F31-C8D66630A88B"
"AD6E1EF5-A240-4978-900E-EB4C9D71244B","9382054D-EB08-402F-8C77-1F98B636168F","214F96EA-4E5B-4AC4-9C15-E8339AAFB1C3"
"AD6E1EF5-A240-4978-900E-EB4C9D71244B","9382054D-EB08-402F-8C77-1F98B636168F","22879D7E-F937-4C18-B315-120D371646B7"
"AD6E1EF5-A240-4978-900E-EB4C9D71244B","9382054D-EB08-402F-8C77-1F98B636168F","289E6993-88DA-44B3-822C-37397F150FB0"
"AD6E1EF5-A240-4978-900E-EB4C9D71244B","9382054D-EB08-402F-8C77-1F98B636168F","290B2E90-E3A7-4691-B9EF-B94230AD59E5"
"AD6E1EF5-A240-4978-900E-EB4C9D71244B","9382054D-EB08-402F-8C77-1F98B636168F","2B88E7D5-644E-4398-B590-B4D63A74B1C4"
"AD6E1EF5-A240-4978-900E-EB4C9D71244B","9382054D-EB08-402F-8C77-1F98B636168F","2F00C59C-B66E-443E-A6ED-C6BBC5586927"
"AD6E1EF5-A240-4978-900E-EB4C9D71244B","9382054D-EB08-402F-8C77-1F98B636168F","2F1BC826-F151-4840-8BE0-5C1468B8FA5A"
"AD6E1EF5-A240-4978-900E-EB4C9D71244B","9382054D-EB08-402F-8C77-1F98B636168F","2FE94183-35E0-4C91-BCEE-9C0DE0DD7D35"
"AD6E1EF5-A240-4978-900E-EB4C9D71244B","9382054D-EB08-402F-8C77-1F98B636168F","32A15798-FA8B-4BDA-90FC-4258993DD596"
"AD6E1EF5-A240-4978-900E-EB4C9D71244B","9382054D-EB08-402F-8C77-1F98B636168F","35C6B1E4-F459-4829-A59C-BC2ACB316687"
"AD6E1EF5-A240-4978-900E-EB4C9D71244B","9382054D-EB08-402F-8C77-1F98B636168F","3A2E3463-EDD6-41FB-83BA-04A01BAA84B4"
"AD6E1EF5-A240-4978-900E-EB4C9D71244B","9382054D-EB08-402F-8C77-1F98B636168F","3A928EAD-E739-4496-8F20-B3DD82196ED2"
"AD6E1EF5-A240-4978-900E-EB4C9D71244B","9382054D-EB08-402F-8C77-1F98B636168F","4471EA3E-41D7-49E5-ACDE-644F23AEC0D8"
"AD6E1EF5-A240-4978-900E-EB4C9D71244B","9382054D-EB08-402F-8C77-1F98B636168F","4A5CD0BF-E814-4A77-815E-74EB8B398321"
"AD6E1EF5-A240-4978-900E-EB4C9D71244B","9382054D-EB08-402F-8C77-1F98B636168F","4AF43CA1-B02A-47D3-92A8-94D92A4611EF"
"AD6E1EF5-A240-4978-900E-EB4C9D71244B","9382054D-EB08-402F-8C77-1F98B636168F","4E08AD39-8456-4777-8727-C5D0DC85E38E"
"AD6E1EF5-A240-4978-900E-EB4C9D71244B","9382054D-EB08-402F-8C77-1F98B636168F","4F13ABEC-F566-4833-9419-00E0CF73B34D"
"AD6E1EF5-A240-4978-900E-EB4C9D71244B","9382054D-EB08-402F-8C77-1F98B636168F","5462C088-FB2A-440D-A2CD-430CFC85A527"
"AD6E1EF5-A240-4978-900E-EB4C9D71244B","9382054D-EB08-402F-8C77-1F98B636168F","552BA2C1-379D-4FF7-8038-577AA5C02FD1"
"AD6E1EF5-A240-4978-900E-EB4C9D71244B","9382054D-EB08-402F-8C77-1F98B636168F","57258229-0802-44EE-9DA5-D09DFA4E7B6E"
"AD6E1EF5-A240-4978-900E-EB4C9D71244B","9382054D-EB08-402F-8C77-1F98B636168F","5D59CE5C-7ED3-44D0-8FC8-C7433ECF1ED1"
"AD6E1EF5-A240-4978-900E-EB4C9D71244B","9382054D-EB08-402F-8C77-1F98B636168F","60E26541-F9AD-481F-AA72-BC6050D06150"
"AD6E1EF5-A240-4978-900E-EB4C9D71244B","9382054D-EB08-402F-8C77-1F98B636168F","6387A9B0-C3F5-442A-B371-9747AF6A4CF1"
"AD6E1EF5-A240-4978-900E-EB4C9D71244B","9382054D-EB08-402F-8C77-1F98B636168F","65E826D7-5BFE-41C2-9FCC-84B8FC41F3D2"
"AD6E1EF5-A240-4978-900E-EB4C9D71244B","9382054D-EB08-402F-8C77-1F98B636168F","67ACBCF5-8BF6-4020-8B2D-2DBCB3EE4CFB"
"AD6E1EF5-A240-4978-900E-EB4C9D71244B","9382054D-EB08-402F-8C77-1F98B636168F","6B9B20F5-B847-43B3-82CB-AFDF1F45583B"
"AD6E1EF5-A240-4978-900E-EB4C9D71244B","9382054D-EB08-402F-8C77-1F98B636168F","6CC0AA7F-9C54-4D61-883E-3F1D0C20B5AA"
"AD6E1EF5-A240-4978-900E-EB4C9D71244B","9382054D-EB08-402F-8C77-1F98B636168F","6E6FB82A-182D-4581-A31E-480879CA102C"
"AD6E1EF5-A240-4978-900E-EB4C9D71244B","9382054D-EB08-402F-8C77-1F98B636168F","710E1695-5951-4D97-8BE1-0BC289165541"
"AD6E1EF5-A240-4978-900E-EB4C9D71244B","9382054D-EB08-402F-8C77-1F98B636168F","7DD2A2CD-3793-4F98-B1B8-0CD84A945198"
"AD6E1EF5-A240-4978-900E-EB4C9D71244B","9382054D-EB08-402F-8C77-1F98B636168F","7E0AE71E-E664-4D98-A3DC-61DCCA3DB4EA"
"AD6E1EF5-A240-4978-900E-EB4C9D71244B","9382054D-EB08-402F-8C77-1F98B636168F","8188EA45-97F0-45DA-9724-3F8342E4CBF8"
"AD6E1EF5-A240-4978-900E-EB4C9D71244B","9382054D-EB08-402F-8C77-1F98B636168F","82CFF8AD-F5F5-41AE-8FC5-F123D8C4E0C7"
"AD6E1EF5-A240-4978-900E-EB4C9D71244B","9382054D-EB08-402F-8C77-1F98B636168F","88CB786F-2563-4C56-8B03-42746FD8DCB6"
"AD6E1EF5-A240-4978-900E-EB4C9D71244B","9382054D-EB08-402F-8C77-1F98B636168F","8bcd8025-6c4e-48ee-9b80-8806b6095bf3"
"AD6E1EF5-A240-4978-900E-EB4C9D71244B","9382054D-EB08-402F-8C77-1F98B636168F","92C84749-BBB3-441C-A2E2-7FDB49A7D72B"
"AD6E1EF5-A240-4978-900E-EB4C9D71244B","9382054D-EB08-402F-8C77-1F98B636168F","95E3A2FC-E222-49F7-8FA5-EE9B45D6750B"
"AD6E1EF5-A240-4978-900E-EB4C9D71244B","9382054D-EB08-402F-8C77-1F98B636168F","9885D6B2-73C5-4DEA-A77F-D44D7CA29600"
"AD6E1EF5-A240-4978-900E-EB4C9D71244B","9382054D-EB08-402F-8C77-1F98B636168F","9D688D71-3185-4FEE-8BE8-A632CEC73BBC"
"AD6E1EF5-A240-4978-900E-EB4C9D71244B","9382054D-EB08-402F-8C77-1F98B636168F","A0BC4342-C77E-4B3C-95E4-EAF61F34114A"
"AD6E1EF5-A240-4978-900E-EB4C9D71244B","9382054D-EB08-402F-8C77-1F98B636168F","A55EBEC1-A32B-482D-8FD8-A5A46EF44702"
"AD6E1EF5-A240-4978-900E-EB4C9D71244B","9382054D-EB08-402F-8C77-1F98B636168F","A824E538-92FD-4813-A863-28434754B768"
"AD6E1EF5-A240-4978-900E-EB4C9D71244B","9382054D-EB08-402F-8C77-1F98B636168F","A8AAC065-8F55-4F57-99F6-573B5733AC02"
"AD6E1EF5-A240-4978-900E-EB4C9D71244B","9382054D-EB08-402F-8C77-1F98B636168F","ACDAC6B4-2AEA-4B6D-A3D9-4BF3227D1652"
"AD6E1EF5-A240-4978-900E-EB4C9D71244B","9382054D-EB08-402F-8C77-1F98B636168F","AE21D7EA-CAE9-44E2-8822-3732F7E80C0C"
"AD6E1EF5-A240-4978-900E-EB4C9D71244B","9382054D-EB08-402F-8C77-1F98B636168F","AE340781-0CDE-491C-A565-0226FE5EB427"
"AD6E1EF5-A240-4978-900E-EB4C9D71244B","9382054D-EB08-402F-8C77-1F98B636168F","B148E42A-83E1-4A3C-8D19-4D8755A6477C"
"AD6E1EF5-A240-4978-900E-EB4C9D71244B","9382054D-EB08-402F-8C77-1F98B636168F","B5D4DCD7-A885-4119-A05F-7EFA581AEF17"
"AD6E1EF5-A240-4978-900E-EB4C9D71244B","9382054D-EB08-402F-8C77-1F98B636168F","BAECA7FB-6DAB-415F-99D6-FB24486A6CB4"
"AD6E1EF5-A240-4978-900E-EB4C9D71244B","9382054D-EB08-402F-8C77-1F98B636168F","C73FE465-BE87-4C25-ACBB-419EDC10B410"
"AD6E1EF5-A240-4978-900E-EB4C9D71244B","9382054D-EB08-402F-8C77-1F98B636168F","CB0BD52F-6201-4754-88CF-A6F7615A0BED"
"AD6E1EF5-A240-4978-900E-EB4C9D71244B","9382054D-EB08-402F-8C77-1F98B636168F","D04DE598-8766-4DDC-A98C-2B3E88F8AFF3"
"AD6E1EF5-A240-4978-900E-EB4C9D71244B","9382054D-EB08-402F-8C77-1F98B636168F","D142F243-BAF2-4380-8FC9-C233B3DF3FBE"
"AD6E1EF5-A240-4978-900E-EB4C9D71244B","9382054D-EB08-402F-8C77-1F98B636168F","D9DE6947-294F-4789-9D87-A855DFA12C4A"
"AD6E1EF5-A240-4978-900E-EB4C9D71244B","9382054D-EB08-402F-8C77-1F98B636168F","DC43DE59-7C39-4629-AE79-24E6B24FE152"
"AD6E1EF5-A240-4978-900E-EB4C9D71244B","9382054D-EB08-402F-8C77-1F98B636168F","E392C597-A53B-4B64-A326-1E0F1BE88972"
"AD6E1EF5-A240-4978-900E-EB4C9D71244B","9382054D-EB08-402F-8C77-1F98B636168F","E5AEDE9B-3331-471C-A83B-E611F559D761"
"AD6E1EF5-A240-4978-900E-EB4C9D71244B","9382054D-EB08-402F-8C77-1F98B636168F","E6EEB26D-26BD-47C0-A36C-CA0C72068B92"
"AD6E1EF5-A240-4978-900E-EB4C9D71244B","9382054D-EB08-402F-8C77-1F98B636168F","EA73F1DA-54FA-42B1-9A7E-32CF0F2F0ECE"
"AD6E1EF5-A240-4978-900E-EB4C9D71244B","9382054D-EB08-402F-8C77-1F98B636168F","EB600C66-6BD1-4621-944C-F2EA3314E6DA"
"AD6E1EF5-A240-4978-900E-EB4C9D71244B","9382054D-EB08-402F-8C77-1F98B636168F","EFFD1C23-80E0-4527-96B2-4E87C10C498B"
"AD6E1EF5-A240-4978-900E-EB4C9D71244B","9382054D-EB08-402F-8C77-1F98B636168F","F281FEB8-93A0-4AF8-AA2C-E278E15573B1"
"AD6E1EF5-A240-4978-900E-EB4C9D71244B","9382054D-EB08-402F-8C77-1F98B636168F","F3D01866-323E-402C-ABB8-5C40A8047341"
"AD6E1EF5-A240-4978-900E-EB4C9D71244B","9382054D-EB08-402F-8C77-1F98B636168F","FC995307-55DC-4CEB-982C-59BFE033898E"
"74752D94-956D-471E-A68E-475A071EA024","93AABA18-A67F-4E83-912C-597504754655","0AC478AC-C623-4BB4-8A98-D8EC64BAC9EB"
"74752D94-956D-471E-A68E-475A071EA024","93AABA18-A67F-4E83-912C-597504754655","2417FA1B-E57E-4063-BC64-5AC1C753FA99"
"74752D94-956D-471E-A68E-475A071EA024","93AABA18-A67F-4E83-912C-597504754655","2884E063-93DA-48BE-8B1C-9BB96D095A2F"
"74752D94-956D-471E-A68E-475A071EA024","93AABA18-A67F-4E83-912C-597504754655","3E42CE43-2B5D-434D-A0B3-5AA6EB4EB567"
"74752D94-956D-471E-A68E-475A071EA024","93AABA18-A67F-4E83-912C-597504754655","419E4285-5E42-4C45-A507-83802B331C5C"
"74752D94-956D-471E-A68E-475A071EA024","93AABA18-A67F-4E83-912C-597504754655","4730F9BA-A69E-4EE7-B180-DA1EF10466B9"
"74752D94-956D-471E-A68E-475A071EA024","93AABA18-A67F-4E83-912C-597504754655","49587F55-186A-4064-BF02-BFB37D59E283"
"74752D94-956D-471E-A68E-475A071EA024","93AABA18-A67F-4E83-912C-597504754655","5A5C488C-20D4-45FF-BB72-F85041B5D227"
"74752D94-956D-471E-A68E-475A071EA024","93AABA18-A67F-4E83-912C-597504754655","98BBEADB-7370-4358-8933-098E206384E6"
"74752D94-956D-471E-A68E-475A071EA024","93AABA18-A67F-4E83-912C-597504754655","EF3F0513-DE20-42E8-A89C-CD8FD0969C3E"
"74752D94-956D-471E-A68E-475A071EA024","93AABA18-A67F-4E83-912C-597504754655","F2C695D8-8CB8-4654-B677-C3E3BDDB0ABA"
"9BD68024-485D-460E-94D3-DCFAE9FCD6BD","93B11906-D87D-4C03-85FA-3FF1A16D261D","B500C113-23CB-4854-8F8B-6916F5246E10"
"4E978409-E37F-454B-94FA-53A970EB22C5","93CA37B1-1956-4C26-9826-4DF31F8B72FC","41F24AA6-0B1E-46B3-95A3-3ABF45237A8B"
"4E978409-E37F-454B-94FA-53A970EB22C5","93CA37B1-1956-4C26-9826-4DF31F8B72FC","7A923EA3-9C45-4EAF-80DF-EADF4E8319C5"
"4E978409-E37F-454B-94FA-53A970EB22C5","93CA37B1-1956-4C26-9826-4DF31F8B72FC","C8247752-F817-45CB-86A2-5499BEDACCB0"
"4E978409-E37F-454B-94FA-53A970EB22C5","93CA37B1-1956-4C26-9826-4DF31F8B72FC","DA503105-7609-4F86-ACBD-D7DD31C69896"
"4E978409-E37F-454B-94FA-53A970EB22C5","93CA37B1-1956-4C26-9826-4DF31F8B72FC","F1785E93-0879-44E4-A578-26A6E5891AB3"
"AB794EF2-A933-4632-890D-B497E9C268C9","93E3EEF2-6AB0-4ACB-A83E-B2A6F5AAC6A8","2C1A042F-8C32-4403-BC79-F47B557CFEAD"
"AB794EF2-A933-4632-890D-B497E9C268C9","93E3EEF2-6AB0-4ACB-A83E-B2A6F5AAC6A8","55F3E438-F21A-4702-AFCE-492ADB8B0382"
"AB794EF2-A933-4632-890D-B497E9C268C9","93E3EEF2-6AB0-4ACB-A83E-B2A6F5AAC6A8","637B08E8-7600-4810-9CD3-1680D4110640"
"C93DA293-BDFB-4141-A872-E1ECADD1B3FF","9449C663-F8B3-4101-B97C-4D62183A4A98","12D86130-5AF6-4FF9-95AC-881EE336A1E3"
"C93DA293-BDFB-4141-A872-E1ECADD1B3FF","9449C663-F8B3-4101-B97C-4D62183A4A98","16AC7CB2-D2D4-4730-8025-635967EBFEC1"
"C93DA293-BDFB-4141-A872-E1ECADD1B3FF","9449C663-F8B3-4101-B97C-4D62183A4A98","18B714E1-25F6-4E8E-B958-8B8D2E263E79"
"C93DA293-BDFB-4141-A872-E1ECADD1B3FF","9449C663-F8B3-4101-B97C-4D62183A4A98","3F0D0983-9494-4D82-98D3-12C35453BAB7"
"C93DA293-BDFB-4141-A872-E1ECADD1B3FF","9449C663-F8B3-4101-B97C-4D62183A4A98","45A62A99-7D8F-4715-9DA6-87208A7D214C"
"C93DA293-BDFB-4141-A872-E1ECADD1B3FF","9449C663-F8B3-4101-B97C-4D62183A4A98","7943A00E-7570-417B-9B9D-07EB7BA08702"
"C93DA293-BDFB-4141-A872-E1ECADD1B3FF","9449C663-F8B3-4101-B97C-4D62183A4A98","7BD5AE8E-33E4-4998-B939-FD1F5257C511"
"C93DA293-BDFB-4141-A872-E1ECADD1B3FF","9449C663-F8B3-4101-B97C-4D62183A4A98","A77F07D0-825D-4D98-825E-AE24279F986B"
"C93DA293-BDFB-4141-A872-E1ECADD1B3FF","9449C663-F8B3-4101-B97C-4D62183A4A98","A7E1B496-118E-4803-86AD-205A5B7A2437"
"C93DA293-BDFB-4141-A872-E1ECADD1B3FF","9449C663-F8B3-4101-B97C-4D62183A4A98","EA6B291E-5E46-4A58-8730-0204AD2FDA5D"
"C93DA293-BDFB-4141-A872-E1ECADD1B3FF","9449C663-F8B3-4101-B97C-4D62183A4A98","EE54A839-B6D3-4908-92B6-67AD6D5C8C69"
"C93DA293-BDFB-4141-A872-E1ECADD1B3FF","9449C663-F8B3-4101-B97C-4D62183A4A98","F372F144-3B68-4347-8A28-B28B47AB3745"
"BE1601A5-297E-4ED5-AF76-DCD87F6223CD","94C1CB66-6BCF-4E04-8288-0B3CD48EE8E0","95A9EFE5-6172-4CF3-91A5-A1614242ACFD"
"E69641B9-5A98-4D5D-A197-FB7096477254","94CF3FA2-38A5-4384-8E8F-4CC422B6DC1D","05551DDB-D99A-4201-94BD-C2B3334B2B53"
"E69641B9-5A98-4D5D-A197-FB7096477254","94CF3FA2-38A5-4384-8E8F-4CC422B6DC1D","1095B5CD-7F9F-45F2-9430-CD7DC5F57D68"
"E69641B9-5A98-4D5D-A197-FB7096477254","94CF3FA2-38A5-4384-8E8F-4CC422B6DC1D","24EA3BF2-EEA7-491E-9E5D-D09B521B13B7"
"E69641B9-5A98-4D5D-A197-FB7096477254","94CF3FA2-38A5-4384-8E8F-4CC422B6DC1D","2D082BDD-5287-454C-BB49-DDFE980ED358"
"E69641B9-5A98-4D5D-A197-FB7096477254","94CF3FA2-38A5-4384-8E8F-4CC422B6DC1D","38B564C2-36EE-4403-A66A-830045F26BE6"
"E69641B9-5A98-4D5D-A197-FB7096477254","94CF3FA2-38A5-4384-8E8F-4CC422B6DC1D","6AFE0DBE-4543-48D2-A6A1-E0D65D240D76"
"E69641B9-5A98-4D5D-A197-FB7096477254","94CF3FA2-38A5-4384-8E8F-4CC422B6DC1D","7C64F48C-D163-4098-A113-6267F5771A8F"
"E69641B9-5A98-4D5D-A197-FB7096477254","94CF3FA2-38A5-4384-8E8F-4CC422B6DC1D","911E8810-2E95-4366-9420-83BA40198F2A"
"E69641B9-5A98-4D5D-A197-FB7096477254","94CF3FA2-38A5-4384-8E8F-4CC422B6DC1D","AEBBDBAD-405E-4C24-A160-899F5A939BBD"
"E69641B9-5A98-4D5D-A197-FB7096477254","94CF3FA2-38A5-4384-8E8F-4CC422B6DC1D","B60EDF67-B9BE-405F-BA82-B06EE1EFE6AF"
"E69641B9-5A98-4D5D-A197-FB7096477254","94CF3FA2-38A5-4384-8E8F-4CC422B6DC1D","B94354F5-C15D-45B6-A991-D1DB3B0FF8C5"
"E69641B9-5A98-4D5D-A197-FB7096477254","94CF3FA2-38A5-4384-8E8F-4CC422B6DC1D","BC5A605B-474C-4273-8984-9D8F07B37602"
"E69641B9-5A98-4D5D-A197-FB7096477254","94CF3FA2-38A5-4384-8E8F-4CC422B6DC1D","CAB5CFA5-4BD9-4A5E-BACE-FBA57B2D14B9"
"E69641B9-5A98-4D5D-A197-FB7096477254","94CF3FA2-38A5-4384-8E8F-4CC422B6DC1D","CC8BC811-E4D1-4E92-8F25-7E6D5E6278B5"
"E69641B9-5A98-4D5D-A197-FB7096477254","94CF3FA2-38A5-4384-8E8F-4CC422B6DC1D","CCDA8800-48C5-4AF1-98EF-D55EE7575CA9"
"E69641B9-5A98-4D5D-A197-FB7096477254","94CF3FA2-38A5-4384-8E8F-4CC422B6DC1D","E7CCD9F6-84DF-4186-BD76-4222D7007E9F"
"E69641B9-5A98-4D5D-A197-FB7096477254","94CF3FA2-38A5-4384-8E8F-4CC422B6DC1D","f6cd98c1-e174-4bb3-be48-80ab6584ba25"
"D5A6C704-1A3C-4593-A7E2-85F3F29DCBBF","94E3393A-0FA8-4720-B472-C57493BCE52E","0EFD031D-800C-4AB6-A24F-D0389E73338C"
"D5A6C704-1A3C-4593-A7E2-85F3F29DCBBF","94E3393A-0FA8-4720-B472-C57493BCE52E","22793FAD-3F3F-4C92-AC33-89052C1FE13E"
"D5A6C704-1A3C-4593-A7E2-85F3F29DCBBF","94E3393A-0FA8-4720-B472-C57493BCE52E","3D17E157-3D86-483B-BA3E-3D66C377743B"
"D5A6C704-1A3C-4593-A7E2-85F3F29DCBBF","94E3393A-0FA8-4720-B472-C57493BCE52E","647D1B08-03F9-476B-904A-D5DA2F1B37F0"
"D5A6C704-1A3C-4593-A7E2-85F3F29DCBBF","94E3393A-0FA8-4720-B472-C57493BCE52E","810FFED7-DB8E-4D93-A77D-182C3093DE87"
"D5A6C704-1A3C-4593-A7E2-85F3F29DCBBF","94E3393A-0FA8-4720-B472-C57493BCE52E","ACE0F17B-89E3-401E-9AD0-969C202888DD"
"D5A6C704-1A3C-4593-A7E2-85F3F29DCBBF","94E3393A-0FA8-4720-B472-C57493BCE52E","B96D9ABB-2102-46A7-ACA1-B06BFF4A70A0"
"D5A6C704-1A3C-4593-A7E2-85F3F29DCBBF","94E3393A-0FA8-4720-B472-C57493BCE52E","BADFAB88-CB09-4B0A-A0A2-E418BA170B39"
"D5A6C704-1A3C-4593-A7E2-85F3F29DCBBF","94E3393A-0FA8-4720-B472-C57493BCE52E","E9611B3D-F1B4-4C97-832F-441016E6174D"
"187B9320-10EE-40E9-93AC-3D8527079A12","95552F52-2588-4294-83ED-CC7D33740EB5","5FC90303-D861-41B8-8512-6DD578E4714F"
"187B9320-10EE-40E9-93AC-3D8527079A12","95552F52-2588-4294-83ED-CC7D33740EB5","95E2B2B6-1B05-4852-8848-859303CAC552"
"A7843F0B-038F-4167-B7E6-AC874E7D93A4","95C216BF-7BF3-4A29-B862-A251C2EC6595","C45AF1B9-5768-4BF9-AC69-253C5A939FB8"
"A7843F0B-038F-4167-B7E6-AC874E7D93A4","95C216BF-7BF3-4A29-B862-A251C2EC6595","fca2ee54-eb60-439f-8971-47cce47245db"
"PER","962B77A58BE67904B83F55A679E25DDF715F","3f535fda-854a-4fca-8433-62a69e751a20"
"BB6C99F2-AAF3-4092-94BC-39AFC3667E55","9735C93B-8088-444D-9E08-CB67E53F686D","2E1C976F-BBE6-48B7-8A35-499554856B54"
"BB6C99F2-AAF3-4092-94BC-39AFC3667E55","9735C93B-8088-444D-9E08-CB67E53F686D","ECC3499B-6181-4485-8BC0-A5E1351B9088"
"EF38B4ED-2AFC-4349-AB3A-65B5B60AA79E","976AD02D-9494-456B-8CC7-2C7EC4ADEA1B","3D350BCE-34CB-4525-8B9F-E53E688D72F1"
"EF38B4ED-2AFC-4349-AB3A-65B5B60AA79E","976AD02D-9494-456B-8CC7-2C7EC4ADEA1B","911C3BAF-0D1C-4974-93B5-71526BBE47EA"
"5921661E-900A-46C2-A4D2-3F7C599FF8F3","979C38E7-6B30-43DC-A510-7E1E457A6000","4a011415-cc90-4cd9-9d05-c15736ca2645"
"B4A284F5-7ED7-4971-B082-66D902B229CF","97FC4DCB-9065-4BC7-9E35-E10A8C435534","099448CE-4E66-4F21-A1FE-E8447D751A37"
"B4A284F5-7ED7-4971-B082-66D902B229CF","97FC4DCB-9065-4BC7-9E35-E10A8C435534","18333F3B-B982-47E7-B975-AA0A7255143B"
"B4A284F5-7ED7-4971-B082-66D902B229CF","97FC4DCB-9065-4BC7-9E35-E10A8C435534","1FAB875A-FD5A-47A7-8B2D-0DAC67922A30"
"B4A284F5-7ED7-4971-B082-66D902B229CF","97FC4DCB-9065-4BC7-9E35-E10A8C435534","2EE71E89-1A86-4F8D-B7C9-10126D0FEB67"
"B4A284F5-7ED7-4971-B082-66D902B229CF","97FC4DCB-9065-4BC7-9E35-E10A8C435534","8B28FF3A-04C9-47B8-94D9-9FF1AE9AAEB4"
"B4A284F5-7ED7-4971-B082-66D902B229CF","97FC4DCB-9065-4BC7-9E35-E10A8C435534","FA3D3F2B-6CA6-4226-95AE-D3B760F89A2D"
"F4AF9D89-A04E-45A7-85D9-BD0BF9B61C20","97FE1821-5668-462B-AB81-5D5A89751D30","385D95C7-2BFE-485B-8573-10BF4173B032"
"F4AF9D89-A04E-45A7-85D9-BD0BF9B61C20","97FE1821-5668-462B-AB81-5D5A89751D30","CCBAE0D4-904B-49D6-A750-5D7CA0BAD8A2"
"F4AF9D89-A04E-45A7-85D9-BD0BF9B61C20","97FE1821-5668-462B-AB81-5D5A89751D30","EB3CC6FD-9F9F-4BAE-AA5C-8C3F8D80A48E"
"F4AF9D89-A04E-45A7-85D9-BD0BF9B61C20","97FE1821-5668-462B-AB81-5D5A89751D30","FCB66463-DB9D-4653-9743-AE1E4F36304A"
"2C95AED7-DCEA-4DF1-842E-B5EA7CBF6974","988FE07E-E4C5-426A-B92B-0B81C0A74396","1236b0d2-da1b-40ee-a549-86532e1469c9"
"2C95AED7-DCEA-4DF1-842E-B5EA7CBF6974","988FE07E-E4C5-426A-B92B-0B81C0A74396","1691cdfa-29ee-4484-bd9b-0717e11c3373"
"2C95AED7-DCEA-4DF1-842E-B5EA7CBF6974","988FE07E-E4C5-426A-B92B-0B81C0A74396","7cd9a278-f933-4fa4-ae93-14e1266ce07f"
"2C95AED7-DCEA-4DF1-842E-B5EA7CBF6974","988FE07E-E4C5-426A-B92B-0B81C0A74396","87682bbb-de5a-404f-a6ab-72c6b1da96d8"
"2C95AED7-DCEA-4DF1-842E-B5EA7CBF6974","988FE07E-E4C5-426A-B92B-0B81C0A74396","a0bb77dc-6447-4b1c-bb77-41e0b22bf27e"
"2C95AED7-DCEA-4DF1-842E-B5EA7CBF6974","988FE07E-E4C5-426A-B92B-0B81C0A74396","F2C5F5E6-A478-4A89-BDBE-1576F77DB9F3"
"2C95AED7-DCEA-4DF1-842E-B5EA7CBF6974","988FE07E-E4C5-426A-B92B-0B81C0A74396","f5d52d49-d609-4a2b-9bea-da2de88f7f99"
"2C5B4951-7104-4F66-820D-1828CB8894B1","9943DA63-23B4-42E3-B0E8-06862C4B8DEE","1DFAB43C-B1FE-4E05-9663-72FCD9A61D8D"
"2C5B4951-7104-4F66-820D-1828CB8894B1","9943DA63-23B4-42E3-B0E8-06862C4B8DEE","28C3158E-79C2-4F59-AEE4-F038A58389B1"
"2C5B4951-7104-4F66-820D-1828CB8894B1","9943DA63-23B4-42E3-B0E8-06862C4B8DEE","5F1D2B5C-363E-4849-B4D5-64E919FFE0B4"
"2C5B4951-7104-4F66-820D-1828CB8894B1","9943DA63-23B4-42E3-B0E8-06862C4B8DEE","66F98B33-A344-4D31-8249-E7A66D1834F1"
"2C5B4951-7104-4F66-820D-1828CB8894B1","9943DA63-23B4-42E3-B0E8-06862C4B8DEE","7DE444F8-725F-40D3-A3BE-FFCB0C502197"
"2C5B4951-7104-4F66-820D-1828CB8894B1","9943DA63-23B4-42E3-B0E8-06862C4B8DEE","8E98DE25-C444-4ABB-8ED9-FD16FBEDBFD1"
"2C5B4951-7104-4F66-820D-1828CB8894B1","9943DA63-23B4-42E3-B0E8-06862C4B8DEE","ECC02972-D04E-4908-A0C1-B6FBB607396E"
"4DC695B1-B8D7-4310-870C-90C396F34ACD","997400B9-7162-4DCA-90BE-099BD8037A89","147291D9-52B4-4A99-ABCF-BEF767D02110"
"4DC695B1-B8D7-4310-870C-90C396F34ACD","997400B9-7162-4DCA-90BE-099BD8037A89","208B4D30-DAE0-45F3-BF7D-38DBED3F983E"
"4DC695B1-B8D7-4310-870C-90C396F34ACD","997400B9-7162-4DCA-90BE-099BD8037A89","3C9F97F5-3026-4B3F-9582-14088F62DDEE"
"4DC695B1-B8D7-4310-870C-90C396F34ACD","997400B9-7162-4DCA-90BE-099BD8037A89","58E40EE6-5F9E-4ADC-9B6A-5AD750787650"
"4DC695B1-B8D7-4310-870C-90C396F34ACD","997400B9-7162-4DCA-90BE-099BD8037A89","9BA599F5-43DB-4A52-AD5E-F5DF8A14BEF6"
"4DC695B1-B8D7-4310-870C-90C396F34ACD","997400B9-7162-4DCA-90BE-099BD8037A89","A248E2AB-91BA-4A8F-AB7E-58CB32569089"
"4DC695B1-B8D7-4310-870C-90C396F34ACD","997400B9-7162-4DCA-90BE-099BD8037A89","A25E5E0B-0C32-4192-BDD6-A9FC0BD81A61"
"4DC695B1-B8D7-4310-870C-90C396F34ACD","997400B9-7162-4DCA-90BE-099BD8037A89","CD978E46-43BE-4BF7-9B1B-2F5B2B20D58B"
"4DC695B1-B8D7-4310-870C-90C396F34ACD","997400B9-7162-4DCA-90BE-099BD8037A89","CDAD6463-9576-419B-80A5-253478DA345A"
"4DC695B1-B8D7-4310-870C-90C396F34ACD","997400B9-7162-4DCA-90BE-099BD8037A89","CF9716D5-3D0D-414B-B75D-3591C58ECCDC"
"4DC695B1-B8D7-4310-870C-90C396F34ACD","997400B9-7162-4DCA-90BE-099BD8037A89","D1F86BAE-266F-4104-9964-450B9504969C"
"4DC695B1-B8D7-4310-870C-90C396F34ACD","997400B9-7162-4DCA-90BE-099BD8037A89","E30EF50C-428F-4D6E-BC24-132AD5509C04"
"73CADE12-675F-41EA-9D3C-3FCD6FFAEA73","998D8870-0D4D-465F-A82A-5220ADA2C68C","06FB0FEF-F906-4371-BC29-6BF851DAE6EB"
"73CADE12-675F-41EA-9D3C-3FCD6FFAEA73","998D8870-0D4D-465F-A82A-5220ADA2C68C","4C086438-7DA2-4011-90FA-79310E9E1515"
"73CADE12-675F-41EA-9D3C-3FCD6FFAEA73","998D8870-0D4D-465F-A82A-5220ADA2C68C","81FC292B-CE1A-4C49-B340-DD724617B358"
"8C2CF533-EB73-4EC3-9B01-62F68BDAE691","99CC3BE4-623C-48FE-ABE2-C9722400C930","0d9d1b05-6262-469d-8dd2-4b83818a44de"
"8C2CF533-EB73-4EC3-9B01-62F68BDAE691","99CC3BE4-623C-48FE-ABE2-C9722400C930","3F57115C-8F58-4C7D-BF17-D36C0315EB73"
"8C2CF533-EB73-4EC3-9B01-62F68BDAE691","99CC3BE4-623C-48FE-ABE2-C9722400C930","49F745DF-C0AA-45D8-8CEA-DA88A85E98E7"
"8C2CF533-EB73-4EC3-9B01-62F68BDAE691","99CC3BE4-623C-48FE-ABE2-C9722400C930","97D1AE50-74B4-4C6A-BC43-435C53C4D973"
"3A5839C9-3567-4C15-A952-13D3A309FA97","99DBA933-7030-4126-B5F1-A1F32079E32B","A1A89C5E-3430-42E1-8E84-4A1DD9A9356E"
"3A5839C9-3567-4C15-A952-13D3A309FA97","99DBA933-7030-4126-B5F1-A1F32079E32B","B860F205-5E63-44CF-B0BC-923273E9512F"
"56B09248-5A76-4C9C-A507-FF3EB0815BAF","99F2D9A1-478D-49E9-BF20-7F6AB3A17BD4","A4669BE7-F51A-425A-BB74-F17F083A7634"
"CD4F4767-E52D-41D1-92FF-B88A63EADCCB","99FB89D3-A3C1-4788-A385-C873732EEA04","7CA0BDBD-1102-441F-B65F-999F2CC1BE59"
"CD4F4767-E52D-41D1-92FF-B88A63EADCCB","99FB89D3-A3C1-4788-A385-C873732EEA04","B5626851-9F7F-43B2-A00B-B5D84B3B1221"
"CD4F4767-E52D-41D1-92FF-B88A63EADCCB","99FB89D3-A3C1-4788-A385-C873732EEA04","D933B3ED-75A2-4700-A94C-715E6DC721EC"
"CD4F4767-E52D-41D1-92FF-B88A63EADCCB","99FB89D3-A3C1-4788-A385-C873732EEA04","EC9473BB-86F1-42AF-AD87-42A79B127E77"
"CD4F4767-E52D-41D1-92FF-B88A63EADCCB","99FB89D3-A3C1-4788-A385-C873732EEA04","F095DC96-B635-45D3-AF02-95B9ADBF90EE"
"CD4F4767-E52D-41D1-92FF-B88A63EADCCB","99FB89D3-A3C1-4788-A385-C873732EEA04","FA476268-86E5-4CF7-8DC9-4E587C37EBB3"
"A3844BFC-4A0F-4A4C-8260-65C611E9F3EF","9A064221-763C-44F9-A313-4A85D89BEEF1","4D6B74D7-301C-4D2F-B665-B0702F38DB15"
"B58E3A1A-22BD-4882-8873-B93C873B1F21","9A15159E-731E-4637-AD37-4C815BC830E1","C5AAD481-DF7B-486B-ACDF-486F126EA995"
"9C9A8A7F-FD06-4926-8C4E-ED1AFA120B3A","9A93FC17-657F-4184-B145-3B77DBAE89FF","3CD6F7EE-D49F-4925-8E3E-B409807E015F"
"9C9A8A7F-FD06-4926-8C4E-ED1AFA120B3A","9A93FC17-657F-4184-B145-3B77DBAE89FF","D55AFF8A-3A92-4501-9916-2B50F03C0D85"
"B194A3B4-2200-4D5C-AEDF-749F22EDB13A","9AA8456E-CA8B-422E-9C3F-DBF70B18BB30","03AA6459-F9C6-4E2D-91C4-A89F0E538682"
"B194A3B4-2200-4D5C-AEDF-749F22EDB13A","9AA8456E-CA8B-422E-9C3F-DBF70B18BB30","09C3B81E-BAD4-48CC-9A57-7A64A6BC851A"
"B194A3B4-2200-4D5C-AEDF-749F22EDB13A","9AA8456E-CA8B-422E-9C3F-DBF70B18BB30","0F5ABEF8-5017-4668-8DFE-204897BFAB32"
"B194A3B4-2200-4D5C-AEDF-749F22EDB13A","9AA8456E-CA8B-422E-9C3F-DBF70B18BB30","1C69C75C-787A-4B88-96EE-F0E61FB7031F"
"B194A3B4-2200-4D5C-AEDF-749F22EDB13A","9AA8456E-CA8B-422E-9C3F-DBF70B18BB30","34E9043D-29E1-4D60-A20D-DB03183485B2"
"B194A3B4-2200-4D5C-AEDF-749F22EDB13A","9AA8456E-CA8B-422E-9C3F-DBF70B18BB30","4EADD863-4174-432B-9A94-C4105F889ECF"
"B194A3B4-2200-4D5C-AEDF-749F22EDB13A","9AA8456E-CA8B-422E-9C3F-DBF70B18BB30","59AC1FC4-3650-4A44-84F4-97BDCE02C072"
"B194A3B4-2200-4D5C-AEDF-749F22EDB13A","9AA8456E-CA8B-422E-9C3F-DBF70B18BB30","5EDAFBFA-0150-4B84-951E-74AF45D37079"
"B194A3B4-2200-4D5C-AEDF-749F22EDB13A","9AA8456E-CA8B-422E-9C3F-DBF70B18BB30","62F7E05E-C125-4DFE-A84F-E12B561E04F4"
"B194A3B4-2200-4D5C-AEDF-749F22EDB13A","9AA8456E-CA8B-422E-9C3F-DBF70B18BB30","7033783A-1C07-44BF-8235-8F5017793FCA"
"B194A3B4-2200-4D5C-AEDF-749F22EDB13A","9AA8456E-CA8B-422E-9C3F-DBF70B18BB30","733D6CDF-E302-4C9B-AA75-88E2EF47C894"
"B194A3B4-2200-4D5C-AEDF-749F22EDB13A","9AA8456E-CA8B-422E-9C3F-DBF70B18BB30","74C38750-448B-4F08-981D-7B80A6F4EB68"
"B194A3B4-2200-4D5C-AEDF-749F22EDB13A","9AA8456E-CA8B-422E-9C3F-DBF70B18BB30","8A1C7B29-568C-4017-A234-39C9AC6D4356"
"B194A3B4-2200-4D5C-AEDF-749F22EDB13A","9AA8456E-CA8B-422E-9C3F-DBF70B18BB30","8DA061E4-73CA-40AB-B65B-3BBE53CC3666"
"B194A3B4-2200-4D5C-AEDF-749F22EDB13A","9AA8456E-CA8B-422E-9C3F-DBF70B18BB30","93B2A74D-30D7-4862-93B5-A44DD51977C7"
"B194A3B4-2200-4D5C-AEDF-749F22EDB13A","9AA8456E-CA8B-422E-9C3F-DBF70B18BB30","C8CF037C-2DBA-4F14-B2BA-A9BC97CAFE2D"
"B194A3B4-2200-4D5C-AEDF-749F22EDB13A","9AA8456E-CA8B-422E-9C3F-DBF70B18BB30","E321B447-7518-410D-AF21-53A854927E61"
"B194A3B4-2200-4D5C-AEDF-749F22EDB13A","9AA8456E-CA8B-422E-9C3F-DBF70B18BB30","FD590397-603F-475B-A42F-98C89C9630DD"
"PER","9ACEF5380C9CE3D7C5B0C5C358C81F452099","1753e132-8a70-4be2-ac6c-fcb9450ea25f"
"554D0DF9-FAEA-49F4-9842-45C9E6AB3026","9B0EEBEF-E10A-4442-BD1F-3DBE707A13AD","E6BB54DF-6B46-4B7D-B17F-67EE42E2B440"
"554D0DF9-FAEA-49F4-9842-45C9E6AB3026","9B0EEBEF-E10A-4442-BD1F-3DBE707A13AD","F25EF027-E511-41DA-97D0-4D57E09C84C7"
"9F6DCE13-6D3E-4BB3-A89D-1E94B050584E","9B8E5262-A4B8-48F8-A54D-CA7538DC046C","0C2B5858-ABB0-4ABE-8CC0-7215C8DBDE82"
"AB4F1B01-77EA-46E6-9E1E-35EF086ED774","9C90F98C-32DF-4CF6-9D26-8B7DC4120386","493D6F13-96A8-414B-BCA0-696FC6BBF5DB"
"01033684-915B-4732-96FE-B1A75780F827","9D6EA417-4F09-4102-BC7D-DCC734346B28","C8CC181C-A797-4513-92E8-DBDA396242A1"
"06521063-9569-4747-92B0-31571B25EB1B","9D83162B-5B86-430F-A2C8-E730D73DF8CC","9251ffb2-b711-445c-9b2f-32307af85900"
"06521063-9569-4747-92B0-31571B25EB1B","9D83162B-5B86-430F-A2C8-E730D73DF8CC","C36CA5A4-3716-46F8-947C-354E6F049BB0"
"445A5C55-A62F-49AB-9D02-D14860F43BB6","9DB223B2-6A2C-4E86-A28E-00FC755F4280","0BD1CC6A-29AB-4566-A078-5E1721685812"
"445A5C55-A62F-49AB-9D02-D14860F43BB6","9DB223B2-6A2C-4E86-A28E-00FC755F4280","0BE44300-70A0-4972-9B80-A6A0C444890B"
"445A5C55-A62F-49AB-9D02-D14860F43BB6","9DB223B2-6A2C-4E86-A28E-00FC755F4280","23C56EB3-CD64-4025-B84E-BC92E67BE268"
"445A5C55-A62F-49AB-9D02-D14860F43BB6","9DB223B2-6A2C-4E86-A28E-00FC755F4280","8BE062D2-33FC-4510-A194-C9A37427D5C8"
"445A5C55-A62F-49AB-9D02-D14860F43BB6","9DB223B2-6A2C-4E86-A28E-00FC755F4280","A1A9C761-82CD-4966-B956-8FE34A7FE0F8"
"445A5C55-A62F-49AB-9D02-D14860F43BB6","9DB223B2-6A2C-4E86-A28E-00FC755F4280","C1D6DEF4-4927-46C3-98DD-D8FA3CC912B5"
"445A5C55-A62F-49AB-9D02-D14860F43BB6","9DB223B2-6A2C-4E86-A28E-00FC755F4280","EB21CA59-73C0-42A0-BAC9-BA91ED9D2731"
"1582AA88-E789-4C03-A1D3-630568BCFE64","9DE6E74E-C4E1-4D7D-848B-27EC734E30AC","A86ABD61-1C08-435C-A728-61D74FBFCA99"
"1582AA88-E789-4C03-A1D3-630568BCFE64","9DE6E74E-C4E1-4D7D-848B-27EC734E30AC","FD485098-FBAE-4B3F-8283-A1B93300EAD4"
"PER","9DE797DC334CCDA496FB0DA80DCD8E23070E","58c999ba-f971-49d9-9044-6ed847e7d2d8"
"77FB2A0B-42BC-44C5-B260-AD51968E6451","9E3280F0-8FD2-4019-A612-F405DA6FEEEA","8A6B495B-6F1C-4E91-8531-B70362A82990"
"25EF8E47-F83D-4E51-A740-2B5E5407D4A6","9ECCC3CC-6C47-4CA8-B121-3A91C89BA6B2","66E08198-BFCA-47CE-8EB4-BF17105A481B"
"D350E8A5-EE99-4D0D-BB4C-5741D8AF1A46","9EFCDC32-089F-4306-8F83-73B821385368","50953A5E-705F-4566-83D8-73BBD3C9BB4C"
"D350E8A5-EE99-4D0D-BB4C-5741D8AF1A46","9EFCDC32-089F-4306-8F83-73B821385368","949786C3-A6AC-4C86-B7B0-72736ED23701"
"6E74A7BF-F40F-44FD-88B8-D11FD1D9A074","9F54E660-CC74-475C-907D-7A0065D2A641","036E886F-5674-46E1-8C2C-D17A9F5037B9"
"6E74A7BF-F40F-44FD-88B8-D11FD1D9A074","9F54E660-CC74-475C-907D-7A0065D2A641","1DC25D81-CC5B-4B38-BFF9-F2B043A238B9"
"6E74A7BF-F40F-44FD-88B8-D11FD1D9A074","9F54E660-CC74-475C-907D-7A0065D2A641","23AA65AF-96E1-4B4D-AE2F-014C6C59888A"
"6E74A7BF-F40F-44FD-88B8-D11FD1D9A074","9F54E660-CC74-475C-907D-7A0065D2A641","38488D30-B01B-43FB-968B-8CDBD7A8C648"
"6E74A7BF-F40F-44FD-88B8-D11FD1D9A074","9F54E660-CC74-475C-907D-7A0065D2A641","3B28C3B3-C7FE-4EC9-97F0-05FA69ACC8EB"
"6E74A7BF-F40F-44FD-88B8-D11FD1D9A074","9F54E660-CC74-475C-907D-7A0065D2A641","4315EBDD-C294-44A0-AEED-EA75F49EDBA4"
"6E74A7BF-F40F-44FD-88B8-D11FD1D9A074","9F54E660-CC74-475C-907D-7A0065D2A641","53A1BD37-F24D-49EE-9A2B-122FD57F8282"
"6E74A7BF-F40F-44FD-88B8-D11FD1D9A074","9F54E660-CC74-475C-907D-7A0065D2A641","54B659BB-B8D1-44AF-9FC7-49F9E5D5E7A8"
"6E74A7BF-F40F-44FD-88B8-D11FD1D9A074","9F54E660-CC74-475C-907D-7A0065D2A641","65B37657-5991-4E51-99B0-768509FA31F2"
"6E74A7BF-F40F-44FD-88B8-D11FD1D9A074","9F54E660-CC74-475C-907D-7A0065D2A641","6BB0BED1-18AD-4F9B-96F1-8BA6ECD95AD4"
"6E74A7BF-F40F-44FD-88B8-D11FD1D9A074","9F54E660-CC74-475C-907D-7A0065D2A641","6E5AD2E7-B9CF-456B-97FD-78BC56661761"
"6E74A7BF-F40F-44FD-88B8-D11FD1D9A074","9F54E660-CC74-475C-907D-7A0065D2A641","797BA537-DDE1-46F6-9EC1-B37C25EE9163"
"66EF3DD0-60FB-4F59-854F-C7CB737B4B3F","676E2A19-C7AC-4206-A565-1CE2981E9ED8","92D0A0AB-0715-436B-A5C3-2F624E009AC6"
"66EF3DD0-60FB-4F59-854F-C7CB737B4B3F","676E2A19-C7AC-4206-A565-1CE2981E9ED8","B0F7E962-C9B4-40EF-A6DF-0946D1A84121"
"66EF3DD0-60FB-4F59-854F-C7CB737B4B3F","676E2A19-C7AC-4206-A565-1CE2981E9ED8","F13E5864-76CD-4132-BEDE-9BCFC74AEFFB"
"66EF3DD0-60FB-4F59-854F-C7CB737B4B3F","676E2A19-C7AC-4206-A565-1CE2981E9ED8","F2CBA863-76EA-48E2-A062-C1B1A0006ED3"
"462BACB0-1571-4746-A938-B92680D72DE6","681AD309-F404-4A7C-8186-5559679A0EC0","02347AE5-0342-4610-BDFE-B7E10C1B4533"
"462BACB0-1571-4746-A938-B92680D72DE6","681AD309-F404-4A7C-8186-5559679A0EC0","16F0F6AD-54F6-42AC-A98F-D3C0B3F78F5F"
"462BACB0-1571-4746-A938-B92680D72DE6","681AD309-F404-4A7C-8186-5559679A0EC0","18461947-C2F8-48BA-B3F1-8765496BF79C"
"462BACB0-1571-4746-A938-B92680D72DE6","681AD309-F404-4A7C-8186-5559679A0EC0","3CF89334-D8A8-4D9F-85B6-4F4DEE2B0C20"
"462BACB0-1571-4746-A938-B92680D72DE6","681AD309-F404-4A7C-8186-5559679A0EC0","3FA63C92-6621-4E9B-AFE2-A2B83124F484"
"462BACB0-1571-4746-A938-B92680D72DE6","681AD309-F404-4A7C-8186-5559679A0EC0","469EAA28-4CA6-4918-B9A3-E93D57CDCD1D"
"462BACB0-1571-4746-A938-B92680D72DE6","681AD309-F404-4A7C-8186-5559679A0EC0","67B6621D-5BF7-4607-BBD3-149E8CFB501A"
"462BACB0-1571-4746-A938-B92680D72DE6","681AD309-F404-4A7C-8186-5559679A0EC0","6FB9B360-8F89-4E5D-AEBB-75C3432CC65B"
"462BACB0-1571-4746-A938-B92680D72DE6","681AD309-F404-4A7C-8186-5559679A0EC0","8429c1b5-a0cb-4922-b04b-8880113a6aa3"
"462BACB0-1571-4746-A938-B92680D72DE6","681AD309-F404-4A7C-8186-5559679A0EC0","88D0B122-09B3-4A6D-8A44-8D1A07AB47EF"
"462BACB0-1571-4746-A938-B92680D72DE6","681AD309-F404-4A7C-8186-5559679A0EC0","906E0298-4B9F-427B-A5F6-0D2C7B8F8DD4"
"462BACB0-1571-4746-A938-B92680D72DE6","681AD309-F404-4A7C-8186-5559679A0EC0","9FB3FF5A-1F01-47A5-BF23-5ED3659EBD59"
"462BACB0-1571-4746-A938-B92680D72DE6","681AD309-F404-4A7C-8186-5559679A0EC0","A2C51367-8CF7-420B-A851-090CCBB2F379"
"462BACB0-1571-4746-A938-B92680D72DE6","681AD309-F404-4A7C-8186-5559679A0EC0","AD265B96-E5A8-4607-A980-E3532B930102"
"462BACB0-1571-4746-A938-B92680D72DE6","681AD309-F404-4A7C-8186-5559679A0EC0","ADA5F7F7-743E-4489-82A7-9522DD258A0C"
"462BACB0-1571-4746-A938-B92680D72DE6","681AD309-F404-4A7C-8186-5559679A0EC0","B1722BF9-A981-45F3-B79D-2D714EE8A1F1"
"462BACB0-1571-4746-A938-B92680D72DE6","681AD309-F404-4A7C-8186-5559679A0EC0","B8A4FF6F-A205-4AF2-ABEE-6B55CC32DD69"
"462BACB0-1571-4746-A938-B92680D72DE6","681AD309-F404-4A7C-8186-5559679A0EC0","C5B3F804-113A-411D-93DF-6831F24514D5"
"462BACB0-1571-4746-A938-B92680D72DE6","681AD309-F404-4A7C-8186-5559679A0EC0","CED0809F-87B5-45CC-AEFE-F69E70E0597D"
"E2D98E4C-B490-437C-875A-DE8BB5D4EFBF","C6579C22-FD91-4D30-A295-6AE84FB8FF4B","AEC012F5-ECA7-45A5-A03C-668B8322CC4C"
"E2D98E4C-B490-437C-875A-DE8BB5D4EFBF","C6579C22-FD91-4D30-A295-6AE84FB8FF4B","BEA4ED3A-9F4A-4B5E-B74F-12489F513D81"
"DDEF59A4-6585-424D-9348-B9BAB276652E","C694AF0D-F335-4887-8CEA-80762A119D5D","0DF329DD-2739-40AE-ABC0-04852C309EEF"
"DDEF59A4-6585-424D-9348-B9BAB276652E","C694AF0D-F335-4887-8CEA-80762A119D5D","42104156-6886-40D4-AB2B-7C4517AAD3C7"
"DDEF59A4-6585-424D-9348-B9BAB276652E","C694AF0D-F335-4887-8CEA-80762A119D5D","44D03B6A-9534-4BA8-9256-FB38349BBCE8"
"DDEF59A4-6585-424D-9348-B9BAB276652E","C694AF0D-F335-4887-8CEA-80762A119D5D","47113D26-8F6B-47EA-83EF-6E7B56D035B5"
"DDEF59A4-6585-424D-9348-B9BAB276652E","C694AF0D-F335-4887-8CEA-80762A119D5D","502294DC-A9A4-4F8E-907A-F3C6D250AFFA"
"DDEF59A4-6585-424D-9348-B9BAB276652E","C694AF0D-F335-4887-8CEA-80762A119D5D","67C49400-7B42-4C4D-87AC-C7B6C468FDF6"
"DDEF59A4-6585-424D-9348-B9BAB276652E","C694AF0D-F335-4887-8CEA-80762A119D5D","9E5EC93B-70B9-4CE1-B6EF-F0637F753AC6"
"DDEF59A4-6585-424D-9348-B9BAB276652E","C694AF0D-F335-4887-8CEA-80762A119D5D","D31D496A-58EB-41B7-B339-2D267CF8AFED"
"1BD2FFB4-AEAE-4556-9AB3-3182E4420EDC","C69EFC48-960A-4255-9A89-499E88D04910","110BC36C-F549-4606-AA9F-4EDC0A70DDAF"
"PER","C6A3437D9D279FB2727C790C872A45E6DFD8","1bcab205-f85d-4f0e-b7db-91dd589d4f6a"
"PER","C6AE0FDE0A1D313A5661D8EBD9AAAF6E2CED","f8998f55-41f4-4a84-9c51-3cb515add6a4"
"B411FD69-63F9-4EF3-AE2F-827E2C275112","C6C699BD-43B0-425E-887C-86988B9E8AE6","1C81E951-13F7-4EBE-AC4E-C504982885F0"
"B411FD69-63F9-4EF3-AE2F-827E2C275112","C6C699BD-43B0-425E-887C-86988B9E8AE6","A7981F72-CFF9-4479-8F38-455E9EBE726D"
"B411FD69-63F9-4EF3-AE2F-827E2C275112","C6C699BD-43B0-425E-887C-86988B9E8AE6","EC3B8E37-B756-4CBE-95B3-89831C9DB299"
"EECFEAFA-C7CF-4CCA-A106-BE82B4AA7895","C6E200A0-523E-48C7-ADBB-28DD9D2AD531","3A98B11C-D772-4355-86B8-C806CF51B98B"
"EECFEAFA-C7CF-4CCA-A106-BE82B4AA7895","C6E200A0-523E-48C7-ADBB-28DD9D2AD531","E4378343-E38D-4019-9DF1-B3DF485AED40"
"84EB3160-DACD-45C3-9627-4A0B196FE77D","C6FC1FF5-D31E-4E86-A177-58E19BCA3526","091D5BA9-374E-4AC2-8EB7-5BD9D580513C"
"84EB3160-DACD-45C3-9627-4A0B196FE77D","C6FC1FF5-D31E-4E86-A177-58E19BCA3526","0A16868F-13B2-4C15-9666-737BF893BF15"
"84EB3160-DACD-45C3-9627-4A0B196FE77D","C6FC1FF5-D31E-4E86-A177-58E19BCA3526","21B6BB2D-5ADE-4E3E-A89F-B937376EF42D"
"84EB3160-DACD-45C3-9627-4A0B196FE77D","C6FC1FF5-D31E-4E86-A177-58E19BCA3526","2FA73A34-2618-49D8-AF81-4C1713905783"
"84EB3160-DACD-45C3-9627-4A0B196FE77D","C6FC1FF5-D31E-4E86-A177-58E19BCA3526","340D6EE2-84FA-473B-8E4B-EB838EA8F579"
"84EB3160-DACD-45C3-9627-4A0B196FE77D","C6FC1FF5-D31E-4E86-A177-58E19BCA3526","4154A849-88AF-4A48-A123-68949EA619C8"
"84EB3160-DACD-45C3-9627-4A0B196FE77D","C6FC1FF5-D31E-4E86-A177-58E19BCA3526","44087999-6B1B-441B-A87D-43E7E017D9D9"
"84EB3160-DACD-45C3-9627-4A0B196FE77D","C6FC1FF5-D31E-4E86-A177-58E19BCA3526","55F281DA-068E-4EEC-B981-44D8FF108DF9"
"84EB3160-DACD-45C3-9627-4A0B196FE77D","C6FC1FF5-D31E-4E86-A177-58E19BCA3526","6167B754-8B49-4C55-B973-6B0B5D74851A"
"84EB3160-DACD-45C3-9627-4A0B196FE77D","C6FC1FF5-D31E-4E86-A177-58E19BCA3526","67EA8F62-2D3A-4BD2-8B7D-83DDD2CEA76E"
"84EB3160-DACD-45C3-9627-4A0B196FE77D","C6FC1FF5-D31E-4E86-A177-58E19BCA3526","6BDC32A5-73BD-4438-B305-89CA05389946"
"84EB3160-DACD-45C3-9627-4A0B196FE77D","C6FC1FF5-D31E-4E86-A177-58E19BCA3526","70814945-BC57-4490-8770-8839D3E4BE9D"
"84EB3160-DACD-45C3-9627-4A0B196FE77D","C6FC1FF5-D31E-4E86-A177-58E19BCA3526","73BE87CA-0418-4D98-AE04-9C9310C3B548"
"84EB3160-DACD-45C3-9627-4A0B196FE77D","C6FC1FF5-D31E-4E86-A177-58E19BCA3526","74A1ABEB-2110-4F9E-A7E9-29F488969BDD"
"84EB3160-DACD-45C3-9627-4A0B196FE77D","C6FC1FF5-D31E-4E86-A177-58E19BCA3526","7B4F439F-4353-42FF-B3EC-545F2A2B5E98"
"84EB3160-DACD-45C3-9627-4A0B196FE77D","C6FC1FF5-D31E-4E86-A177-58E19BCA3526","8CB06CFB-EAAB-42AF-9E0F-A8BD1FCC8B65"
"84EB3160-DACD-45C3-9627-4A0B196FE77D","C6FC1FF5-D31E-4E86-A177-58E19BCA3526","92B129E9-882F-46E5-82D3-ADC05092D415"
"84EB3160-DACD-45C3-9627-4A0B196FE77D","C6FC1FF5-D31E-4E86-A177-58E19BCA3526","9365C380-47BF-4ED6-A898-C8AC014F109C"
"84EB3160-DACD-45C3-9627-4A0B196FE77D","C6FC1FF5-D31E-4E86-A177-58E19BCA3526","A4A570D8-42B2-484D-83FB-77973CBAB0D3"
"84EB3160-DACD-45C3-9627-4A0B196FE77D","C6FC1FF5-D31E-4E86-A177-58E19BCA3526","AEB6E7B2-2EBC-402C-8768-DF94699CE7E4"
"84EB3160-DACD-45C3-9627-4A0B196FE77D","C6FC1FF5-D31E-4E86-A177-58E19BCA3526","C18F54CD-A15D-4D9E-8783-C54EF021A158"
"84EB3160-DACD-45C3-9627-4A0B196FE77D","C6FC1FF5-D31E-4E86-A177-58E19BCA3526","C39D2AED-23EB-448F-AB9B-951CE600F91B"
"84EB3160-DACD-45C3-9627-4A0B196FE77D","C6FC1FF5-D31E-4E86-A177-58E19BCA3526","C9B9B6D6-86B3-4A53-BCFB-57A589781F31"
"84EB3160-DACD-45C3-9627-4A0B196FE77D","C6FC1FF5-D31E-4E86-A177-58E19BCA3526","D486CFA0-FC3C-44F2-9562-72C1FB846DAE"
"84EB3160-DACD-45C3-9627-4A0B196FE77D","C6FC1FF5-D31E-4E86-A177-58E19BCA3526","D4992D2B-2E83-482C-A923-753FA82A3106"
"84EB3160-DACD-45C3-9627-4A0B196FE77D","C6FC1FF5-D31E-4E86-A177-58E19BCA3526","E5396485-201E-406A-8DF2-6F5AE816BB2D"
"84EB3160-DACD-45C3-9627-4A0B196FE77D","C6FC1FF5-D31E-4E86-A177-58E19BCA3526","F095A89C-869A-4818-A3A7-C3B8D3B114F9"
"84EB3160-DACD-45C3-9627-4A0B196FE77D","C6FC1FF5-D31E-4E86-A177-58E19BCA3526","F755D622-DEBA-4C4D-83E2-A7517CF774BE"
"BBCHStadium","C711984D55AABAE59889D3F65EA606746B99","282d0698-36b6-42b5-8b35-bf9f5f0aa51f"
"4B3CE42A-F8BD-4114-B8F5-C933FF07E2A7","C75D615F-BBA2-4E7B-A752-1D9E3FB1015D","0A7230DF-E4A1-4A9F-8D1D-1E0DD2B81E0E"
"618EE94B-4879-490E-8369-28EC48684038","C7805BA1-E4C2-4CC8-8BFB-6275CCDC4E94","1042DE77-919E-4158-B763-E7BEC7947E01"
"618EE94B-4879-490E-8369-28EC48684038","C7805BA1-E4C2-4CC8-8BFB-6275CCDC4E94","40F662E8-3710-467C-A033-6EA088249294"
"618EE94B-4879-490E-8369-28EC48684038","C7805BA1-E4C2-4CC8-8BFB-6275CCDC4E94","9DC3DDCB-0FC7-4E7E-89E7-E935A35B90A0"
"618EE94B-4879-490E-8369-28EC48684038","C7805BA1-E4C2-4CC8-8BFB-6275CCDC4E94","B0B81895-64CC-46B5-8F16-53F6784BF2E6"
"618EE94B-4879-490E-8369-28EC48684038","C7805BA1-E4C2-4CC8-8BFB-6275CCDC4E94","B1E0ECA9-4E5E-430D-B3AB-44ABF3940BF6"
"618EE94B-4879-490E-8369-28EC48684038","C7805BA1-E4C2-4CC8-8BFB-6275CCDC4E94","FCFE8C6D-A20D-4ED7-B9D0-EF7A151D0F80"
"E31148C9-36CA-4CEA-A990-E6A108464A0E","C7BEDA9F-5020-443D-8FD4-A3CDE927C721","4F1D6AA7-3A3E-4FF0-9676-097D39275AA9"
"E31148C9-36CA-4CEA-A990-E6A108464A0E","C7BEDA9F-5020-443D-8FD4-A3CDE927C721","CEC3F730-DF39-40C1-8A7D-0668C2380D48"
"190732F1-F6E9-48DA-95D1-7EDF9F27732E","C7CE2DDB-142F-4ECD-BCCB-380B81EF5E67","A65C613A-6941-4666-AC30-5BD12878C63F"
"190732F1-F6E9-48DA-95D1-7EDF9F27732E","C7CE2DDB-142F-4ECD-BCCB-380B81EF5E67","A903680D-6B30-4EDE-A73F-B34A2085EE62"
"PER","C80F23CADDB399FECA7EBB000D334914DD02","5e83e9f6-3393-45bd-a4c1-6f236e9c1ef0"
"BBCHStadium","C82694E1607819E4765864D108A972A13E4C","e732c041-189e-4570-a85a-b2978056d272"
"E611BE21-2F12-4A04-AD32-3DC810C442DB","C8280448-E157-4A14-9697-E08EA4A1CBD8","00C35A88-A839-4B0B-B03A-47F966211338"
"E611BE21-2F12-4A04-AD32-3DC810C442DB","C8280448-E157-4A14-9697-E08EA4A1CBD8","01651093-952D-4EE3-810D-EFEDD1E81195"
"E611BE21-2F12-4A04-AD32-3DC810C442DB","C8280448-E157-4A14-9697-E08EA4A1CBD8","01FB4705-CDD6-4398-81D7-526EAC24D0AF"
"E611BE21-2F12-4A04-AD32-3DC810C442DB","C8280448-E157-4A14-9697-E08EA4A1CBD8","0261416e-0d6f-4a40-8c38-e4c3b84e6f33"
"E611BE21-2F12-4A04-AD32-3DC810C442DB","C8280448-E157-4A14-9697-E08EA4A1CBD8","043AF0AC-2271-40AF-90CB-E44912BF9B89"
"E611BE21-2F12-4A04-AD32-3DC810C442DB","C8280448-E157-4A14-9697-E08EA4A1CBD8","047B86F6-CAA3-478A-8F7F-FC38E63C9EBB"
"E611BE21-2F12-4A04-AD32-3DC810C442DB","C8280448-E157-4A14-9697-E08EA4A1CBD8","06aa3034-8e1c-4acc-8c42-20c88a817e48"
"E611BE21-2F12-4A04-AD32-3DC810C442DB","C8280448-E157-4A14-9697-E08EA4A1CBD8","06CA039E-830B-49DF-95B9-61E23C3A6C18"
"E611BE21-2F12-4A04-AD32-3DC810C442DB","C8280448-E157-4A14-9697-E08EA4A1CBD8","070F77E2-6D58-4B29-8B97-687A63D76593"
"E611BE21-2F12-4A04-AD32-3DC810C442DB","C8280448-E157-4A14-9697-E08EA4A1CBD8","07AB7FBD-5B7C-461E-8039-F426B3410652"
"E611BE21-2F12-4A04-AD32-3DC810C442DB","C8280448-E157-4A14-9697-E08EA4A1CBD8","09AF8356-538A-4083-B216-22C923E6BA6C"
"E611BE21-2F12-4A04-AD32-3DC810C442DB","C8280448-E157-4A14-9697-E08EA4A1CBD8","0A594FFF-839C-4052-A326-3D9C4BD56A5B"
"E611BE21-2F12-4A04-AD32-3DC810C442DB","C8280448-E157-4A14-9697-E08EA4A1CBD8","0b260243-cded-40ef-bb51-28349d73d8f4"
"E611BE21-2F12-4A04-AD32-3DC810C442DB","C8280448-E157-4A14-9697-E08EA4A1CBD8","0B491BC8-506B-4379-86F4-96C6DE7EB73C"
"E611BE21-2F12-4A04-AD32-3DC810C442DB","C8280448-E157-4A14-9697-E08EA4A1CBD8","0CA2B101-AA31-4BE0-8C1A-9818B246EF1F"
"E611BE21-2F12-4A04-AD32-3DC810C442DB","C8280448-E157-4A14-9697-E08EA4A1CBD8","1229F8EF-3F35-4892-946D-6DBFF79D4E7B"
"E611BE21-2F12-4A04-AD32-3DC810C442DB","C8280448-E157-4A14-9697-E08EA4A1CBD8","12531972-A376-48F4-B821-92A21196153B"
"E611BE21-2F12-4A04-AD32-3DC810C442DB","C8280448-E157-4A14-9697-E08EA4A1CBD8","13570CCE-17C4-475D-B491-D1A8DD3DD4B3"
"E611BE21-2F12-4A04-AD32-3DC810C442DB","C8280448-E157-4A14-9697-E08EA4A1CBD8","1366010B-9AFD-4459-A9F9-5991CB198EA2"
"E611BE21-2F12-4A04-AD32-3DC810C442DB","C8280448-E157-4A14-9697-E08EA4A1CBD8","14419ce9-acd2-4e06-9fdc-e76f76a097dd"
"E611BE21-2F12-4A04-AD32-3DC810C442DB","C8280448-E157-4A14-9697-E08EA4A1CBD8","153306EB-BE5E-4CE5-832E-CEE93AB7E028"
"E611BE21-2F12-4A04-AD32-3DC810C442DB","C8280448-E157-4A14-9697-E08EA4A1CBD8","16A600D3-2925-4AC2-BED0-67489FD5ED26"
"E611BE21-2F12-4A04-AD32-3DC810C442DB","C8280448-E157-4A14-9697-E08EA4A1CBD8","181F1D90-57D2-44BA-B93D-504682B17708"
"E611BE21-2F12-4A04-AD32-3DC810C442DB","C8280448-E157-4A14-9697-E08EA4A1CBD8","183DE1B9-1160-44D5-9E36-CDB17564DA88"
"E611BE21-2F12-4A04-AD32-3DC810C442DB","C8280448-E157-4A14-9697-E08EA4A1CBD8","1884FAD6-E051-406F-8437-70049ACD29DF"
"E611BE21-2F12-4A04-AD32-3DC810C442DB","C8280448-E157-4A14-9697-E08EA4A1CBD8","1919F091-E00C-45D2-B503-F38BDB771A58"
"E611BE21-2F12-4A04-AD32-3DC810C442DB","C8280448-E157-4A14-9697-E08EA4A1CBD8","1A122B3C-15FE-4083-9B12-00046FF08F1E"
"E611BE21-2F12-4A04-AD32-3DC810C442DB","C8280448-E157-4A14-9697-E08EA4A1CBD8","1A611726-A486-48FE-8DE0-A31B45069FD0"
"E611BE21-2F12-4A04-AD32-3DC810C442DB","C8280448-E157-4A14-9697-E08EA4A1CBD8","1D25E8E7-461B-4043-897B-E38ED5FC2878"
"E611BE21-2F12-4A04-AD32-3DC810C442DB","C8280448-E157-4A14-9697-E08EA4A1CBD8","1DC70E9A-B4EE-42A0-8753-7FD1EE95B16F"
"E611BE21-2F12-4A04-AD32-3DC810C442DB","C8280448-E157-4A14-9697-E08EA4A1CBD8","1FE1D89D-DDA5-4513-A967-1C8992344ADE"
"E611BE21-2F12-4A04-AD32-3DC810C442DB","C8280448-E157-4A14-9697-E08EA4A1CBD8","205D6C93-57F9-481E-98BE-1D4B4EF5EF50"
"E611BE21-2F12-4A04-AD32-3DC810C442DB","C8280448-E157-4A14-9697-E08EA4A1CBD8","217027BD-294C-49FC-BA31-A0619DD9A5BC"
"E611BE21-2F12-4A04-AD32-3DC810C442DB","C8280448-E157-4A14-9697-E08EA4A1CBD8","21E9D643-1B37-4887-AFFC-9C9181E82464"
"E611BE21-2F12-4A04-AD32-3DC810C442DB","C8280448-E157-4A14-9697-E08EA4A1CBD8","22953f0c-1962-46c3-b451-2be15d066fe9"
"E611BE21-2F12-4A04-AD32-3DC810C442DB","C8280448-E157-4A14-9697-E08EA4A1CBD8","22F6F7A6-4EB6-4F06-B8C7-E3C918C27B45"
"E611BE21-2F12-4A04-AD32-3DC810C442DB","C8280448-E157-4A14-9697-E08EA4A1CBD8","24DAB9FF-7375-4817-A882-D3945806D9F1"
"E611BE21-2F12-4A04-AD32-3DC810C442DB","C8280448-E157-4A14-9697-E08EA4A1CBD8","2545BEDA-31C9-4449-95FC-9B1BEC626414"
"E611BE21-2F12-4A04-AD32-3DC810C442DB","C8280448-E157-4A14-9697-E08EA4A1CBD8","29FE3C3D-FB5D-4B9B-B0E6-7FD8714F01B5"
"E611BE21-2F12-4A04-AD32-3DC810C442DB","C8280448-E157-4A14-9697-E08EA4A1CBD8","2C780E6D-D877-4C34-894A-601B47ECACDF"
"E611BE21-2F12-4A04-AD32-3DC810C442DB","C8280448-E157-4A14-9697-E08EA4A1CBD8","2FF6E6DC-DE56-4FB6-A9C9-FEA732074667"
"E611BE21-2F12-4A04-AD32-3DC810C442DB","C8280448-E157-4A14-9697-E08EA4A1CBD8","320E6DB7-A00E-44EA-A6FD-569132638397"
"E611BE21-2F12-4A04-AD32-3DC810C442DB","C8280448-E157-4A14-9697-E08EA4A1CBD8","34277ce0-db93-46e9-a923-645ff850106b"
"E611BE21-2F12-4A04-AD32-3DC810C442DB","C8280448-E157-4A14-9697-E08EA4A1CBD8","35276E7C-6BDF-4F1D-93A9-3DCC2BB49C43"
"E611BE21-2F12-4A04-AD32-3DC810C442DB","C8280448-E157-4A14-9697-E08EA4A1CBD8","35916aab-1c4c-4d03-b9a8-2baaad6bb5dc"
"E611BE21-2F12-4A04-AD32-3DC810C442DB","C8280448-E157-4A14-9697-E08EA4A1CBD8","3CB82779-8320-493E-AA54-6EB81C13F94C"
"E611BE21-2F12-4A04-AD32-3DC810C442DB","C8280448-E157-4A14-9697-E08EA4A1CBD8","4431CE51-4CF8-44F2-890F-C993D055092F"
"E611BE21-2F12-4A04-AD32-3DC810C442DB","C8280448-E157-4A14-9697-E08EA4A1CBD8","44E9689C-73C8-4D3C-AEEE-61429ED0B497"
"E611BE21-2F12-4A04-AD32-3DC810C442DB","C8280448-E157-4A14-9697-E08EA4A1CBD8","4567790E-33AD-4122-BDF2-A40F9EC8A9E3"
"E611BE21-2F12-4A04-AD32-3DC810C442DB","C8280448-E157-4A14-9697-E08EA4A1CBD8","48A40199-D322-4749-BDB8-FF5BED1A9D0D"
"E611BE21-2F12-4A04-AD32-3DC810C442DB","C8280448-E157-4A14-9697-E08EA4A1CBD8","48EF9940-FFB4-4E55-9194-5FB265A1A72D"
"E611BE21-2F12-4A04-AD32-3DC810C442DB","C8280448-E157-4A14-9697-E08EA4A1CBD8","4AE144B3-34F9-4A12-8977-976C725B71E6"
"E611BE21-2F12-4A04-AD32-3DC810C442DB","C8280448-E157-4A14-9697-E08EA4A1CBD8","4B47CE0F-DAE8-4E45-B035-C4C06761DE1D"
"E611BE21-2F12-4A04-AD32-3DC810C442DB","C8280448-E157-4A14-9697-E08EA4A1CBD8","4E380D2E-0270-4364-A8C7-EFF5E06BC8EB"
"E611BE21-2F12-4A04-AD32-3DC810C442DB","C8280448-E157-4A14-9697-E08EA4A1CBD8","4F9E0788-FC48-4D62-B62E-792D36DF22B2"
"E611BE21-2F12-4A04-AD32-3DC810C442DB","C8280448-E157-4A14-9697-E08EA4A1CBD8","509CB86F-2F83-42DD-91EC-F79B0B759014"
"E611BE21-2F12-4A04-AD32-3DC810C442DB","C8280448-E157-4A14-9697-E08EA4A1CBD8","5119A936-BE5A-4E0B-A3E0-EECB4D1A0EA8"
"E611BE21-2F12-4A04-AD32-3DC810C442DB","C8280448-E157-4A14-9697-E08EA4A1CBD8","527ADB6F-E990-4440-9244-8839657170BC"
"E611BE21-2F12-4A04-AD32-3DC810C442DB","C8280448-E157-4A14-9697-E08EA4A1CBD8","535b4959-d79e-4756-9c79-416b9c8ed06d"
"E611BE21-2F12-4A04-AD32-3DC810C442DB","C8280448-E157-4A14-9697-E08EA4A1CBD8","568B3B89-75DB-44E3-B173-8458E1DDA171"
"E611BE21-2F12-4A04-AD32-3DC810C442DB","C8280448-E157-4A14-9697-E08EA4A1CBD8","56EE6FBC-716D-43FB-ACD7-DDBC7B09F7FF"
"E611BE21-2F12-4A04-AD32-3DC810C442DB","C8280448-E157-4A14-9697-E08EA4A1CBD8","5A35633A-CA4F-47D5-9D47-01CE551D35D3"
"E611BE21-2F12-4A04-AD32-3DC810C442DB","C8280448-E157-4A14-9697-E08EA4A1CBD8","5D9625E3-04AC-4D75-A0ED-0BCD61C42D00"
"E611BE21-2F12-4A04-AD32-3DC810C442DB","C8280448-E157-4A14-9697-E08EA4A1CBD8","5DC10FDC-316E-42ED-83B6-CDB76D1772D1"
"E611BE21-2F12-4A04-AD32-3DC810C442DB","C8280448-E157-4A14-9697-E08EA4A1CBD8","5DC9586C-1562-469B-AB5C-757F8409A998"
"E611BE21-2F12-4A04-AD32-3DC810C442DB","C8280448-E157-4A14-9697-E08EA4A1CBD8","5EEE8586-2316-4812-84B6-CC3A9D2112CE"
"E611BE21-2F12-4A04-AD32-3DC810C442DB","C8280448-E157-4A14-9697-E08EA4A1CBD8","5ef1eb60-890c-4344-b032-e67e08faca34"
"E611BE21-2F12-4A04-AD32-3DC810C442DB","C8280448-E157-4A14-9697-E08EA4A1CBD8","6335d5c9-4a61-4573-b532-7d21fd2775c9"
"E611BE21-2F12-4A04-AD32-3DC810C442DB","C8280448-E157-4A14-9697-E08EA4A1CBD8","635AE1DF-B6B9-49EA-92E5-1214A21A9867"
"E611BE21-2F12-4A04-AD32-3DC810C442DB","C8280448-E157-4A14-9697-E08EA4A1CBD8","63CE4A4B-11EA-46E8-8416-DD5B737C9FF1"
"E611BE21-2F12-4A04-AD32-3DC810C442DB","C8280448-E157-4A14-9697-E08EA4A1CBD8","695B7D8A-8188-4C48-828C-0DAF7203B7C6"
"E611BE21-2F12-4A04-AD32-3DC810C442DB","C8280448-E157-4A14-9697-E08EA4A1CBD8","6AE06DC1-0A94-4619-89A7-B62E4D2E9CA7"
"E611BE21-2F12-4A04-AD32-3DC810C442DB","C8280448-E157-4A14-9697-E08EA4A1CBD8","6DEE8DD6-BB96-4FDB-AFA7-4317B20DE2DF"
"E611BE21-2F12-4A04-AD32-3DC810C442DB","C8280448-E157-4A14-9697-E08EA4A1CBD8","70f66f2c-6b5c-4b44-a8cd-a5f53fab9e5f"
"E611BE21-2F12-4A04-AD32-3DC810C442DB","C8280448-E157-4A14-9697-E08EA4A1CBD8","719BC6AD-BD09-4A23-92B0-4953360A8BDF"
"E611BE21-2F12-4A04-AD32-3DC810C442DB","C8280448-E157-4A14-9697-E08EA4A1CBD8","725D030B-785A-44BC-AF96-93C54CE8B426"
"E611BE21-2F12-4A04-AD32-3DC810C442DB","C8280448-E157-4A14-9697-E08EA4A1CBD8","72FBB95C-76C3-40F6-A678-990FD3131169"
"E611BE21-2F12-4A04-AD32-3DC810C442DB","C8280448-E157-4A14-9697-E08EA4A1CBD8","734634D2-A60C-4BC7-8166-C62DF6FED65E"
"E611BE21-2F12-4A04-AD32-3DC810C442DB","C8280448-E157-4A14-9697-E08EA4A1CBD8","7364A12E-FF5C-47FE-9EA0-8009C567175C"
"E611BE21-2F12-4A04-AD32-3DC810C442DB","C8280448-E157-4A14-9697-E08EA4A1CBD8","74049B78-71B4-4749-86E7-F86ADBFF89A4"
"E611BE21-2F12-4A04-AD32-3DC810C442DB","C8280448-E157-4A14-9697-E08EA4A1CBD8","740C1BFB-B02D-4DA1-9B33-DD5AB51E3AD1"
"E611BE21-2F12-4A04-AD32-3DC810C442DB","C8280448-E157-4A14-9697-E08EA4A1CBD8","78E0C7EA-DBEB-48DF-A762-328B0E6F3F8B"
"E611BE21-2F12-4A04-AD32-3DC810C442DB","C8280448-E157-4A14-9697-E08EA4A1CBD8","79B220EA-1587-4475-A592-5D8A5C56F588"
"E611BE21-2F12-4A04-AD32-3DC810C442DB","C8280448-E157-4A14-9697-E08EA4A1CBD8","7CD854BF-1820-4B93-ADAF-806BB1B953CF"
"E611BE21-2F12-4A04-AD32-3DC810C442DB","C8280448-E157-4A14-9697-E08EA4A1CBD8","8088e3c9-dbda-43ce-bb18-a5578b52d494"
"E611BE21-2F12-4A04-AD32-3DC810C442DB","C8280448-E157-4A14-9697-E08EA4A1CBD8","84F1E9D5-2D68-413F-AF5B-2E54C653C337"
"E611BE21-2F12-4A04-AD32-3DC810C442DB","C8280448-E157-4A14-9697-E08EA4A1CBD8","8886BC75-83DD-4AB9-92CF-4F70F21BC6FE"
"E611BE21-2F12-4A04-AD32-3DC810C442DB","C8280448-E157-4A14-9697-E08EA4A1CBD8","8C767BF7-7F06-4F5F-B723-1952A5DDBE40"
"E611BE21-2F12-4A04-AD32-3DC810C442DB","C8280448-E157-4A14-9697-E08EA4A1CBD8","8F671DA9-1186-4619-915E-C8FF6B3CF23D"
"E611BE21-2F12-4A04-AD32-3DC810C442DB","C8280448-E157-4A14-9697-E08EA4A1CBD8","90AAEF91-2703-4122-803F-064FE7A0FCCB"
"E611BE21-2F12-4A04-AD32-3DC810C442DB","C8280448-E157-4A14-9697-E08EA4A1CBD8","916698EB-B421-4D33-B370-DA17EC8BC8EA"
"E611BE21-2F12-4A04-AD32-3DC810C442DB","C8280448-E157-4A14-9697-E08EA4A1CBD8","92A02A6F-C1E5-4769-93C0-0D22F13E8606"
"E611BE21-2F12-4A04-AD32-3DC810C442DB","C8280448-E157-4A14-9697-E08EA4A1CBD8","93D5D374-24D1-4761-83B4-7A3A73260ACA"
"E611BE21-2F12-4A04-AD32-3DC810C442DB","C8280448-E157-4A14-9697-E08EA4A1CBD8","94F47751-9A25-470A-810F-4F09BCF64D79"
"E611BE21-2F12-4A04-AD32-3DC810C442DB","C8280448-E157-4A14-9697-E08EA4A1CBD8","99023a8e-5a5a-42bb-9e9a-54a042fad4ea"
"E611BE21-2F12-4A04-AD32-3DC810C442DB","C8280448-E157-4A14-9697-E08EA4A1CBD8","9AF64069-0C05-4DE9-A3A0-BACBF84E248E"
"E611BE21-2F12-4A04-AD32-3DC810C442DB","C8280448-E157-4A14-9697-E08EA4A1CBD8","9BB22054-0CAC-47FD-A814-00E9EBE81BB6"
"E611BE21-2F12-4A04-AD32-3DC810C442DB","C8280448-E157-4A14-9697-E08EA4A1CBD8","9BE1F89E-8EB9-4B85-8339-0420A1927907"
"E611BE21-2F12-4A04-AD32-3DC810C442DB","C8280448-E157-4A14-9697-E08EA4A1CBD8","9CAF148E-6AFF-4DA0-8A92-0566F026018C"
"E611BE21-2F12-4A04-AD32-3DC810C442DB","C8280448-E157-4A14-9697-E08EA4A1CBD8","9EA1EF41-E783-4A61-B62B-E9825899B1EE"
"E611BE21-2F12-4A04-AD32-3DC810C442DB","C8280448-E157-4A14-9697-E08EA4A1CBD8","9f484460-dc54-423d-9bcd-c16c3f53d36c"
"E611BE21-2F12-4A04-AD32-3DC810C442DB","C8280448-E157-4A14-9697-E08EA4A1CBD8","A09014C5-46B3-4B60-805D-23CE0DE037CD"
"E611BE21-2F12-4A04-AD32-3DC810C442DB","C8280448-E157-4A14-9697-E08EA4A1CBD8","A1E53CC5-2F14-4D5C-BC07-B4F7C9AB1495"
"E611BE21-2F12-4A04-AD32-3DC810C442DB","C8280448-E157-4A14-9697-E08EA4A1CBD8","A3C5B7E1-F60C-4F3F-8C24-D24252520DE9"
"E611BE21-2F12-4A04-AD32-3DC810C442DB","C8280448-E157-4A14-9697-E08EA4A1CBD8","a3e4cff2-cf84-49e9-a102-e7a00ff3f39f"
"E611BE21-2F12-4A04-AD32-3DC810C442DB","C8280448-E157-4A14-9697-E08EA4A1CBD8","A86ABD61-1C08-435C-A728-61D74FBFCA99"
"E611BE21-2F12-4A04-AD32-3DC810C442DB","C8280448-E157-4A14-9697-E08EA4A1CBD8","A918183C-157C-46D7-972C-6AC7F84F8165"
"E611BE21-2F12-4A04-AD32-3DC810C442DB","C8280448-E157-4A14-9697-E08EA4A1CBD8","A9AE81B1-1AC7-465D-84C4-563F3A9C4BAE"
"E611BE21-2F12-4A04-AD32-3DC810C442DB","C8280448-E157-4A14-9697-E08EA4A1CBD8","AA028A6C-3C25-460C-AD4F-7FE0C336A996"
"E611BE21-2F12-4A04-AD32-3DC810C442DB","C8280448-E157-4A14-9697-E08EA4A1CBD8","AAB41FFD-0661-452A-A829-03FF26B6FCD7"
"E611BE21-2F12-4A04-AD32-3DC810C442DB","C8280448-E157-4A14-9697-E08EA4A1CBD8","AC355199-7DFE-45D7-B305-CAE0467CFDFA"
"E611BE21-2F12-4A04-AD32-3DC810C442DB","C8280448-E157-4A14-9697-E08EA4A1CBD8","AE305235-C947-45E7-AA0B-6EE584B4C22C"
"E611BE21-2F12-4A04-AD32-3DC810C442DB","C8280448-E157-4A14-9697-E08EA4A1CBD8","AE603A94-A3A9-42DE-9BE7-FC051D710067"
"E611BE21-2F12-4A04-AD32-3DC810C442DB","C8280448-E157-4A14-9697-E08EA4A1CBD8","AE93477D-2FC3-4D56-8E96-02E57DB95B71"
"E611BE21-2F12-4A04-AD32-3DC810C442DB","C8280448-E157-4A14-9697-E08EA4A1CBD8","AEB70031-9679-42DC-8766-9BC2EC1DDC32"
"E611BE21-2F12-4A04-AD32-3DC810C442DB","C8280448-E157-4A14-9697-E08EA4A1CBD8","AEC012F5-ECA7-45A5-A03C-668B8322CC4C"
"E611BE21-2F12-4A04-AD32-3DC810C442DB","C8280448-E157-4A14-9697-E08EA4A1CBD8","AF6E077C-6CC0-437C-9816-06B271667B9C"
"E611BE21-2F12-4A04-AD32-3DC810C442DB","C8280448-E157-4A14-9697-E08EA4A1CBD8","B25F440A-049A-4B49-8258-1D002E65648F"
"E611BE21-2F12-4A04-AD32-3DC810C442DB","C8280448-E157-4A14-9697-E08EA4A1CBD8","B361B02A-9397-4F30-AA15-1F8794C09E8F"
"E611BE21-2F12-4A04-AD32-3DC810C442DB","C8280448-E157-4A14-9697-E08EA4A1CBD8","B4659A78-C310-48FB-8CCF-44C58B285917"
"E611BE21-2F12-4A04-AD32-3DC810C442DB","C8280448-E157-4A14-9697-E08EA4A1CBD8","B4B52314-DEB0-4450-9696-010ED087C7DB"
"E611BE21-2F12-4A04-AD32-3DC810C442DB","C8280448-E157-4A14-9697-E08EA4A1CBD8","B777D08C-EA41-4153-87AE-57CC67448465"
"E611BE21-2F12-4A04-AD32-3DC810C442DB","C8280448-E157-4A14-9697-E08EA4A1CBD8","B89C54DC-D750-4DE1-ADE9-02747C68FD5D"
"E611BE21-2F12-4A04-AD32-3DC810C442DB","C8280448-E157-4A14-9697-E08EA4A1CBD8","b8ffc50e-83ab-4629-b2d3-31fea079593c"
"E611BE21-2F12-4A04-AD32-3DC810C442DB","C8280448-E157-4A14-9697-E08EA4A1CBD8","B907D7B2-5143-4DA9-A5D1-B3127356D16E"
"E611BE21-2F12-4A04-AD32-3DC810C442DB","C8280448-E157-4A14-9697-E08EA4A1CBD8","BA358ABE-1B59-46D0-BC59-A1D8C3A98812"
"E611BE21-2F12-4A04-AD32-3DC810C442DB","C8280448-E157-4A14-9697-E08EA4A1CBD8","BC1D77D1-4D85-47FB-8A45-FB813874668D"
"E611BE21-2F12-4A04-AD32-3DC810C442DB","C8280448-E157-4A14-9697-E08EA4A1CBD8","BD460161-D823-4E2F-AA2C-FD777C705A1C"
"E611BE21-2F12-4A04-AD32-3DC810C442DB","C8280448-E157-4A14-9697-E08EA4A1CBD8","BEA4ED3A-9F4A-4B5E-B74F-12489F513D81"
"E611BE21-2F12-4A04-AD32-3DC810C442DB","C8280448-E157-4A14-9697-E08EA4A1CBD8","C04A28EB-6DE4-4E3B-9EA6-BF1D6AE1C448"
"E611BE21-2F12-4A04-AD32-3DC810C442DB","C8280448-E157-4A14-9697-E08EA4A1CBD8","C283CCB8-5F86-41EE-868F-4CA81218DF07"
"E611BE21-2F12-4A04-AD32-3DC810C442DB","C8280448-E157-4A14-9697-E08EA4A1CBD8","C503ED1D-4796-4864-96FA-5E089C269B04"
"E611BE21-2F12-4A04-AD32-3DC810C442DB","C8280448-E157-4A14-9697-E08EA4A1CBD8","C52D9CE0-1F7F-4778-A0E6-4CD43349F510"
"E611BE21-2F12-4A04-AD32-3DC810C442DB","C8280448-E157-4A14-9697-E08EA4A1CBD8","C7A93E17-CC0B-421C-8D93-9491858116D0"
"E611BE21-2F12-4A04-AD32-3DC810C442DB","C8280448-E157-4A14-9697-E08EA4A1CBD8","CA5E9AE1-72B1-4A88-AD3F-7191446DD2F7"
"E611BE21-2F12-4A04-AD32-3DC810C442DB","C8280448-E157-4A14-9697-E08EA4A1CBD8","CBE42E90-E80F-4ADE-82A4-04AC8F965FAA"
"E611BE21-2F12-4A04-AD32-3DC810C442DB","C8280448-E157-4A14-9697-E08EA4A1CBD8","CE2B00EE-9A33-455E-A021-A3F4A72882DE"
"E611BE21-2F12-4A04-AD32-3DC810C442DB","C8280448-E157-4A14-9697-E08EA4A1CBD8","D41A20E6-033F-4C3C-868C-9756AA305390"
"E611BE21-2F12-4A04-AD32-3DC810C442DB","C8280448-E157-4A14-9697-E08EA4A1CBD8","D467A86D-94A2-4EA3-9389-5383DAC6F3AD"
"E611BE21-2F12-4A04-AD32-3DC810C442DB","C8280448-E157-4A14-9697-E08EA4A1CBD8","D7E7AA92-672D-4F91-BAB0-37E971BE5730"
"E611BE21-2F12-4A04-AD32-3DC810C442DB","C8280448-E157-4A14-9697-E08EA4A1CBD8","D7EC6191-08E5-48B4-B033-B7AC8492F290"
"E611BE21-2F12-4A04-AD32-3DC810C442DB","C8280448-E157-4A14-9697-E08EA4A1CBD8","D85F51F5-A155-4905-A660-0A457A95AEDD"
"E611BE21-2F12-4A04-AD32-3DC810C442DB","C8280448-E157-4A14-9697-E08EA4A1CBD8","DA4EDFF4-CC9A-46F3-96B1-058704120D47"
"E611BE21-2F12-4A04-AD32-3DC810C442DB","C8280448-E157-4A14-9697-E08EA4A1CBD8","DB10D109-417D-463C-AF9C-C857E52E956E"
"E611BE21-2F12-4A04-AD32-3DC810C442DB","C8280448-E157-4A14-9697-E08EA4A1CBD8","DB684060-9DD5-41D6-95AB-046F54294946"
"E611BE21-2F12-4A04-AD32-3DC810C442DB","C8280448-E157-4A14-9697-E08EA4A1CBD8","db698db1-04cc-4bfe-82cc-e4d9ebe27ca0"
"E611BE21-2F12-4A04-AD32-3DC810C442DB","C8280448-E157-4A14-9697-E08EA4A1CBD8","DE7D6FF1-35EC-4B8E-82B2-D26690AB0EF6"
"E611BE21-2F12-4A04-AD32-3DC810C442DB","C8280448-E157-4A14-9697-E08EA4A1CBD8","E17F1663-F24E-408F-B6DE-41B1FE45B42B"
"E611BE21-2F12-4A04-AD32-3DC810C442DB","C8280448-E157-4A14-9697-E08EA4A1CBD8","E29151E6-5E83-4E4F-A47D-4B519B9AAAEB"
"E611BE21-2F12-4A04-AD32-3DC810C442DB","C8280448-E157-4A14-9697-E08EA4A1CBD8","E438D687-8C38-4014-9412-F644F944F859"
"E611BE21-2F12-4A04-AD32-3DC810C442DB","C8280448-E157-4A14-9697-E08EA4A1CBD8","e5ef53c0-74e2-4f0d-bc81-77e051927dd4"
"E611BE21-2F12-4A04-AD32-3DC810C442DB","C8280448-E157-4A14-9697-E08EA4A1CBD8","EA846DA1-0045-4488-9F5D-8F501C083539"
"E611BE21-2F12-4A04-AD32-3DC810C442DB","C8280448-E157-4A14-9697-E08EA4A1CBD8","ED9DCE34-71B0-44AE-8EA9-4F2BCCA60A54"
"E611BE21-2F12-4A04-AD32-3DC810C442DB","C8280448-E157-4A14-9697-E08EA4A1CBD8","EEA44122-687F-42C1-AD65-D7331700217D"
"E611BE21-2F12-4A04-AD32-3DC810C442DB","C8280448-E157-4A14-9697-E08EA4A1CBD8","F0DBDB2D-F281-4E93-9300-ECBE05C10767"
"E611BE21-2F12-4A04-AD32-3DC810C442DB","C8280448-E157-4A14-9697-E08EA4A1CBD8","F0EE3BC2-D17A-4882-A3E0-EECCF277DEAE"
"E611BE21-2F12-4A04-AD32-3DC810C442DB","C8280448-E157-4A14-9697-E08EA4A1CBD8","F7AC05C6-4D73-4321-9EEE-35B5DFAC7F90"
"E611BE21-2F12-4A04-AD32-3DC810C442DB","C8280448-E157-4A14-9697-E08EA4A1CBD8","F87BECC1-383C-4ADE-9CB5-7124CB4F5778"
"E611BE21-2F12-4A04-AD32-3DC810C442DB","C8280448-E157-4A14-9697-E08EA4A1CBD8","F8AA8435-88D9-4355-94FA-3915FC444989"
"E611BE21-2F12-4A04-AD32-3DC810C442DB","C8280448-E157-4A14-9697-E08EA4A1CBD8","F9529396-9F3E-4AF0-991E-4A057E71E91D"
"E611BE21-2F12-4A04-AD32-3DC810C442DB","C8280448-E157-4A14-9697-E08EA4A1CBD8","F98351A1-0F6A-4D13-9719-9B4A664E6EB3"
"E611BE21-2F12-4A04-AD32-3DC810C442DB","C8280448-E157-4A14-9697-E08EA4A1CBD8","FA0E6582-E56D-4441-A63E-B888B74473FC"
"E611BE21-2F12-4A04-AD32-3DC810C442DB","C8280448-E157-4A14-9697-E08EA4A1CBD8","FCDC008D-CF78-43D1-81FF-4B4BCA2A4BDB"
"E611BE21-2F12-4A04-AD32-3DC810C442DB","C8280448-E157-4A14-9697-E08EA4A1CBD8","FD485098-FBAE-4B3F-8283-A1B93300EAD4"
"E611BE21-2F12-4A04-AD32-3DC810C442DB","C8280448-E157-4A14-9697-E08EA4A1CBD8","feb75b9e-7fe7-4cc6-8404-c486ac925648"
"659D96E3-1849-4D5B-9758-761077D58623","C86355A6-146D-4BA4-A133-0C5C806D11F3","AF66B59D-54D0-45EE-9BC2-EF776CD0C544"
"659D96E3-1849-4D5B-9758-761077D58623","C86355A6-146D-4BA4-A133-0C5C806D11F3","E70F4F09-F667-4C2F-A3BC-D30E92AEE92D"
"3B0C6485-80B4-448A-8C4F-D3F8533C85E0","C8C9EEE2-E745-46F4-B213-FAA09D341ADF","000B3CDB-E670-4C10-89AD-748451EA394C"
"3B0C6485-80B4-448A-8C4F-D3F8533C85E0","C8C9EEE2-E745-46F4-B213-FAA09D341ADF","02F15194-EFB6-443F-9FAD-0293AF446F3B"
"3B0C6485-80B4-448A-8C4F-D3F8533C85E0","C8C9EEE2-E745-46F4-B213-FAA09D341ADF","05CF6ED0-74F0-4053-96B3-315F22C81477"
"3B0C6485-80B4-448A-8C4F-D3F8533C85E0","C8C9EEE2-E745-46F4-B213-FAA09D341ADF","0F06A88B-83B7-4BBE-9569-12AE4A19BCF8"
"3B0C6485-80B4-448A-8C4F-D3F8533C85E0","C8C9EEE2-E745-46F4-B213-FAA09D341ADF","18CC1B89-3367-4340-B955-D89F0A7C8812"
"3B0C6485-80B4-448A-8C4F-D3F8533C85E0","C8C9EEE2-E745-46F4-B213-FAA09D341ADF","1AC256D3-D118-4A15-A42A-339F859684CF"
"3B0C6485-80B4-448A-8C4F-D3F8533C85E0","C8C9EEE2-E745-46F4-B213-FAA09D341ADF","1F605084-7539-49B5-8228-4368233F84F3"
"3B0C6485-80B4-448A-8C4F-D3F8533C85E0","C8C9EEE2-E745-46F4-B213-FAA09D341ADF","202399C5-6D10-4931-9E0D-2F1BADBBA4B0"
"3B0C6485-80B4-448A-8C4F-D3F8533C85E0","C8C9EEE2-E745-46F4-B213-FAA09D341ADF","22413D93-6A78-4CFA-A38A-4B3ACF9347B1"
"3B0C6485-80B4-448A-8C4F-D3F8533C85E0","C8C9EEE2-E745-46F4-B213-FAA09D341ADF","3cb87d65-d74e-417e-b09e-dbd0cbf75e53"
"3B0C6485-80B4-448A-8C4F-D3F8533C85E0","C8C9EEE2-E745-46F4-B213-FAA09D341ADF","4BAEE111-C74A-4E93-8710-495A4AD9A78C"
"3B0C6485-80B4-448A-8C4F-D3F8533C85E0","C8C9EEE2-E745-46F4-B213-FAA09D341ADF","501C629B-7CCA-41FE-9162-3FD23F4AEE47"
"3B0C6485-80B4-448A-8C4F-D3F8533C85E0","C8C9EEE2-E745-46F4-B213-FAA09D341ADF","50DE7495-C7CF-4AE6-AED2-E0B5AAD30703"
"3B0C6485-80B4-448A-8C4F-D3F8533C85E0","C8C9EEE2-E745-46F4-B213-FAA09D341ADF","55920698-0A2C-4CF7-8DCC-1E2732D1C388"
"3B0C6485-80B4-448A-8C4F-D3F8533C85E0","C8C9EEE2-E745-46F4-B213-FAA09D341ADF","5B5BDF0A-B784-4D62-B765-37D3A058A551"
"3B0C6485-80B4-448A-8C4F-D3F8533C85E0","C8C9EEE2-E745-46F4-B213-FAA09D341ADF","70EECE0D-B441-4CC8-A409-6932F97B738D"
"3B0C6485-80B4-448A-8C4F-D3F8533C85E0","C8C9EEE2-E745-46F4-B213-FAA09D341ADF","730FB8D9-7A9B-43FD-8D0F-B524425DEC97"
"3B0C6485-80B4-448A-8C4F-D3F8533C85E0","C8C9EEE2-E745-46F4-B213-FAA09D341ADF","79FEEF64-D1F4-4601-B0C8-8DD32B6D57B7"
"3B0C6485-80B4-448A-8C4F-D3F8533C85E0","C8C9EEE2-E745-46F4-B213-FAA09D341ADF","7EC1B092-74E7-4D5F-8C2D-1D8171BB1947"
"3B0C6485-80B4-448A-8C4F-D3F8533C85E0","C8C9EEE2-E745-46F4-B213-FAA09D341ADF","8062023F-9221-462C-8B74-B4C69648C354"
"3B0C6485-80B4-448A-8C4F-D3F8533C85E0","C8C9EEE2-E745-46F4-B213-FAA09D341ADF","8d2a5e48-c90d-473d-b292-412757668753"
"3B0C6485-80B4-448A-8C4F-D3F8533C85E0","C8C9EEE2-E745-46F4-B213-FAA09D341ADF","8d8bfad9-882f-44be-b5b6-d3ad6a27d23f"
"3B0C6485-80B4-448A-8C4F-D3F8533C85E0","C8C9EEE2-E745-46F4-B213-FAA09D341ADF","9245AEC0-5206-4B06-9635-E9C1ED98CB8F"
"3B0C6485-80B4-448A-8C4F-D3F8533C85E0","C8C9EEE2-E745-46F4-B213-FAA09D341ADF","9CE3ECAF-CF9A-4720-8FAA-3C4BCF51014E"
"3B0C6485-80B4-448A-8C4F-D3F8533C85E0","C8C9EEE2-E745-46F4-B213-FAA09D341ADF","a0938918-0d27-4955-a32c-d3db067e86b9"
"3B0C6485-80B4-448A-8C4F-D3F8533C85E0","C8C9EEE2-E745-46F4-B213-FAA09D341ADF","AB164573-93A5-44C7-9FDC-1CF914DBFF16"
"3B0C6485-80B4-448A-8C4F-D3F8533C85E0","C8C9EEE2-E745-46F4-B213-FAA09D341ADF","b5d2f830-f327-4abd-9858-5cb4e4a58bcf"
"3B0C6485-80B4-448A-8C4F-D3F8533C85E0","C8C9EEE2-E745-46F4-B213-FAA09D341ADF","BA4EB1D4-2A60-4349-B7D3-584D71BE0674"
"3B0C6485-80B4-448A-8C4F-D3F8533C85E0","C8C9EEE2-E745-46F4-B213-FAA09D341ADF","c14f2469-764a-4a61-8fcb-ddeee276551e"
"3B0C6485-80B4-448A-8C4F-D3F8533C85E0","C8C9EEE2-E745-46F4-B213-FAA09D341ADF","CA42CA35-CA19-4974-B1F9-508FB459C4BB"
"3B0C6485-80B4-448A-8C4F-D3F8533C85E0","C8C9EEE2-E745-46F4-B213-FAA09D341ADF","CA853F95-AFCD-401E-879B-884E2C4A1ACC"
"3B0C6485-80B4-448A-8C4F-D3F8533C85E0","C8C9EEE2-E745-46F4-B213-FAA09D341ADF","D41FB278-DBFE-41AB-A0F1-993C98BA7620"
"3B0C6485-80B4-448A-8C4F-D3F8533C85E0","C8C9EEE2-E745-46F4-B213-FAA09D341ADF","D792AF98-5F5F-48BE-B3CF-0B703A1A3136"
